m,run,item,value_player0,value_player1,value_player2,value_player3,value_player4,rr_allocation,astar_allocation,rr_player_order,value_range
10,0,0,62,53,112,88,40,2,2,"[1, 3, 0, 2, 4]",40-120
10,0,1,29,11,46,24,11,4,2,"[1, 3, 0, 2, 4]",10-50
10,0,2,31,47,47,27,42,2,2,"[1, 3, 0, 2, 4]",10-50
10,0,3,284,191,333,180,325,3,4,"[1, 3, 0, 2, 4]",150-400
10,0,4,111,140,102,152,183,4,1,"[1, 3, 0, 2, 4]",100-200
10,0,5,119,107,147,159,152,0,3,"[1, 3, 0, 2, 4]",100-200
10,0,6,72,82,88,107,103,3,3,"[1, 3, 0, 2, 4]",40-120
10,0,7,47,30,45,20,14,0,2,"[1, 3, 0, 2, 4]",10-50
10,0,8,78,103,109,104,115,1,1,"[1, 3, 0, 2, 4]",40-120
10,0,9,394,324,260,365,169,1,0,"[1, 3, 0, 2, 4]",150-400
10,1,0,184,166,397,221,155,1,2,"[4, 1, 3, 0, 2]",150-400
10,1,1,163,139,122,130,141,0,1,"[4, 1, 3, 0, 2]",100-200
10,1,2,47,29,34,38,50,3,4,"[4, 1, 3, 0, 2]",10-50
10,1,3,33,40,29,35,12,0,1,"[4, 1, 3, 0, 2]",10-50
10,1,4,162,112,176,182,164,3,4,"[4, 1, 3, 0, 2]",100-200
10,1,5,90,84,55,119,86,4,3,"[4, 1, 3, 0, 2]",40-120
10,1,6,42,54,64,80,48,1,3,"[4, 1, 3, 0, 2]",40-120
10,1,7,379,161,398,264,240,4,0,"[4, 1, 3, 0, 2]",150-400
10,1,8,26,12,43,21,46,2,4,"[4, 1, 3, 0, 2]",10-50
10,1,9,103,83,67,99,54,2,3,"[4, 1, 3, 0, 2]",40-120
10,2,0,335,315,318,212,240,2,0,"[4, 2, 0, 1, 3]",150-400
10,2,1,181,179,119,191,144,0,3,"[4, 2, 0, 1, 3]",100-200
10,2,2,312,389,250,336,326,4,1,"[4, 2, 0, 1, 3]",150-400
10,2,3,72,40,94,120,47,3,3,"[4, 2, 0, 1, 3]",40-120
10,2,4,22,19,47,13,42,3,2,"[4, 2, 0, 1, 3]",10-50
10,2,5,27,38,10,26,28,0,4,"[4, 2, 0, 1, 3]",10-50
10,2,6,56,52,55,113,111,2,4,"[4, 2, 0, 1, 3]",40-120
10,2,7,21,29,20,39,33,1,4,"[4, 2, 0, 1, 3]",10-50
10,2,8,65,57,97,96,120,4,4,"[4, 2, 0, 1, 3]",40-120
10,2,9,150,190,182,107,112,1,2,"[4, 2, 0, 1, 3]",100-200
10,3,0,272,188,252,300,175,3,0,"[2, 3, 4, 0, 1]",150-400
10,3,1,40,42,79,77,55,2,3,"[2, 3, 4, 0, 1]",40-120
10,3,2,139,193,178,156,144,0,1,"[2, 3, 4, 0, 1]",100-200
10,3,3,43,30,15,21,19,0,0,"[2, 3, 4, 0, 1]",10-50
10,3,4,48,52,50,102,49,3,3,"[2, 3, 4, 0, 1]",40-120
10,3,5,371,259,379,220,347,2,4,"[2, 3, 4, 0, 1]",150-400
10,3,6,22,50,35,38,15,1,1,"[2, 3, 4, 0, 1]",10-50
10,3,7,115,196,182,187,152,4,2,"[2, 3, 4, 0, 1]",100-200
10,3,8,29,11,19,45,34,4,3,"[2, 3, 4, 0, 1]",10-50
10,3,9,51,105,117,52,81,1,2,"[2, 3, 4, 0, 1]",40-120
10,4,0,12,44,19,21,16,4,1,"[1, 0, 2, 3, 4]",10-50
10,4,1,299,358,242,229,375,1,4,"[1, 0, 2, 3, 4]",150-400
10,4,2,106,57,71,73,64,0,0,"[1, 0, 2, 3, 4]",40-120
10,4,3,32,36,28,33,25,3,1,"[1, 0, 2, 3, 4]",10-50
10,4,4,113,51,70,74,73,4,0,"[1, 0, 2, 3, 4]",40-120
10,4,5,78,79,73,46,62,1,2,"[1, 0, 2, 3, 4]",40-120
10,4,6,157,146,173,155,181,2,2,"[1, 0, 2, 3, 4]",100-200
10,4,7,39,15,36,19,28,2,0,"[1, 0, 2, 3, 4]",10-50
10,4,8,123,177,111,146,175,3,1,"[1, 0, 2, 3, 4]",100-200
10,4,9,343,172,199,284,300,0,3,"[1, 0, 2, 3, 4]",150-400
10,5,0,81,51,58,101,58,1,3,"[2, 1, 0, 3, 4]",40-120
10,5,1,49,111,80,96,74,4,1,"[2, 1, 0, 3, 4]",40-120
10,5,2,312,200,264,173,183,1,0,"[2, 1, 0, 3, 4]",150-400
10,5,3,37,48,13,18,48,0,1,"[2, 1, 0, 3, 4]",10-50
10,5,4,181,107,176,167,191,0,4,"[2, 1, 0, 3, 4]",100-200
10,5,5,92,66,116,117,65,2,3,"[2, 1, 0, 3, 4]",40-120
10,5,6,24,39,38,27,47,4,1,"[2, 1, 0, 3, 4]",10-50
10,5,7,18,38,44,33,28,3,1,"[2, 1, 0, 3, 4]",10-50
10,5,8,163,126,117,144,198,3,4,"[2, 1, 0, 3, 4]",100-200
10,5,9,375,256,352,317,199,2,2,"[2, 1, 0, 3, 4]",150-400
10,6,0,232,150,218,255,195,4,3,"[4, 2, 3, 0, 1]",150-400
10,6,1,158,116,138,120,140,0,0,"[4, 2, 3, 0, 1]",100-200
10,6,2,309,156,391,388,162,2,2,"[4, 2, 3, 0, 1]",150-400
10,6,3,23,32,20,15,15,0,1,"[4, 2, 3, 0, 1]",10-50
10,6,4,188,174,138,136,145,3,0,"[4, 2, 3, 0, 1]",100-200
10,6,5,118,115,110,59,99,2,1,"[4, 2, 3, 0, 1]",40-120
10,6,6,108,114,61,45,117,4,4,"[4, 2, 3, 0, 1]",40-120
10,6,7,32,35,44,43,41,3,4,"[4, 2, 3, 0, 1]",10-50
10,6,8,17,35,50,41,40,1,4,"[4, 2, 3, 0, 1]",10-50
10,6,9,66,116,119,63,91,1,1,"[4, 2, 3, 0, 1]",40-120
10,7,0,21,23,44,25,17,2,2,"[1, 3, 0, 4, 2]",10-50
10,7,1,183,111,195,112,115,0,2,"[1, 3, 0, 4, 2]",100-200
10,7,2,42,80,101,81,119,1,4,"[1, 3, 0, 4, 2]",40-120
10,7,3,105,78,112,55,115,2,0,"[1, 3, 0, 4, 2]",40-120
10,7,4,142,145,168,168,158,4,4,"[1, 3, 0, 4, 2]",100-200
10,7,5,36,21,24,42,31,4,0,"[1, 3, 0, 4, 2]",10-50
10,7,6,185,243,312,330,167,3,3,"[1, 3, 0, 4, 2]",150-400
10,7,7,49,42,19,23,11,0,0,"[1, 3, 0, 4, 2]",10-50
10,7,8,169,296,222,223,287,1,1,"[1, 3, 0, 4, 2]",150-400
10,7,9,120,55,57,109,66,3,0,"[1, 3, 0, 4, 2]",40-120
10,8,0,28,35,12,48,16,3,3,"[0, 2, 4, 3, 1]",10-50
10,8,1,100,73,60,82,45,2,0,"[0, 2, 4, 3, 1]",40-120
10,8,2,113,118,80,52,58,1,0,"[0, 2, 4, 3, 1]",40-120
10,8,3,12,28,20,44,34,1,3,"[0, 2, 4, 3, 1]",10-50
10,8,4,108,52,52,80,86,0,0,"[0, 2, 4, 3, 1]",40-120
10,8,5,190,120,188,136,167,4,2,"[0, 2, 4, 3, 1]",100-200
10,8,6,369,350,291,229,181,0,1,"[0, 2, 4, 3, 1]",150-400
10,8,7,236,182,212,240,279,2,4,"[0, 2, 4, 3, 1]",150-400
10,8,8,188,106,107,183,122,3,3,"[0, 2, 4, 3, 1]",100-200
10,8,9,10,10,47,20,39,4,2,"[0, 2, 4, 3, 1]",10-50
10,9,0,100,137,175,131,135,1,2,"[4, 0, 3, 1, 2]",100-200
10,9,1,45,15,35,14,44,1,4,"[4, 0, 3, 1, 2]",10-50
10,9,2,12,25,20,50,38,3,3,"[4, 0, 3, 1, 2]",10-50
10,9,3,101,67,97,113,60,0,3,"[4, 0, 3, 1, 2]",40-120
10,9,4,229,324,291,358,269,0,1,"[4, 0, 3, 1, 2]",150-400
10,9,5,100,150,169,182,154,3,3,"[4, 0, 3, 1, 2]",100-200
10,9,6,26,11,45,10,24,2,2,"[4, 0, 3, 1, 2]",10-50
10,9,7,282,175,296,249,270,4,0,"[4, 0, 3, 1, 2]",150-400
10,9,8,89,80,83,106,91,4,4,"[4, 0, 3, 1, 2]",40-120
10,9,9,106,75,115,65,105,2,4,"[4, 0, 3, 1, 2]",40-120
10,10,0,163,156,366,256,168,3,2,"[3, 1, 0, 2, 4]",150-400
10,10,1,177,148,179,135,194,2,3,"[3, 1, 0, 2, 4]",100-200
10,10,2,57,64,114,85,88,3,3,"[3, 1, 0, 2, 4]",40-120
10,10,3,28,46,42,32,27,2,1,"[3, 1, 0, 2, 4]",10-50
10,10,4,53,59,72,50,54,1,0,"[3, 1, 0, 2, 4]",40-120
10,10,5,180,106,119,133,172,0,0,"[3, 1, 0, 2, 4]",100-200
10,10,6,27,33,34,29,18,4,1,"[3, 1, 0, 2, 4]",10-50
10,10,7,33,50,27,27,17,0,1,"[3, 1, 0, 2, 4]",10-50
10,10,8,68,94,67,72,118,4,1,"[3, 1, 0, 2, 4]",40-120
10,10,9,257,312,265,234,392,1,4,"[3, 1, 0, 2, 4]",150-400
10,11,0,82,47,78,97,93,0,3,"[0, 4, 3, 2, 1]",40-120
10,11,1,33,44,35,33,44,1,1,"[0, 4, 3, 2, 1]",10-50
10,11,2,27,27,19,46,20,3,3,"[0, 4, 3, 2, 1]",10-50
10,11,3,113,179,100,162,130,3,1,"[0, 4, 3, 2, 1]",100-200
10,11,4,283,196,231,378,244,4,0,"[0, 4, 3, 2, 1]",150-400
10,11,5,47,59,114,72,65,4,2,"[0, 4, 3, 2, 1]",40-120
10,11,6,109,127,155,138,109,2,2,"[0, 4, 3, 2, 1]",100-200
10,11,7,55,93,95,88,50,1,3,"[0, 4, 3, 2, 1]",40-120
10,11,8,285,277,384,262,342,0,4,"[0, 4, 3, 2, 1]",150-400
10,11,9,13,43,43,22,18,2,1,"[0, 4, 3, 2, 1]",10-50
10,12,0,23,22,30,31,31,4,4,"[1, 2, 0, 4, 3]",10-50
10,12,1,34,15,18,21,18,3,0,"[1, 2, 0, 4, 3]",10-50
10,12,2,67,84,97,72,98,2,4,"[1, 2, 0, 4, 3]",40-120
10,12,3,100,87,109,88,99,3,4,"[1, 2, 0, 4, 3]",40-120
10,12,4,103,108,75,51,59,1,1,"[1, 2, 0, 4, 3]",40-120
10,12,5,317,341,338,270,314,1,2,"[1, 2, 0, 4, 3]",150-400
10,12,6,366,161,271,366,390,2,3,"[1, 2, 0, 4, 3]",150-400
10,12,7,47,19,34,33,46,0,0,"[1, 2, 0, 4, 3]",10-50
10,12,8,117,179,138,143,136,4,1,"[1, 2, 0, 4, 3]",100-200
10,12,9,173,107,143,175,101,0,0,"[1, 2, 0, 4, 3]",100-200
10,13,0,33,29,16,48,48,3,4,"[4, 1, 0, 3, 2]",10-50
10,13,1,124,133,152,185,173,3,3,"[4, 1, 0, 3, 2]",100-200
10,13,2,47,81,79,109,54,2,3,"[4, 1, 0, 3, 2]",40-120
10,13,3,16,16,18,12,49,2,4,"[4, 1, 0, 3, 2]",10-50
10,13,4,347,301,375,228,260,1,2,"[4, 1, 0, 3, 2]",150-400
10,13,5,94,49,62,59,55,1,4,"[4, 1, 0, 3, 2]",40-120
10,13,6,395,301,226,366,360,4,0,"[4, 1, 0, 3, 2]",150-400
10,13,7,37,43,43,32,20,0,1,"[4, 1, 0, 3, 2]",10-50
10,13,8,194,183,107,131,132,0,1,"[4, 1, 0, 3, 2]",100-200
10,13,9,51,85,49,44,84,4,4,"[4, 1, 0, 3, 2]",40-120
10,14,0,23,19,31,25,31,3,2,"[0, 4, 2, 1, 3]",10-50
10,14,1,120,74,78,92,58,3,3,"[0, 4, 2, 1, 3]",40-120
10,14,2,316,180,217,226,181,4,0,"[0, 4, 2, 1, 3]",150-400
10,14,3,38,50,49,12,22,2,2,"[0, 4, 2, 1, 3]",10-50
10,14,4,192,172,126,155,158,1,3,"[0, 4, 2, 1, 3]",100-200
10,14,5,342,245,207,206,259,0,4,"[0, 4, 2, 1, 3]",150-400
10,14,6,28,38,48,32,22,1,2,"[0, 4, 2, 1, 3]",10-50
10,14,7,104,75,105,82,83,4,2,"[0, 4, 2, 1, 3]",40-120
10,14,8,115,112,84,91,76,0,1,"[0, 4, 2, 1, 3]",40-120
10,14,9,106,158,137,120,142,2,1,"[0, 4, 2, 1, 3]",100-200
10,15,0,113,116,190,152,179,2,4,"[0, 3, 2, 4, 1]",100-200
10,15,1,10,41,18,18,13,1,1,"[0, 3, 2, 4, 1]",10-50
10,15,2,258,168,165,346,255,3,3,"[0, 3, 2, 4, 1]",150-400
10,15,3,90,83,97,62,77,0,2,"[0, 3, 2, 4, 1]",40-120
10,15,4,84,108,93,86,75,3,1,"[0, 3, 2, 4, 1]",40-120
10,15,5,32,15,13,37,38,4,4,"[0, 3, 2, 4, 1]",10-50
10,15,6,334,320,294,211,164,0,0,"[0, 3, 2, 4, 1]",150-400
10,15,7,177,169,152,151,140,4,2,"[0, 3, 2, 4, 1]",100-200
10,15,8,67,110,42,49,100,1,1,"[0, 3, 2, 4, 1]",40-120
10,15,9,47,34,43,45,28,2,2,"[0, 3, 2, 4, 1]",10-50
10,16,0,115,74,56,114,58,3,3,"[1, 4, 0, 2, 3]",40-120
10,16,1,51,108,55,68,102,1,4,"[1, 4, 0, 2, 3]",40-120
10,16,2,36,33,40,32,20,3,2,"[1, 4, 0, 2, 3]",10-50
10,16,3,23,30,41,35,46,4,2,"[1, 4, 0, 2, 3]",10-50
10,16,4,395,215,274,258,294,4,0,"[1, 4, 0, 2, 3]",150-400
10,16,5,286,350,185,158,331,1,1,"[1, 4, 0, 2, 3]",150-400
10,16,6,124,104,164,163,125,2,3,"[1, 4, 0, 2, 3]",100-200
10,16,7,46,31,49,31,30,2,2,"[1, 4, 0, 2, 3]",10-50
10,16,8,61,56,62,46,45,0,2,"[1, 4, 0, 2, 3]",40-120
10,16,9,148,121,146,188,197,0,4,"[1, 4, 0, 2, 3]",100-200
10,17,0,13,20,48,25,50,3,2,"[0, 2, 1, 3, 4]",10-50
10,17,1,102,99,60,65,100,0,0,"[0, 2, 1, 3, 4]",40-120
10,17,2,63,43,110,109,120,4,3,"[0, 2, 1, 3, 4]",40-120
10,17,3,48,26,31,10,21,4,0,"[0, 2, 1, 3, 4]",10-50
10,17,4,44,29,41,29,35,1,0,"[0, 2, 1, 3, 4]",10-50
10,17,5,178,143,103,160,132,1,3,"[0, 2, 1, 3, 4]",100-200
10,17,6,95,82,91,77,51,2,0,"[0, 2, 1, 3, 4]",40-120
10,17,7,232,190,300,156,325,2,4,"[0, 2, 1, 3, 4]",150-400
10,17,8,198,106,185,163,141,3,2,"[0, 2, 1, 3, 4]",100-200
10,17,9,240,346,318,277,250,0,1,"[0, 2, 1, 3, 4]",150-400
10,18,0,63,81,76,88,92,4,1,"[2, 3, 0, 1, 4]",40-120
10,18,1,151,178,108,103,110,1,1,"[2, 3, 0, 1, 4]",100-200
10,18,2,193,163,211,193,391,3,4,"[2, 3, 0, 1, 4]",150-400
10,18,3,39,28,41,11,35,0,0,"[2, 3, 0, 1, 4]",10-50
10,18,4,22,20,24,36,15,1,3,"[2, 3, 0, 1, 4]",10-50
10,18,5,82,58,104,75,60,3,2,"[2, 3, 0, 1, 4]",40-120
10,18,6,177,148,140,171,125,0,0,"[2, 3, 0, 1, 4]",100-200
10,18,7,11,17,45,16,21,4,2,"[2, 3, 0, 1, 4]",10-50
10,18,8,46,89,108,64,61,2,2,"[2, 3, 0, 1, 4]",40-120
10,18,9,182,171,335,333,339,2,3,"[2, 3, 0, 1, 4]",150-400
10,19,0,12,46,33,48,25,3,3,"[1, 2, 0, 4, 3]",10-50
10,19,1,111,80,90,94,72,3,0,"[1, 2, 0, 4, 3]",40-120
10,19,2,44,27,34,27,23,0,0,"[1, 2, 0, 4, 3]",10-50
10,19,3,125,139,147,128,144,4,2,"[1, 2, 0, 4, 3]",100-200
10,19,4,166,367,200,219,268,1,1,"[1, 2, 0, 4, 3]",150-400
10,19,5,99,42,81,45,93,2,2,"[1, 2, 0, 4, 3]",40-120
10,19,6,118,112,84,68,84,1,0,"[1, 2, 0, 4, 3]",40-120
10,19,7,15,38,43,14,49,4,2,"[1, 2, 0, 4, 3]",10-50
10,19,8,258,278,254,261,379,2,4,"[1, 2, 0, 4, 3]",150-400
10,19,9,200,116,175,193,123,0,3,"[1, 2, 0, 4, 3]",100-200
10,20,0,22,11,36,11,15,0,0,"[2, 3, 1, 4, 0]",10-50
10,20,1,85,76,55,65,69,0,0,"[2, 3, 1, 4, 0]",40-120
10,20,2,17,14,11,17,38,4,4,"[2, 3, 1, 4, 0]",10-50
10,20,3,168,106,155,129,194,4,4,"[2, 3, 1, 4, 0]",100-200
10,20,4,75,72,58,44,51,3,0,"[2, 3, 1, 4, 0]",40-120
10,20,5,174,158,365,376,289,2,2,"[2, 3, 1, 4, 0]",150-400
10,20,6,68,117,93,71,87,2,1,"[2, 3, 1, 4, 0]",40-120
10,20,7,167,192,102,187,168,1,1,"[2, 3, 1, 4, 0]",100-200
10,20,8,187,345,225,355,250,3,3,"[2, 3, 1, 4, 0]",150-400
10,20,9,30,27,14,41,47,1,4,"[2, 3, 1, 4, 0]",10-50
10,21,0,209,267,163,277,312,1,4,"[1, 0, 2, 3, 4]",150-400
10,21,1,41,36,16,42,23,3,0,"[1, 0, 2, 3, 4]",10-50
10,21,2,67,41,100,95,65,0,3,"[1, 0, 2, 3, 4]",40-120
10,21,3,104,105,200,169,158,2,2,"[1, 0, 2, 3, 4]",100-200
10,21,4,118,72,62,84,66,1,0,"[1, 0, 2, 3, 4]",40-120
10,21,5,106,105,48,99,114,4,0,"[1, 0, 2, 3, 4]",40-120
10,21,6,12,27,17,29,48,4,4,"[1, 0, 2, 3, 4]",10-50
10,21,7,26,11,49,34,36,2,2,"[1, 0, 2, 3, 4]",10-50
10,21,8,109,126,170,199,163,3,3,"[1, 0, 2, 3, 4]",100-200
10,21,9,248,241,279,242,202,0,1,"[1, 0, 2, 3, 4]",150-400
10,22,0,25,49,48,48,33,2,2,"[0, 1, 4, 2, 3]",10-50
10,22,1,195,175,121,144,105,3,0,"[0, 1, 4, 2, 3]",100-200
10,22,2,99,62,112,78,83,1,2,"[0, 1, 4, 2, 3]",40-120
10,22,3,159,247,352,373,205,1,3,"[0, 1, 4, 2, 3]",150-400
10,22,4,39,41,43,21,14,3,0,"[0, 1, 4, 2, 3]",10-50
10,22,5,35,13,13,24,46,4,4,"[0, 1, 4, 2, 3]",10-50
10,22,6,76,75,114,74,112,4,4,"[0, 1, 4, 2, 3]",40-120
10,22,7,242,357,296,153,318,0,1,"[0, 1, 4, 2, 3]",150-400
10,22,8,106,111,85,115,97,0,4,"[0, 1, 4, 2, 3]",40-120
10,22,9,144,155,149,151,101,2,2,"[0, 1, 4, 2, 3]",100-200
10,23,0,40,69,68,45,77,4,4,"[0, 3, 4, 2, 1]",40-120
10,23,1,160,178,177,167,144,2,2,"[0, 3, 4, 2, 1]",100-200
10,23,2,333,335,345,195,159,3,0,"[0, 3, 4, 2, 1]",150-400
10,23,3,27,41,12,50,22,3,3,"[0, 3, 4, 2, 1]",10-50
10,23,4,41,41,46,34,47,2,4,"[0, 3, 4, 2, 1]",10-50
10,23,5,149,131,184,183,188,4,4,"[0, 3, 4, 2, 1]",100-200
10,23,6,53,78,94,114,40,0,3,"[0, 3, 4, 2, 1]",40-120
10,23,7,74,110,96,80,54,1,2,"[0, 3, 4, 2, 1]",40-120
10,23,8,339,382,310,342,257,0,1,"[0, 3, 4, 2, 1]",150-400
10,23,9,12,45,39,39,35,1,3,"[0, 3, 4, 2, 1]",10-50
10,24,0,137,124,178,148,148,2,4,"[4, 3, 2, 0, 1]",100-200
10,24,1,29,18,29,41,45,0,4,"[4, 3, 2, 0, 1]",10-50
10,24,2,61,115,79,91,106,1,1,"[4, 3, 2, 0, 1]",40-120
10,24,3,197,147,156,178,116,0,3,"[4, 3, 2, 0, 1]",100-200
10,24,4,114,101,66,88,105,4,1,"[4, 3, 2, 0, 1]",40-120
10,24,5,183,271,317,269,184,4,2,"[4, 3, 2, 0, 1]",150-400
10,24,6,64,66,42,57,44,3,1,"[4, 3, 2, 0, 1]",40-120
10,24,7,242,209,223,202,171,3,0,"[4, 3, 2, 0, 1]",150-400
10,24,8,28,17,28,37,39,1,3,"[4, 3, 2, 0, 1]",10-50
10,24,9,28,17,42,19,47,2,4,"[4, 3, 2, 0, 1]",10-50
10,25,0,41,40,99,110,83,3,3,"[2, 1, 4, 0, 3]",40-120
10,25,1,342,342,187,330,296,1,0,"[2, 1, 4, 0, 3]",150-400
10,25,2,37,36,24,12,48,4,4,"[2, 1, 4, 0, 3]",10-50
10,25,3,155,111,108,173,185,4,4,"[2, 1, 4, 0, 3]",100-200
10,25,4,332,391,287,300,379,2,1,"[2, 1, 4, 0, 3]",150-400
10,25,5,79,70,78,72,81,1,2,"[2, 1, 4, 0, 3]",40-120
10,25,6,41,99,110,72,92,2,2,"[2, 1, 4, 0, 3]",40-120
10,25,7,17,12,43,50,25,3,3,"[2, 1, 4, 0, 3]",10-50
10,25,8,43,28,48,11,19,0,2,"[2, 1, 4, 0, 3]",10-50
10,25,9,129,153,148,153,116,0,3,"[2, 1, 4, 0, 3]",100-200
10,26,0,11,13,33,49,34,3,3,"[0, 2, 3, 1, 4]",10-50
10,26,1,16,22,40,39,18,4,2,"[0, 2, 3, 1, 4]",10-50
10,26,2,43,25,34,13,21,1,0,"[0, 2, 3, 1, 4]",10-50
10,26,3,62,71,80,112,55,0,3,"[0, 2, 3, 1, 4]",40-120
10,26,4,200,253,157,308,259,2,4,"[0, 2, 3, 1, 4]",150-400
10,26,5,195,179,118,104,108,1,0,"[0, 2, 3, 1, 4]",100-200
10,26,6,128,167,104,181,108,3,3,"[0, 2, 3, 1, 4]",100-200
10,26,7,52,76,56,41,75,2,2,"[0, 2, 3, 1, 4]",40-120
10,26,8,41,84,109,101,89,4,2,"[0, 2, 3, 1, 4]",40-120
10,26,9,288,306,189,311,275,0,1,"[0, 2, 3, 1, 4]",150-400
10,27,0,315,194,284,357,156,2,3,"[4, 2, 0, 3, 1]",150-400
10,27,1,12,38,44,43,21,3,1,"[4, 2, 0, 3, 1]",10-50
10,27,2,85,89,46,101,120,1,4,"[4, 2, 0, 3, 1]",40-120
10,27,3,57,84,77,96,113,2,4,"[4, 2, 0, 3, 1]",40-120
10,27,4,150,305,364,246,202,4,2,"[4, 2, 0, 3, 1]",150-400
10,27,5,32,33,23,10,23,1,0,"[4, 2, 0, 3, 1]",10-50
10,27,6,121,129,154,117,139,3,0,"[4, 2, 0, 3, 1]",100-200
10,27,7,49,29,43,43,32,0,0,"[4, 2, 0, 3, 1]",10-50
10,27,8,144,194,177,172,150,0,1,"[4, 2, 0, 3, 1]",100-200
10,27,9,76,66,112,75,120,4,4,"[4, 2, 0, 3, 1]",40-120
10,28,0,19,21,26,30,40,1,4,"[4, 3, 0, 1, 2]",10-50
10,28,1,136,140,170,108,116,1,2,"[4, 3, 0, 1, 2]",100-200
10,28,2,163,175,158,116,192,0,4,"[4, 3, 0, 1, 2]",100-200
10,28,3,245,181,151,169,188,3,0,"[4, 3, 0, 1, 2]",150-400
10,28,4,118,74,58,44,95,4,0,"[4, 3, 0, 1, 2]",40-120
10,28,5,13,14,27,30,38,2,2,"[4, 3, 0, 1, 2]",10-50
10,28,6,353,187,203,372,329,4,3,"[4, 3, 0, 1, 2]",150-400
10,28,7,68,108,93,65,52,2,1,"[4, 3, 0, 1, 2]",40-120
10,28,8,26,19,20,21,30,0,4,"[4, 3, 0, 1, 2]",10-50
10,28,9,120,113,62,86,47,3,1,"[4, 3, 0, 1, 2]",40-120
10,29,0,24,31,26,39,10,0,1,"[4, 2, 0, 3, 1]",10-50
10,29,1,183,262,237,339,303,2,3,"[4, 2, 0, 3, 1]",150-400
10,29,2,312,234,290,370,340,4,0,"[4, 2, 0, 3, 1]",150-400
10,29,3,85,115,114,101,53,3,1,"[4, 2, 0, 3, 1]",40-120
10,29,4,71,119,98,72,76,1,1,"[4, 2, 0, 3, 1]",40-120
10,29,5,122,127,157,106,191,0,4,"[4, 2, 0, 3, 1]",100-200
10,29,6,81,83,46,78,79,2,4,"[4, 2, 0, 3, 1]",40-120
10,29,7,16,16,42,46,42,3,2,"[4, 2, 0, 3, 1]",10-50
10,29,8,106,110,150,100,171,4,2,"[4, 2, 0, 3, 1]",100-200
10,29,9,18,21,40,32,31,1,2,"[4, 2, 0, 3, 1]",10-50
10,30,0,88,108,88,47,50,0,1,"[1, 0, 3, 2, 4]",40-120
10,30,1,120,163,186,197,103,3,2,"[1, 0, 3, 2, 4]",100-200
10,30,2,151,130,153,100,103,2,0,"[1, 0, 3, 2, 4]",100-200
10,30,3,17,43,49,44,43,3,2,"[1, 0, 3, 2, 4]",10-50
10,30,4,37,33,40,28,13,2,0,"[1, 0, 3, 2, 4]",10-50
10,30,5,12,14,34,27,37,4,2,"[1, 0, 3, 2, 4]",10-50
10,30,6,266,324,274,386,370,1,3,"[1, 0, 3, 2, 4]",150-400
10,30,7,87,45,46,107,91,4,0,"[1, 0, 3, 2, 4]",40-120
10,30,8,73,115,104,60,62,1,1,"[1, 0, 3, 2, 4]",40-120
10,30,9,219,174,181,198,381,0,4,"[1, 0, 3, 2, 4]",150-400
10,31,0,116,59,53,73,74,0,0,"[1, 3, 4, 0, 2]",40-120
10,31,1,235,284,380,290,224,3,2,"[1, 3, 4, 0, 2]",150-400
10,31,2,174,198,182,152,182,4,0,"[1, 3, 4, 0, 2]",100-200
10,31,3,36,42,23,18,13,0,1,"[1, 3, 4, 0, 2]",10-50
10,31,4,114,147,143,169,154,2,1,"[1, 3, 4, 0, 2]",100-200
10,31,5,45,65,77,64,75,1,4,"[1, 3, 4, 0, 2]",40-120
10,31,6,239,315,338,325,197,1,3,"[1, 3, 4, 0, 2]",150-400
10,31,7,23,24,23,27,45,4,4,"[1, 3, 4, 0, 2]",10-50
10,31,8,14,43,10,27,27,2,1,"[1, 3, 4, 0, 2]",10-50
10,31,9,60,65,83,61,94,3,4,"[1, 3, 4, 0, 2]",40-120
10,32,0,67,52,77,111,79,3,3,"[2, 4, 1, 3, 0]",40-120
10,32,1,348,218,165,274,398,2,4,"[2, 4, 1, 3, 0]",150-400
10,32,2,100,87,67,60,97,2,0,"[2, 4, 1, 3, 0]",40-120
10,32,3,275,367,159,214,377,4,1,"[2, 4, 1, 3, 0]",150-400
10,32,4,90,97,60,53,81,4,0,"[2, 4, 1, 3, 0]",40-120
10,32,5,15,11,14,20,19,3,0,"[2, 4, 1, 3, 0]",10-50
10,32,6,25,42,26,20,32,0,2,"[2, 4, 1, 3, 0]",10-50
10,32,7,173,185,110,185,143,1,3,"[2, 4, 1, 3, 0]",100-200
10,32,8,121,184,149,104,192,0,2,"[2, 4, 1, 3, 0]",100-200
10,32,9,19,46,48,29,28,1,2,"[2, 4, 1, 3, 0]",10-50
10,33,0,12,16,36,49,16,2,3,"[3, 0, 2, 1, 4]",10-50
10,33,1,176,157,175,150,176,1,4,"[3, 0, 2, 1, 4]",100-200
10,33,2,18,25,16,28,30,4,3,"[3, 0, 2, 1, 4]",10-50
10,33,3,191,102,121,187,146,0,0,"[3, 0, 2, 1, 4]",100-200
10,33,4,88,104,110,101,111,4,4,"[3, 0, 2, 1, 4]",40-120
10,33,5,39,46,14,36,32,1,0,"[3, 0, 2, 1, 4]",10-50
10,33,6,81,69,58,86,88,0,3,"[3, 0, 2, 1, 4]",40-120
10,33,7,175,336,365,318,289,3,2,"[3, 0, 2, 1, 4]",150-400
10,33,8,50,74,112,119,56,3,3,"[3, 0, 2, 1, 4]",40-120
10,33,9,155,371,200,318,352,2,1,"[3, 0, 2, 1, 4]",150-400
10,34,0,25,33,23,50,42,3,4,"[1, 0, 2, 3, 4]",10-50
10,34,1,250,339,198,156,207,1,1,"[1, 0, 2, 3, 4]",150-400
10,34,2,116,43,41,40,84,0,0,"[1, 0, 2, 3, 4]",40-120
10,34,3,48,76,40,100,62,1,4,"[1, 0, 2, 3, 4]",40-120
10,34,4,31,37,41,40,33,2,2,"[1, 0, 2, 3, 4]",10-50
10,34,5,60,42,64,70,106,4,4,"[1, 0, 2, 3, 4]",40-120
10,34,6,132,179,166,145,200,2,2,"[1, 0, 2, 3, 4]",100-200
10,34,7,35,13,34,39,41,4,4,"[1, 0, 2, 3, 4]",10-50
10,34,8,125,184,103,145,122,3,0,"[1, 0, 2, 3, 4]",100-200
10,34,9,257,204,159,362,244,0,3,"[1, 0, 2, 3, 4]",150-400
10,35,0,168,284,159,384,281,1,3,"[2, 1, 3, 0, 4]",150-400
10,35,1,39,25,10,32,18,3,0,"[2, 1, 3, 0, 4]",10-50
10,35,2,65,92,58,104,56,1,1,"[2, 1, 3, 0, 4]",40-120
10,35,3,87,58,118,78,102,2,4,"[2, 1, 3, 0, 4]",40-120
10,35,4,115,44,57,70,110,0,4,"[2, 1, 3, 0, 4]",40-120
10,35,5,148,123,132,138,124,3,0,"[2, 1, 3, 0, 4]",100-200
10,35,6,101,174,133,111,166,4,1,"[2, 1, 3, 0, 4]",100-200
10,35,7,12,41,40,23,24,4,1,"[2, 1, 3, 0, 4]",10-50
10,35,8,41,10,35,10,24,0,0,"[2, 1, 3, 0, 4]",10-50
10,35,9,266,317,349,159,153,2,2,"[2, 1, 3, 0, 4]",150-400
10,36,0,38,32,43,31,18,3,2,"[1, 0, 3, 4, 2]",10-50
10,36,1,135,171,132,134,173,3,1,"[1, 0, 3, 4, 2]",100-200
10,36,2,23,26,48,27,40,4,2,"[1, 0, 3, 4, 2]",10-50
10,36,3,363,219,233,169,300,1,4,"[1, 0, 3, 4, 2]",150-400
10,36,4,90,106,48,76,116,1,1,"[1, 0, 3, 4, 2]",40-120
10,36,5,115,173,168,117,158,4,2,"[1, 0, 3, 4, 2]",100-200
10,36,6,340,201,273,232,245,0,0,"[1, 0, 3, 4, 2]",150-400
10,36,7,16,14,30,25,36,2,3,"[1, 0, 3, 4, 2]",10-50
10,36,8,119,88,110,108,43,2,3,"[1, 0, 3, 4, 2]",40-120
10,36,9,45,50,89,69,83,0,3,"[1, 0, 3, 4, 2]",40-120
10,37,0,27,45,19,39,11,3,1,"[0, 2, 3, 4, 1]",10-50
10,37,1,73,72,45,103,73,0,4,"[0, 2, 3, 4, 1]",40-120
10,37,2,103,115,176,136,140,3,2,"[0, 2, 3, 4, 1]",100-200
10,37,3,15,30,17,16,38,4,4,"[0, 2, 3, 4, 1]",10-50
10,37,4,51,55,118,94,119,2,4,"[0, 2, 3, 4, 1]",40-120
10,37,5,90,86,95,69,78,1,2,"[0, 2, 3, 4, 1]",40-120
10,37,6,258,257,298,164,243,2,1,"[0, 2, 3, 4, 1]",150-400
10,37,7,186,110,190,103,167,4,0,"[0, 2, 3, 4, 1]",100-200
10,37,8,302,266,279,284,243,0,3,"[0, 2, 3, 4, 1]",150-400
10,37,9,43,12,32,21,19,1,0,"[0, 2, 3, 4, 1]",10-50
10,38,0,50,30,44,24,40,2,0,"[4, 1, 3, 2, 0]",10-50
10,38,1,149,101,197,116,133,3,2,"[4, 1, 3, 2, 0]",100-200
10,38,2,22,47,15,36,31,3,1,"[4, 1, 3, 2, 0]",10-50
10,38,3,331,286,394,362,172,1,3,"[4, 1, 3, 2, 0]",150-400
10,38,4,144,145,163,115,150,2,0,"[4, 1, 3, 2, 0]",100-200
10,38,5,193,172,183,213,383,4,4,"[4, 1, 3, 2, 0]",150-400
10,38,6,81,114,52,112,88,4,1,"[4, 1, 3, 2, 0]",40-120
10,38,7,85,90,112,84,92,0,2,"[4, 1, 3, 2, 0]",40-120
10,38,8,82,103,97,80,50,1,1,"[4, 1, 3, 2, 0]",40-120
10,38,9,39,37,25,28,41,0,0,"[4, 1, 3, 2, 0]",10-50
10,39,0,96,42,119,115,77,2,0,"[2, 0, 3, 4, 1]",40-120
10,39,1,13,40,13,39,35,3,4,"[2, 0, 3, 4, 1]",10-50
10,39,2,72,96,42,68,46,1,1,"[2, 0, 3, 4, 1]",40-120
10,39,3,262,264,366,160,226,2,2,"[2, 0, 3, 4, 1]",150-400
10,39,4,380,272,287,397,314,0,3,"[2, 0, 3, 4, 1]",150-400
10,39,5,13,19,42,21,47,4,4,"[2, 0, 3, 4, 1]",10-50
10,39,6,193,153,137,182,144,3,0,"[2, 0, 3, 4, 1]",100-200
10,39,7,149,150,170,101,105,4,1,"[2, 0, 3, 4, 1]",100-200
10,39,8,21,41,11,36,42,1,4,"[2, 0, 3, 4, 1]",10-50
10,39,9,93,72,96,77,97,0,4,"[2, 0, 3, 4, 1]",40-120
10,40,0,14,32,42,47,15,3,2,"[4, 1, 3, 2, 0]",10-50
10,40,1,191,129,137,126,177,2,4,"[4, 1, 3, 2, 0]",100-200
10,40,2,384,375,328,188,356,4,0,"[4, 1, 3, 2, 0]",150-400
10,40,3,182,255,262,377,309,1,3,"[4, 1, 3, 2, 0]",150-400
10,40,4,63,92,108,98,49,1,2,"[4, 1, 3, 2, 0]",40-120
10,40,5,84,99,53,74,66,4,1,"[4, 1, 3, 2, 0]",40-120
10,40,6,45,39,11,16,26,0,1,"[4, 1, 3, 2, 0]",10-50
10,40,7,144,115,123,136,144,3,4,"[4, 1, 3, 2, 0]",100-200
10,40,8,119,89,116,90,53,0,2,"[4, 1, 3, 2, 0]",40-120
10,40,9,19,43,13,35,18,2,1,"[4, 1, 3, 2, 0]",10-50
10,41,0,16,34,33,11,46,4,4,"[0, 1, 4, 2, 3]",10-50
10,41,1,47,37,16,20,34,2,0,"[0, 1, 4, 2, 3]",10-50
10,41,2,158,383,349,268,282,1,1,"[0, 1, 4, 2, 3]",150-400
10,41,3,66,89,107,118,117,3,3,"[0, 1, 4, 2, 3]",40-120
10,41,4,215,320,351,158,231,0,2,"[0, 1, 4, 2, 3]",150-400
10,41,5,34,32,15,19,32,3,4,"[0, 1, 4, 2, 3]",10-50
10,41,6,84,60,58,63,57,0,0,"[0, 1, 4, 2, 3]",40-120
10,41,7,172,184,118,144,121,2,0,"[0, 1, 4, 2, 3]",100-200
10,41,8,40,43,93,87,67,1,3,"[0, 1, 4, 2, 3]",40-120
10,41,9,107,170,124,185,187,4,4,"[0, 1, 4, 2, 3]",100-200
10,42,0,335,194,279,193,311,4,4,"[4, 1, 0, 3, 2]",150-400
10,42,1,12,40,38,20,49,2,1,"[4, 1, 0, 3, 2]",10-50
10,42,2,100,49,103,83,63,1,3,"[4, 1, 0, 3, 2]",40-120
10,42,3,27,20,29,36,29,0,3,"[4, 1, 0, 3, 2]",10-50
10,42,4,389,251,296,237,195,1,0,"[4, 1, 0, 3, 2]",150-400
10,42,5,166,125,184,146,194,0,2,"[4, 1, 0, 3, 2]",100-200
10,42,6,26,34,29,43,40,3,1,"[4, 1, 0, 3, 2]",10-50
10,42,7,61,52,41,112,107,4,3,"[4, 1, 0, 3, 2]",40-120
10,42,8,160,133,162,167,130,3,1,"[4, 1, 0, 3, 2]",100-200
10,42,9,71,71,106,44,54,2,2,"[4, 1, 0, 3, 2]",40-120
10,43,0,54,52,61,75,49,3,2,"[3, 1, 4, 2, 0]",40-120
10,43,1,45,43,45,18,25,2,0,"[3, 1, 4, 2, 0]",10-50
10,43,2,297,212,229,380,337,3,3,"[3, 1, 4, 2, 0]",150-400
10,43,3,119,125,195,136,135,2,2,"[3, 1, 4, 2, 0]",100-200
10,43,4,281,383,194,228,218,1,1,"[3, 1, 4, 2, 0]",150-400
10,43,5,39,16,22,28,20,0,0,"[3, 1, 4, 2, 0]",10-50
10,43,6,121,188,120,164,145,4,4,"[3, 1, 4, 2, 0]",100-200
10,43,7,69,109,61,59,102,1,4,"[3, 1, 4, 2, 0]",40-120
10,43,8,111,113,68,58,108,0,0,"[3, 1, 4, 2, 0]",40-120
10,43,9,33,23,23,41,30,4,0,"[3, 1, 4, 2, 0]",10-50
10,44,0,178,188,195,170,167,2,2,"[3, 0, 4, 2, 1]",100-200
10,44,1,113,84,95,93,40,1,0,"[3, 0, 4, 2, 1]",40-120
10,44,2,259,398,206,338,252,0,1,"[3, 0, 4, 2, 1]",150-400
10,44,3,21,48,22,30,24,2,1,"[3, 0, 4, 2, 1]",10-50
10,44,4,13,18,50,22,30,4,2,"[3, 0, 4, 2, 1]",10-50
10,44,5,190,351,353,396,317,3,4,"[3, 0, 4, 2, 1]",150-400
10,44,6,21,20,15,48,19,1,3,"[3, 0, 4, 2, 1]",10-50
10,44,7,189,122,164,139,193,4,0,"[3, 0, 4, 2, 1]",100-200
10,44,8,113,84,90,120,119,3,3,"[3, 0, 4, 2, 1]",40-120
10,44,9,76,52,66,110,46,0,3,"[3, 0, 4, 2, 1]",40-120
10,45,0,360,262,279,385,335,1,0,"[4, 1, 3, 0, 2]",150-400
10,45,1,118,143,110,197,156,3,3,"[4, 1, 3, 0, 2]",100-200
10,45,2,332,355,267,336,366,4,4,"[4, 1, 3, 0, 2]",150-400
10,45,3,176,179,107,146,182,0,1,"[4, 1, 3, 0, 2]",100-200
10,45,4,43,15,20,38,30,0,3,"[4, 1, 3, 0, 2]",10-50
10,45,5,40,31,40,45,24,3,2,"[4, 1, 3, 0, 2]",10-50
10,45,6,54,54,87,116,73,1,3,"[4, 1, 3, 0, 2]",40-120
10,45,7,52,96,82,110,101,4,1,"[4, 1, 3, 0, 2]",40-120
10,45,8,40,19,49,20,37,2,2,"[4, 1, 3, 0, 2]",10-50
10,45,9,42,78,109,119,111,2,2,"[4, 1, 3, 0, 2]",40-120
10,46,0,271,327,207,352,210,0,1,"[4, 0, 1, 3, 2]",150-400
10,46,1,70,99,112,64,68,2,2,"[4, 0, 1, 3, 2]",40-120
10,46,2,300,247,250,359,320,4,4,"[4, 0, 1, 3, 2]",150-400
10,46,3,45,38,16,41,29,3,0,"[4, 0, 1, 3, 2]",10-50
10,46,4,17,43,26,11,16,1,1,"[4, 0, 1, 3, 2]",10-50
10,46,5,36,36,44,31,17,2,2,"[4, 0, 1, 3, 2]",10-50
10,46,6,58,119,73,107,41,0,3,"[4, 0, 1, 3, 2]",40-120
10,46,7,165,128,115,198,151,1,3,"[4, 0, 1, 3, 2]",100-200
10,46,8,165,119,120,189,168,3,0,"[4, 0, 1, 3, 2]",100-200
10,46,9,79,65,67,87,88,4,2,"[4, 0, 1, 3, 2]",40-120
10,47,0,297,357,167,280,158,2,1,"[0, 2, 1, 4, 3]",150-400
10,47,1,10,33,25,44,47,1,4,"[0, 2, 1, 4, 3]",10-50
10,47,2,94,111,53,98,96,2,4,"[0, 2, 1, 4, 3]",40-120
10,47,3,107,47,40,53,59,0,0,"[0, 2, 1, 4, 3]",40-120
10,47,4,150,103,157,142,125,4,2,"[0, 2, 1, 4, 3]",100-200
10,47,5,27,15,49,42,38,4,2,"[0, 2, 1, 4, 3]",10-50
10,47,6,39,18,47,39,30,3,2,"[0, 2, 1, 4, 3]",10-50
10,47,7,53,68,99,117,77,3,4,"[0, 2, 1, 4, 3]",40-120
10,47,8,336,273,355,375,217,0,3,"[0, 2, 1, 4, 3]",150-400
10,47,9,191,130,114,184,170,1,0,"[0, 2, 1, 4, 3]",100-200
10,48,0,295,249,337,174,186,4,2,"[4, 2, 1, 3, 0]",150-400
10,48,1,46,86,55,71,54,2,1,"[4, 2, 1, 3, 0]",40-120
10,48,2,210,276,155,316,177,1,3,"[4, 2, 1, 3, 0]",150-400
10,48,3,12,24,14,27,18,3,3,"[4, 2, 1, 3, 0]",10-50
10,48,4,37,35,21,46,22,1,0,"[4, 2, 1, 3, 0]",10-50
10,48,5,65,70,115,108,103,3,4,"[4, 2, 1, 3, 0]",40-120
10,48,6,122,196,185,122,185,2,1,"[4, 2, 1, 3, 0]",100-200
10,48,7,109,64,100,102,78,4,0,"[4, 2, 1, 3, 0]",40-120
10,48,8,176,117,121,100,146,0,4,"[4, 2, 1, 3, 0]",100-200
10,48,9,47,27,49,19,30,0,0,"[4, 2, 1, 3, 0]",10-50
10,49,0,154,155,200,144,175,2,0,"[4, 1, 2, 3, 0]",100-200
10,49,1,37,25,17,43,20,3,0,"[4, 1, 2, 3, 0]",10-50
10,49,2,64,90,114,87,94,0,1,"[4, 1, 2, 3, 0]",40-120
10,49,3,277,335,387,236,335,1,2,"[4, 1, 2, 3, 0]",150-400
10,49,4,13,19,12,32,31,0,3,"[4, 1, 2, 3, 0]",10-50
10,49,5,50,102,79,101,108,4,1,"[4, 1, 2, 3, 0]",40-120
10,49,6,53,43,72,119,66,1,3,"[4, 1, 2, 3, 0]",40-120
10,49,7,242,207,335,245,374,4,4,"[4, 1, 2, 3, 0]",150-400
10,49,8,104,109,137,178,109,3,3,"[4, 1, 2, 3, 0]",100-200
10,49,9,50,10,35,24,15,2,0,"[4, 1, 2, 3, 0]",10-50
20,0,0,180,179,169,122,129,0,1,"[0, 4, 1, 2, 3]",100-200
20,0,1,73,120,81,106,104,3,1,"[0, 4, 1, 2, 3]",40-120
20,0,2,96,84,64,89,119,4,4,"[0, 4, 1, 2, 3]",40-120
20,0,3,389,173,254,398,214,0,3,"[0, 4, 1, 2, 3]",150-400
20,0,4,47,27,49,40,14,2,0,"[0, 4, 1, 2, 3]",10-50
20,0,5,354,185,273,222,292,4,0,"[0, 4, 1, 2, 3]",150-400
20,0,6,33,19,17,50,38,3,4,"[0, 4, 1, 2, 3]",10-50
20,0,7,99,61,95,70,65,0,0,"[0, 4, 1, 2, 3]",40-120
20,0,8,59,53,108,40,75,2,2,"[0, 4, 1, 2, 3]",40-120
20,0,9,23,24,39,13,21,4,2,"[0, 4, 1, 2, 3]",10-50
20,0,10,156,173,106,120,199,4,4,"[0, 4, 1, 2, 3]",100-200
20,0,11,39,31,19,31,15,3,0,"[0, 4, 1, 2, 3]",10-50
20,0,12,144,143,180,159,137,3,2,"[0, 4, 1, 2, 3]",100-200
20,0,13,11,43,42,10,10,1,1,"[0, 4, 1, 2, 3]",10-50
20,0,14,266,241,187,288,210,1,3,"[0, 4, 1, 2, 3]",150-400
20,0,15,48,35,16,11,15,0,0,"[0, 4, 1, 2, 3]",10-50
20,0,16,162,110,185,190,126,2,2,"[0, 4, 1, 2, 3]",100-200
20,0,17,76,77,107,74,47,1,2,"[0, 4, 1, 2, 3]",40-120
20,0,18,92,70,70,81,105,2,4,"[0, 4, 1, 2, 3]",40-120
20,0,19,136,139,114,157,142,1,1,"[0, 4, 1, 2, 3]",100-200
20,1,0,38,50,47,35,27,2,1,"[0, 3, 1, 4, 2]",10-50
20,1,1,204,355,358,316,312,3,2,"[0, 3, 1, 4, 2]",150-400
20,1,2,22,16,42,40,11,4,3,"[0, 3, 1, 4, 2]",10-50
20,1,3,108,109,84,73,86,4,1,"[0, 3, 1, 4, 2]",40-120
20,1,4,12,10,38,31,10,2,2,"[0, 3, 1, 4, 2]",10-50
20,1,5,130,127,124,190,178,3,4,"[0, 3, 1, 4, 2]",100-200
20,1,6,195,141,145,122,106,0,1,"[0, 3, 1, 4, 2]",100-200
20,1,7,400,295,222,349,223,0,3,"[0, 3, 1, 4, 2]",150-400
20,1,8,39,21,18,46,19,0,3,"[0, 3, 1, 4, 2]",10-50
20,1,9,69,88,41,68,79,1,4,"[0, 3, 1, 4, 2]",40-120
20,1,10,22,30,21,42,21,3,3,"[0, 3, 1, 4, 2]",10-50
20,1,11,184,166,146,131,140,1,1,"[0, 3, 1, 4, 2]",100-200
20,1,12,109,59,58,50,50,0,0,"[0, 3, 1, 4, 2]",40-120
20,1,13,53,57,57,68,64,4,4,"[0, 3, 1, 4, 2]",40-120
20,1,14,84,53,41,76,50,3,3,"[0, 3, 1, 4, 2]",40-120
20,1,15,24,50,18,13,42,1,1,"[0, 3, 1, 4, 2]",10-50
20,1,16,128,107,175,107,147,2,2,"[0, 3, 1, 4, 2]",100-200
20,1,17,169,195,174,109,190,1,4,"[0, 3, 1, 4, 2]",100-200
20,1,18,398,162,166,217,229,4,0,"[0, 3, 1, 4, 2]",150-400
20,1,19,115,41,76,67,55,2,0,"[0, 3, 1, 4, 2]",40-120
20,2,0,383,292,254,177,263,4,0,"[4, 1, 0, 3, 2]",150-400
20,2,1,103,141,111,160,194,4,4,"[4, 1, 0, 3, 2]",100-200
20,2,2,19,34,15,27,15,1,1,"[4, 1, 0, 3, 2]",10-50
20,2,3,105,68,107,94,50,3,3,"[4, 1, 0, 3, 2]",40-120
20,2,4,38,31,46,30,45,2,2,"[4, 1, 0, 3, 2]",10-50
20,2,5,156,130,187,170,139,0,3,"[4, 1, 0, 3, 2]",100-200
20,2,6,50,16,38,16,35,4,0,"[4, 1, 0, 3, 2]",10-50
20,2,7,162,332,204,230,160,3,1,"[4, 1, 0, 3, 2]",150-400
20,2,8,126,158,152,154,171,1,4,"[4, 1, 0, 3, 2]",100-200
20,2,9,28,18,33,24,16,2,2,"[4, 1, 0, 3, 2]",10-50
20,2,10,187,154,179,172,143,0,3,"[4, 1, 0, 3, 2]",100-200
20,2,11,50,49,96,44,84,3,2,"[4, 1, 0, 3, 2]",40-120
20,2,12,110,85,97,57,78,2,0,"[4, 1, 0, 3, 2]",40-120
20,2,13,18,12,27,36,26,3,3,"[4, 1, 0, 3, 2]",10-50
20,2,14,51,110,91,43,101,4,1,"[4, 1, 0, 3, 2]",40-120
20,2,15,120,59,82,71,64,0,0,"[4, 1, 0, 3, 2]",40-120
20,2,16,40,26,43,39,14,0,3,"[4, 1, 0, 3, 2]",10-50
20,2,17,155,132,199,145,196,2,4,"[4, 1, 0, 3, 2]",100-200
20,2,18,360,389,354,241,178,1,2,"[4, 1, 0, 3, 2]",150-400
20,2,19,58,96,52,56,86,1,1,"[4, 1, 0, 3, 2]",40-120
20,3,0,11,45,16,22,35,1,1,"[1, 2, 3, 4, 0]",10-50
20,3,1,106,128,193,127,162,2,2,"[1, 2, 3, 4, 0]",100-200
20,3,2,49,89,86,55,53,3,2,"[1, 2, 3, 4, 0]",40-120
20,3,3,42,109,106,49,97,1,1,"[1, 2, 3, 4, 0]",40-120
20,3,4,246,382,243,171,161,1,1,"[1, 2, 3, 4, 0]",150-400
20,3,5,110,52,56,79,61,0,0,"[1, 2, 3, 4, 0]",40-120
20,3,6,173,176,105,120,174,1,4,"[1, 2, 3, 4, 0]",100-200
20,3,7,77,59,100,87,118,4,4,"[1, 2, 3, 4, 0]",40-120
20,3,8,167,120,170,197,129,3,3,"[1, 2, 3, 4, 0]",100-200
20,3,9,60,70,110,59,53,2,2,"[1, 2, 3, 4, 0]",40-120
20,3,10,44,28,15,32,32,4,0,"[1, 2, 3, 4, 0]",10-50
20,3,11,174,110,129,167,187,0,4,"[1, 2, 3, 4, 0]",100-200
20,3,12,123,152,149,136,127,3,2,"[1, 2, 3, 4, 0]",100-200
20,3,13,345,317,332,194,271,4,0,"[1, 2, 3, 4, 0]",150-400
20,3,14,394,181,400,380,235,2,3,"[1, 2, 3, 4, 0]",150-400
20,3,15,12,15,10,46,12,3,3,"[1, 2, 3, 4, 0]",10-50
20,3,16,29,31,41,44,10,2,2,"[1, 2, 3, 4, 0]",10-50
20,3,17,46,76,49,53,75,4,4,"[1, 2, 3, 4, 0]",40-120
20,3,18,47,27,22,15,23,0,0,"[1, 2, 3, 4, 0]",10-50
20,3,19,15,27,18,45,25,0,3,"[1, 2, 3, 4, 0]",10-50
20,4,0,124,170,105,136,115,1,1,"[2, 3, 1, 4, 0]",100-200
20,4,1,112,118,92,105,117,4,4,"[2, 3, 1, 4, 0]",40-120
20,4,2,51,105,61,115,100,3,3,"[2, 3, 1, 4, 0]",40-120
20,4,3,79,44,46,107,51,4,3,"[2, 3, 1, 4, 0]",40-120
20,4,4,116,108,90,108,117,0,4,"[2, 3, 1, 4, 0]",40-120
20,4,5,123,108,136,116,171,4,4,"[2, 3, 1, 4, 0]",100-200
20,4,6,355,305,325,311,175,1,0,"[2, 3, 1, 4, 0]",150-400
20,4,7,283,178,176,398,251,3,3,"[2, 3, 1, 4, 0]",150-400
20,4,8,24,21,49,28,11,2,2,"[2, 3, 1, 4, 0]",10-50
20,4,9,204,305,348,392,215,2,2,"[2, 3, 1, 4, 0]",150-400
20,4,10,18,50,37,11,43,1,1,"[2, 3, 1, 4, 0]",10-50
20,4,11,156,157,122,151,141,3,1,"[2, 3, 1, 4, 0]",100-200
20,4,12,41,41,17,21,16,0,0,"[2, 3, 1, 4, 0]",10-50
20,4,13,172,108,126,176,132,0,0,"[2, 3, 1, 4, 0]",100-200
20,4,14,142,101,151,168,162,2,4,"[2, 3, 1, 4, 0]",100-200
20,4,15,16,41,17,49,15,3,3,"[2, 3, 1, 4, 0]",10-50
20,4,16,77,103,81,47,63,2,1,"[2, 3, 1, 4, 0]",40-120
20,4,17,46,83,42,70,72,1,1,"[2, 3, 1, 4, 0]",40-120
20,4,18,37,23,35,19,14,0,2,"[2, 3, 1, 4, 0]",10-50
20,4,19,19,20,35,35,20,4,2,"[2, 3, 1, 4, 0]",10-50
20,5,0,178,166,267,358,152,2,3,"[4, 3, 1, 2, 0]",150-400
20,5,1,109,164,126,111,149,1,1,"[4, 3, 1, 2, 0]",100-200
20,5,2,79,108,114,59,42,2,2,"[4, 3, 1, 2, 0]",40-120
20,5,3,42,25,19,20,23,1,0,"[4, 3, 1, 2, 0]",10-50
20,5,4,45,18,29,31,23,0,0,"[4, 3, 1, 2, 0]",10-50
20,5,5,24,23,15,35,42,0,4,"[4, 3, 1, 2, 0]",10-50
20,5,6,103,69,106,75,103,2,2,"[4, 3, 1, 2, 0]",40-120
20,5,7,107,103,78,88,52,1,0,"[4, 3, 1, 2, 0]",40-120
20,5,8,11,18,47,14,34,2,2,"[4, 3, 1, 2, 0]",10-50
20,5,9,33,33,22,48,45,4,4,"[4, 3, 1, 2, 0]",10-50
20,5,10,107,125,130,173,152,4,3,"[4, 3, 1, 2, 0]",100-200
20,5,11,142,106,143,156,144,3,2,"[4, 3, 1, 2, 0]",100-200
20,5,12,303,365,236,382,288,3,1,"[4, 3, 1, 2, 0]",150-400
20,5,13,75,80,52,109,44,3,3,"[4, 3, 1, 2, 0]",40-120
20,5,14,156,333,225,354,400,4,4,"[4, 3, 1, 2, 0]",150-400
20,5,15,100,60,95,116,118,4,2,"[4, 3, 1, 2, 0]",40-120
20,5,16,152,181,133,165,197,1,4,"[4, 3, 1, 2, 0]",100-200
20,5,17,113,105,104,52,115,0,0,"[4, 3, 1, 2, 0]",40-120
20,5,18,192,102,128,101,121,0,0,"[4, 3, 1, 2, 0]",100-200
20,5,19,19,14,23,48,44,3,3,"[4, 3, 1, 2, 0]",10-50
20,6,0,314,390,234,320,194,1,1,"[2, 1, 3, 4, 0]",150-400
20,6,1,194,108,171,198,124,0,3,"[2, 1, 3, 4, 0]",100-200
20,6,2,21,48,14,30,15,1,1,"[2, 1, 3, 4, 0]",10-50
20,6,3,102,106,175,200,168,3,3,"[2, 1, 3, 4, 0]",100-200
20,6,4,72,102,69,114,47,3,3,"[2, 1, 3, 4, 0]",40-120
20,6,5,124,144,197,200,105,2,2,"[2, 1, 3, 4, 0]",100-200
20,6,6,175,151,174,177,158,1,2,"[2, 1, 3, 4, 0]",100-200
20,6,7,389,331,294,388,367,3,4,"[2, 1, 3, 4, 0]",150-400
20,6,8,47,120,116,114,118,4,4,"[2, 1, 3, 4, 0]",40-120
20,6,9,198,100,107,156,180,4,0,"[2, 1, 3, 4, 0]",100-200
20,6,10,19,39,19,49,42,3,3,"[2, 1, 3, 4, 0]",10-50
20,6,11,117,120,72,70,70,0,1,"[2, 1, 3, 4, 0]",40-120
20,6,12,52,70,105,80,58,2,2,"[2, 1, 3, 4, 0]",40-120
20,6,13,110,72,62,80,103,4,0,"[2, 1, 3, 4, 0]",40-120
20,6,14,11,39,50,29,50,2,4,"[2, 1, 3, 4, 0]",10-50
20,6,15,340,323,339,289,193,2,0,"[2, 1, 3, 4, 0]",150-400
20,6,16,92,106,46,83,67,1,1,"[2, 1, 3, 4, 0]",40-120
20,6,17,20,16,21,48,27,0,3,"[2, 1, 3, 4, 0]",10-50
20,6,18,25,30,13,19,29,4,4,"[2, 1, 3, 4, 0]",10-50
20,6,19,44,38,47,10,10,0,2,"[2, 1, 3, 4, 0]",10-50
20,7,0,36,44,46,26,10,1,2,"[3, 4, 2, 0, 1]",10-50
20,7,1,189,119,182,159,150,0,2,"[3, 4, 2, 0, 1]",100-200
20,7,2,116,98,46,90,84,1,0,"[3, 4, 2, 0, 1]",40-120
20,7,3,98,96,48,113,65,0,3,"[3, 4, 2, 0, 1]",40-120
20,7,4,84,47,81,117,72,3,3,"[3, 4, 2, 0, 1]",40-120
20,7,5,251,218,189,373,386,3,4,"[3, 4, 2, 0, 1]",150-400
20,7,6,91,96,85,47,95,4,4,"[3, 4, 2, 0, 1]",40-120
20,7,7,13,18,48,23,24,2,2,"[3, 4, 2, 0, 1]",10-50
20,7,8,158,162,151,167,124,3,1,"[3, 4, 2, 0, 1]",100-200
20,7,9,117,57,50,117,53,0,0,"[3, 4, 2, 0, 1]",40-120
20,7,10,21,36,12,40,41,3,4,"[3, 4, 2, 0, 1]",10-50
20,7,11,160,263,233,350,334,4,3,"[3, 4, 2, 0, 1]",150-400
20,7,12,390,338,340,216,304,2,0,"[3, 4, 2, 0, 1]",150-400
20,7,13,180,176,113,113,128,1,1,"[3, 4, 2, 0, 1]",100-200
20,7,14,106,147,187,122,189,4,2,"[3, 4, 2, 0, 1]",100-200
20,7,15,70,64,89,55,78,2,2,"[3, 4, 2, 0, 1]",40-120
20,7,16,44,31,26,11,25,0,0,"[3, 4, 2, 0, 1]",10-50
20,7,17,148,166,136,164,136,2,1,"[3, 4, 2, 0, 1]",100-200
20,7,18,21,46,35,13,26,1,1,"[3, 4, 2, 0, 1]",10-50
20,7,19,38,27,39,26,48,4,4,"[3, 4, 2, 0, 1]",10-50
20,8,0,118,88,69,76,78,0,0,"[1, 0, 4, 2, 3]",40-120
20,8,1,23,27,17,17,24,4,1,"[1, 0, 4, 2, 3]",10-50
20,8,2,117,102,98,70,69,1,0,"[1, 0, 4, 2, 3]",40-120
20,8,3,20,39,40,46,19,2,3,"[1, 0, 4, 2, 3]",10-50
20,8,4,67,67,75,86,74,3,3,"[1, 0, 4, 2, 3]",40-120
20,8,5,33,48,46,44,18,1,1,"[1, 0, 4, 2, 3]",10-50
20,8,6,85,56,99,43,109,2,4,"[1, 0, 4, 2, 3]",40-120
20,8,7,170,107,173,112,117,0,0,"[1, 0, 4, 2, 3]",100-200
20,8,8,141,105,176,170,120,4,2,"[1, 0, 4, 2, 3]",100-200
20,8,9,96,95,55,42,41,2,0,"[1, 0, 4, 2, 3]",40-120
20,8,10,305,260,380,157,211,0,2,"[1, 0, 4, 2, 3]",150-400
20,8,11,47,14,22,49,39,3,3,"[1, 0, 4, 2, 3]",10-50
20,8,12,120,129,120,180,183,3,4,"[1, 0, 4, 2, 3]",100-200
20,8,13,151,156,178,144,187,4,4,"[1, 0, 4, 2, 3]",100-200
20,8,14,197,358,295,284,171,2,1,"[1, 0, 4, 2, 3]",150-400
20,8,15,45,42,20,18,50,0,4,"[1, 0, 4, 2, 3]",10-50
20,8,16,37,32,27,47,19,3,3,"[1, 0, 4, 2, 3]",10-50
20,8,17,270,386,223,399,276,1,3,"[1, 0, 4, 2, 3]",150-400
20,8,18,117,50,49,75,112,4,0,"[1, 0, 4, 2, 3]",40-120
20,8,19,156,173,189,162,179,1,1,"[1, 0, 4, 2, 3]",100-200
20,9,0,327,335,395,383,365,0,3,"[0, 4, 3, 1, 2]",150-400
20,9,1,85,50,53,111,118,4,4,"[0, 4, 3, 1, 2]",40-120
20,9,2,31,12,49,36,27,2,2,"[0, 4, 3, 1, 2]",10-50
20,9,3,215,392,267,250,209,3,1,"[0, 4, 3, 1, 2]",150-400
20,9,4,110,174,181,140,173,1,2,"[0, 4, 3, 1, 2]",100-200
20,9,5,46,30,17,20,27,2,0,"[0, 4, 3, 1, 2]",10-50
20,9,6,22,24,25,28,30,3,4,"[0, 4, 3, 1, 2]",10-50
20,9,7,134,110,196,112,152,2,2,"[0, 4, 3, 1, 2]",100-200
20,9,8,167,161,189,163,156,3,0,"[0, 4, 3, 1, 2]",100-200
20,9,9,30,47,25,11,11,1,1,"[0, 4, 3, 1, 2]",10-50
20,9,10,157,281,152,294,333,4,4,"[0, 4, 3, 1, 2]",150-400
20,9,11,159,102,152,172,174,4,3,"[0, 4, 3, 1, 2]",100-200
20,9,12,73,97,110,75,94,1,2,"[0, 4, 3, 1, 2]",40-120
20,9,13,43,75,96,81,43,2,2,"[0, 4, 3, 1, 2]",40-120
20,9,14,81,59,87,68,89,3,4,"[0, 4, 3, 1, 2]",40-120
20,9,15,21,17,37,11,43,4,4,"[0, 4, 3, 1, 2]",10-50
20,9,16,116,65,49,87,83,0,0,"[0, 4, 3, 1, 2]",40-120
20,9,17,186,152,186,198,172,0,0,"[0, 4, 3, 1, 2]",100-200
20,9,18,50,41,47,20,25,0,0,"[0, 4, 3, 1, 2]",10-50
20,9,19,51,92,45,59,52,1,1,"[0, 4, 3, 1, 2]",40-120
20,10,0,27,32,48,45,45,2,3,"[1, 3, 4, 0, 2]",10-50
20,10,1,104,117,79,81,111,1,1,"[1, 3, 4, 0, 2]",40-120
20,10,2,46,103,111,70,115,3,1,"[1, 3, 4, 0, 2]",40-120
20,10,3,180,108,200,143,125,0,0,"[1, 3, 4, 0, 2]",100-200
20,10,4,377,265,260,153,172,1,0,"[1, 3, 4, 0, 2]",150-400
20,10,5,38,50,22,49,21,1,3,"[1, 3, 4, 0, 2]",10-50
20,10,6,63,41,84,44,102,0,4,"[1, 3, 4, 0, 2]",40-120
20,10,7,107,128,115,192,190,3,3,"[1, 3, 4, 0, 2]",100-200
20,10,8,105,194,130,172,150,1,1,"[1, 3, 4, 0, 2]",100-200
20,10,9,116,48,108,85,67,0,0,"[1, 3, 4, 0, 2]",40-120
20,10,10,132,147,122,147,154,4,3,"[1, 3, 4, 0, 2]",100-200
20,10,11,39,22,45,13,18,2,2,"[1, 3, 4, 0, 2]",10-50
20,10,12,154,197,335,165,322,4,4,"[1, 3, 4, 0, 2]",150-400
20,10,13,57,57,100,66,106,4,4,"[1, 3, 4, 0, 2]",40-120
20,10,14,17,44,33,36,13,3,1,"[1, 3, 4, 0, 2]",10-50
20,10,15,188,192,393,250,339,3,2,"[1, 3, 4, 0, 2]",150-400
20,10,16,122,136,190,123,129,2,2,"[1, 3, 4, 0, 2]",100-200
20,10,17,43,36,32,13,19,0,1,"[1, 3, 4, 0, 2]",10-50
20,10,18,17,48,16,33,31,4,1,"[1, 3, 4, 0, 2]",10-50
20,10,19,43,50,115,99,59,2,3,"[1, 3, 4, 0, 2]",40-120
20,11,0,21,18,20,16,46,4,4,"[2, 3, 1, 4, 0]",10-50
20,11,1,176,169,106,168,179,4,4,"[2, 3, 1, 4, 0]",100-200
20,11,2,182,136,180,170,149,3,3,"[2, 3, 1, 4, 0]",100-200
20,11,3,45,36,11,27,21,0,0,"[2, 3, 1, 4, 0]",10-50
20,11,4,14,42,34,27,28,1,1,"[2, 3, 1, 4, 0]",10-50
20,11,5,198,103,121,139,169,0,0,"[2, 3, 1, 4, 0]",100-200
20,11,6,20,41,38,16,39,2,1,"[2, 3, 1, 4, 0]",10-50
20,11,7,353,304,388,342,323,2,2,"[2, 3, 1, 4, 0]",150-400
20,11,8,93,61,43,63,90,4,4,"[2, 3, 1, 4, 0]",40-120
20,11,9,192,180,183,119,177,2,2,"[2, 3, 1, 4, 0]",100-200
20,11,10,153,397,325,316,398,3,1,"[2, 3, 1, 4, 0]",150-400
20,11,11,88,96,42,100,98,3,3,"[2, 3, 1, 4, 0]",40-120
20,11,12,98,75,54,53,106,1,4,"[2, 3, 1, 4, 0]",40-120
20,11,13,83,103,108,78,119,4,4,"[2, 3, 1, 4, 0]",40-120
20,11,14,114,57,100,75,64,0,0,"[2, 3, 1, 4, 0]",40-120
20,11,15,82,112,87,62,65,2,1,"[2, 3, 1, 4, 0]",40-120
20,11,16,317,263,287,204,266,1,0,"[2, 3, 1, 4, 0]",150-400
20,11,17,176,154,149,160,111,1,3,"[2, 3, 1, 4, 0]",100-200
20,11,18,49,15,23,14,21,0,0,"[2, 3, 1, 4, 0]",10-50
20,11,19,27,30,22,44,41,3,3,"[2, 3, 1, 4, 0]",10-50
20,12,0,28,35,19,50,48,4,4,"[0, 4, 3, 2, 1]",10-50
20,12,1,40,75,48,98,58,3,3,"[0, 4, 3, 2, 1]",40-120
20,12,2,43,12,29,48,20,0,0,"[0, 4, 3, 2, 1]",10-50
20,12,3,45,111,58,40,94,1,4,"[0, 4, 3, 2, 1]",40-120
20,12,4,195,113,152,169,169,2,4,"[0, 4, 3, 2, 1]",100-200
20,12,5,15,41,21,21,32,1,1,"[0, 4, 3, 2, 1]",10-50
20,12,6,97,58,40,48,104,4,4,"[0, 4, 3, 2, 1]",40-120
20,12,7,144,166,119,122,142,4,1,"[0, 4, 3, 2, 1]",100-200
20,12,8,391,355,207,164,214,0,0,"[0, 4, 3, 2, 1]",150-400
20,12,9,12,29,37,40,20,3,2,"[0, 4, 3, 2, 1]",10-50
20,12,10,227,259,158,393,268,4,3,"[0, 4, 3, 2, 1]",150-400
20,12,11,141,149,137,146,108,3,1,"[0, 4, 3, 2, 1]",100-200
20,12,12,236,171,379,315,240,3,2,"[0, 4, 3, 2, 1]",150-400
20,12,13,26,41,27,39,36,2,1,"[0, 4, 3, 2, 1]",10-50
20,12,14,35,48,17,18,20,1,1,"[0, 4, 3, 2, 1]",10-50
20,12,15,191,167,141,106,135,1,0,"[0, 4, 3, 2, 1]",100-200
20,12,16,190,102,127,177,110,0,3,"[0, 4, 3, 2, 1]",100-200
20,12,17,48,110,94,60,83,2,1,"[0, 4, 3, 2, 1]",40-120
20,12,18,95,51,99,49,43,2,2,"[0, 4, 3, 2, 1]",40-120
20,12,19,118,93,85,73,93,0,4,"[0, 4, 3, 2, 1]",40-120
20,13,0,146,106,138,176,185,4,4,"[3, 4, 2, 0, 1]",100-200
20,13,1,59,59,53,95,103,0,3,"[3, 4, 2, 0, 1]",40-120
20,13,2,11,13,24,23,33,1,4,"[3, 4, 2, 0, 1]",10-50
20,13,3,338,386,211,247,312,3,1,"[3, 4, 2, 0, 1]",150-400
20,13,4,90,56,105,73,58,0,2,"[3, 4, 2, 0, 1]",40-120
20,13,5,187,138,188,128,175,0,0,"[3, 4, 2, 0, 1]",100-200
20,13,6,62,47,108,99,102,2,3,"[3, 4, 2, 0, 1]",40-120
20,13,7,40,42,54,106,57,3,3,"[3, 4, 2, 0, 1]",40-120
20,13,8,16,34,37,47,34,3,3,"[3, 4, 2, 0, 1]",10-50
20,13,9,145,176,187,120,107,1,1,"[3, 4, 2, 0, 1]",100-200
20,13,10,255,298,395,247,226,2,2,"[3, 4, 2, 0, 1]",150-400
20,13,11,47,81,106,84,113,4,4,"[3, 4, 2, 0, 1]",40-120
20,13,12,109,135,144,165,117,2,3,"[3, 4, 2, 0, 1]",100-200
20,13,13,35,38,20,25,15,0,1,"[3, 4, 2, 0, 1]",10-50
20,13,14,48,41,14,25,16,1,0,"[3, 4, 2, 0, 1]",10-50
20,13,15,282,263,244,216,334,4,0,"[3, 4, 2, 0, 1]",150-400
20,13,16,45,95,102,75,58,1,2,"[3, 4, 2, 0, 1]",40-120
20,13,17,104,137,123,182,195,3,4,"[3, 4, 2, 0, 1]",100-200
20,13,18,26,15,18,23,42,4,4,"[3, 4, 2, 0, 1]",10-50
20,13,19,41,26,26,18,42,2,0,"[3, 4, 2, 0, 1]",10-50
20,14,0,276,291,239,285,290,4,3,"[2, 1, 4, 3, 0]",150-400
20,14,1,89,95,76,41,56,4,0,"[2, 1, 4, 3, 0]",40-120
20,14,2,96,105,80,80,97,1,1,"[2, 1, 4, 3, 0]",40-120
20,14,3,23,35,41,36,40,4,2,"[2, 1, 4, 3, 0]",10-50
20,14,4,113,112,46,66,71,0,0,"[2, 1, 4, 3, 0]",40-120
20,14,5,57,109,85,68,93,2,1,"[2, 1, 4, 3, 0]",40-120
20,14,6,112,105,181,168,199,2,2,"[2, 1, 4, 3, 0]",100-200
20,14,7,10,48,16,39,27,1,1,"[2, 1, 4, 3, 0]",10-50
20,14,8,345,373,288,151,297,2,0,"[2, 1, 4, 3, 0]",150-400
20,14,9,71,109,68,94,40,3,1,"[2, 1, 4, 3, 0]",40-120
20,14,10,199,149,179,107,149,0,2,"[2, 1, 4, 3, 0]",100-200
20,14,11,113,173,171,185,126,3,3,"[2, 1, 4, 3, 0]",100-200
20,14,12,40,13,28,19,15,0,0,"[2, 1, 4, 3, 0]",10-50
20,14,13,35,13,45,37,12,2,2,"[2, 1, 4, 3, 0]",10-50
20,14,14,225,318,277,212,331,1,4,"[2, 1, 4, 3, 0]",150-400
20,14,15,66,58,48,61,55,3,3,"[2, 1, 4, 3, 0]",40-120
20,14,16,109,148,125,150,190,4,4,"[2, 1, 4, 3, 0]",100-200
20,14,17,36,18,30,27,36,3,4,"[2, 1, 4, 3, 0]",10-50
20,14,18,160,200,114,150,156,1,1,"[2, 1, 4, 3, 0]",100-200
20,14,19,11,11,40,13,28,0,2,"[2, 1, 4, 3, 0]",10-50
20,15,0,115,114,42,40,111,0,4,"[1, 3, 4, 0, 2]",40-120
20,15,1,50,39,15,27,45,1,4,"[1, 3, 4, 0, 2]",10-50
20,15,2,54,45,117,97,108,3,2,"[1, 3, 4, 0, 2]",40-120
20,15,3,157,192,177,100,121,1,1,"[1, 3, 4, 0, 2]",100-200
20,15,4,22,23,38,43,39,3,3,"[1, 3, 4, 0, 2]",10-50
20,15,5,17,13,41,30,42,2,4,"[1, 3, 4, 0, 2]",10-50
20,15,6,18,11,26,25,23,2,3,"[1, 3, 4, 0, 2]",10-50
20,15,7,109,87,92,59,52,0,0,"[1, 3, 4, 0, 2]",40-120
20,15,8,148,113,127,150,115,4,3,"[1, 3, 4, 0, 2]",100-200
20,15,9,30,11,22,40,18,0,3,"[1, 3, 4, 0, 2]",10-50
20,15,10,262,176,365,198,373,4,2,"[1, 3, 4, 0, 2]",150-400
20,15,11,101,117,108,112,96,1,1,"[1, 3, 4, 0, 2]",40-120
20,15,12,193,155,176,134,155,0,0,"[1, 3, 4, 0, 2]",100-200
20,15,13,110,91,119,53,96,2,2,"[1, 3, 4, 0, 2]",40-120
20,15,14,152,195,196,197,144,2,1,"[1, 3, 4, 0, 2]",100-200
20,15,15,190,110,152,177,178,3,3,"[1, 3, 4, 0, 2]",100-200
20,15,16,323,191,150,281,335,3,4,"[1, 3, 4, 0, 2]",150-400
20,15,17,386,206,169,203,177,1,0,"[1, 3, 4, 0, 2]",150-400
20,15,18,20,38,25,20,50,4,4,"[1, 3, 4, 0, 2]",10-50
20,15,19,96,74,57,85,61,4,3,"[1, 3, 4, 0, 2]",40-120
20,16,0,39,30,28,32,15,0,0,"[3, 2, 1, 0, 4]",10-50
20,16,1,167,234,198,196,151,1,1,"[3, 2, 1, 0, 4]",150-400
20,16,2,41,94,50,63,86,4,4,"[3, 2, 1, 0, 4]",40-120
20,16,3,194,147,143,191,110,3,3,"[3, 2, 1, 0, 4]",100-200
20,16,4,20,15,48,19,36,2,2,"[3, 2, 1, 0, 4]",10-50
20,16,5,391,242,298,350,263,2,0,"[3, 2, 1, 0, 4]",150-400
20,16,6,87,67,73,104,55,3,3,"[3, 2, 1, 0, 4]",40-120
20,16,7,113,190,142,116,151,2,1,"[3, 2, 1, 0, 4]",100-200
20,16,8,104,94,68,59,90,0,0,"[3, 2, 1, 0, 4]",40-120
20,16,9,196,197,104,105,187,0,4,"[3, 2, 1, 0, 4]",100-200
20,16,10,92,63,46,57,41,0,0,"[3, 2, 1, 0, 4]",40-120
20,16,11,44,41,35,29,34,1,2,"[3, 2, 1, 0, 4]",10-50
20,16,12,44,35,41,48,47,4,4,"[3, 2, 1, 0, 4]",10-50
20,16,13,157,196,141,127,167,4,4,"[3, 2, 1, 0, 4]",100-200
20,16,14,19,33,28,12,29,4,2,"[3, 2, 1, 0, 4]",10-50
20,16,15,90,114,56,48,75,1,1,"[3, 2, 1, 0, 4]",40-120
20,16,16,186,121,139,179,117,1,3,"[3, 2, 1, 0, 4]",100-200
20,16,17,40,76,62,86,60,2,3,"[3, 2, 1, 0, 4]",40-120
20,16,18,30,29,12,49,22,3,3,"[3, 2, 1, 0, 4]",10-50
20,16,19,267,345,352,375,317,3,2,"[3, 2, 1, 0, 4]",150-400
20,17,0,41,50,24,16,30,1,1,"[1, 0, 3, 2, 4]",10-50
20,17,1,77,111,89,57,56,1,1,"[1, 0, 3, 2, 4]",40-120
20,17,2,221,261,159,288,189,3,3,"[1, 0, 3, 2, 4]",150-400
20,17,3,29,39,48,23,17,2,2,"[1, 0, 3, 2, 4]",10-50
20,17,4,42,37,28,21,27,0,0,"[1, 0, 3, 2, 4]",10-50
20,17,5,282,302,315,184,392,1,1,"[1, 0, 3, 2, 4]",150-400
20,17,6,26,27,43,32,34,4,2,"[1, 0, 3, 2, 4]",10-50
20,17,7,135,136,184,164,100,3,2,"[1, 0, 3, 2, 4]",100-200
20,17,8,163,118,186,149,199,2,2,"[1, 0, 3, 2, 4]",100-200
20,17,9,101,88,53,65,96,0,0,"[1, 0, 3, 2, 4]",40-120
20,17,10,191,178,117,132,196,0,0,"[1, 0, 3, 2, 4]",100-200
20,17,11,70,74,57,59,107,2,4,"[1, 0, 3, 2, 4]",40-120
20,17,12,161,102,155,165,200,4,4,"[1, 0, 3, 2, 4]",100-200
20,17,13,298,212,159,289,390,0,4,"[1, 0, 3, 2, 4]",150-400
20,17,14,32,42,47,32,28,3,1,"[1, 0, 3, 2, 4]",10-50
20,17,15,80,68,40,94,107,3,3,"[1, 0, 3, 2, 4]",40-120
20,17,16,79,110,68,104,111,4,3,"[1, 0, 3, 2, 4]",40-120
20,17,17,17,26,18,30,34,4,3,"[1, 0, 3, 2, 4]",10-50
20,17,18,105,87,118,44,105,2,2,"[1, 0, 3, 2, 4]",40-120
20,17,19,188,183,155,133,160,1,0,"[1, 0, 3, 2, 4]",100-200
20,18,0,48,112,84,120,92,1,3,"[2, 0, 3, 1, 4]",40-120
20,18,1,198,244,340,261,313,3,2,"[2, 0, 3, 1, 4]",150-400
20,18,2,111,199,112,197,167,1,1,"[2, 0, 3, 1, 4]",100-200
20,18,3,104,51,82,66,41,2,0,"[2, 0, 3, 1, 4]",40-120
20,18,4,44,22,23,18,42,0,4,"[2, 0, 3, 1, 4]",10-50
20,18,5,28,50,29,22,21,2,1,"[2, 0, 3, 1, 4]",10-50
20,18,6,20,39,26,41,49,4,4,"[2, 0, 3, 1, 4]",10-50
20,18,7,197,197,110,163,120,0,1,"[2, 0, 3, 1, 4]",100-200
20,18,8,102,87,50,94,44,0,0,"[2, 0, 3, 1, 4]",40-120
20,18,9,148,163,146,121,163,2,4,"[2, 0, 3, 1, 4]",100-200
20,18,10,114,64,114,104,120,4,4,"[2, 0, 3, 1, 4]",40-120
20,18,11,194,171,124,159,149,3,0,"[2, 0, 3, 1, 4]",100-200
20,18,12,87,63,75,107,77,3,3,"[2, 0, 3, 1, 4]",40-120
20,18,13,14,24,15,17,45,4,4,"[2, 0, 3, 1, 4]",10-50
20,18,14,11,48,18,28,29,1,1,"[2, 0, 3, 1, 4]",10-50
20,18,15,305,356,362,242,355,2,2,"[2, 0, 3, 1, 4]",150-400
20,18,16,42,71,58,56,67,1,4,"[2, 0, 3, 1, 4]",40-120
20,18,17,200,173,167,195,180,4,0,"[2, 0, 3, 1, 4]",100-200
20,18,18,25,24,22,31,47,3,4,"[2, 0, 3, 1, 4]",10-50
20,18,19,277,331,268,359,222,0,3,"[2, 0, 3, 1, 4]",150-400
20,19,0,45,73,117,84,120,2,4,"[1, 3, 4, 0, 2]",40-120
20,19,1,140,125,152,124,145,1,0,"[1, 3, 4, 0, 2]",100-200
20,19,2,91,115,64,74,80,1,1,"[1, 3, 4, 0, 2]",40-120
20,19,3,74,59,58,119,110,3,4,"[1, 3, 4, 0, 2]",40-120
20,19,4,27,37,43,20,43,2,4,"[1, 3, 4, 0, 2]",10-50
20,19,5,133,193,196,100,188,2,1,"[1, 3, 4, 0, 2]",100-200
20,19,6,56,80,72,96,57,0,1,"[1, 3, 4, 0, 2]",40-120
20,19,7,43,36,12,35,11,3,0,"[1, 3, 4, 0, 2]",10-50
20,19,8,49,43,29,49,47,1,1,"[1, 3, 4, 0, 2]",10-50
20,19,9,50,26,21,17,46,0,0,"[1, 3, 4, 0, 2]",10-50
20,19,10,24,30,44,33,40,2,4,"[1, 3, 4, 0, 2]",10-50
20,19,11,316,294,385,284,363,4,2,"[1, 3, 4, 0, 2]",150-400
20,19,12,174,148,193,112,111,0,2,"[1, 3, 4, 0, 2]",100-200
20,19,13,66,59,117,43,60,4,2,"[1, 3, 4, 0, 2]",40-120
20,19,14,130,116,141,193,134,3,3,"[1, 3, 4, 0, 2]",100-200
20,19,15,158,108,161,150,186,4,4,"[1, 3, 4, 0, 2]",100-200
20,19,16,367,316,367,353,183,1,0,"[1, 3, 4, 0, 2]",150-400
20,19,17,327,193,216,392,251,3,3,"[1, 3, 4, 0, 2]",150-400
20,19,18,10,35,28,19,48,4,4,"[1, 3, 4, 0, 2]",10-50
20,19,19,102,100,57,63,61,0,1,"[1, 3, 4, 0, 2]",40-120
20,20,0,152,304,156,293,188,1,1,"[2, 0, 1, 4, 3]",150-400
20,20,1,33,25,36,32,32,2,2,"[2, 0, 1, 4, 3]",10-50
20,20,2,38,40,33,11,31,0,1,"[2, 0, 1, 4, 3]",10-50
20,20,3,193,165,104,151,187,0,0,"[2, 0, 1, 4, 3]",100-200
20,20,4,77,73,103,83,112,1,2,"[2, 0, 1, 4, 3]",40-120
20,20,5,48,94,104,76,88,2,2,"[2, 0, 1, 4, 3]",40-120
20,20,6,92,73,97,108,83,3,2,"[2, 0, 1, 4, 3]",40-120
20,20,7,76,60,93,42,87,4,2,"[2, 0, 1, 4, 3]",40-120
20,20,8,44,47,11,43,31,3,3,"[2, 0, 1, 4, 3]",10-50
20,20,9,284,288,237,203,343,2,4,"[2, 0, 1, 4, 3]",150-400
20,20,10,17,34,13,42,14,1,3,"[2, 0, 1, 4, 3]",10-50
20,20,11,98,108,71,85,113,1,1,"[2, 0, 1, 4, 3]",40-120
20,20,12,119,100,102,174,149,4,3,"[2, 0, 1, 4, 3]",100-200
20,20,13,11,23,36,16,17,4,2,"[2, 0, 1, 4, 3]",10-50
20,20,14,200,110,136,193,188,4,0,"[2, 0, 1, 4, 3]",100-200
20,20,15,82,83,58,52,81,0,1,"[2, 0, 1, 4, 3]",40-120
20,20,16,18,15,33,39,10,3,3,"[2, 0, 1, 4, 3]",10-50
20,20,17,181,123,105,180,115,3,3,"[2, 0, 1, 4, 3]",100-200
20,20,18,312,312,213,267,393,0,4,"[2, 0, 1, 4, 3]",150-400
20,20,19,194,137,107,147,129,2,0,"[2, 0, 1, 4, 3]",100-200
20,21,0,49,17,10,29,14,0,0,"[3, 0, 4, 2, 1]",10-50
20,21,1,155,151,191,189,110,3,3,"[3, 0, 4, 2, 1]",100-200
20,21,2,56,71,96,54,60,2,2,"[3, 0, 4, 2, 1]",40-120
20,21,3,217,327,298,319,260,4,3,"[3, 0, 4, 2, 1]",150-400
20,21,4,164,349,204,321,153,3,1,"[3, 0, 4, 2, 1]",150-400
20,21,5,313,173,267,197,156,0,0,"[3, 0, 4, 2, 1]",150-400
20,21,6,35,38,48,41,13,2,2,"[3, 0, 4, 2, 1]",10-50
20,21,7,186,100,135,155,140,0,0,"[3, 0, 4, 2, 1]",100-200
20,21,8,105,194,119,164,190,1,4,"[3, 0, 4, 2, 1]",100-200
20,21,9,36,25,48,19,11,1,2,"[3, 0, 4, 2, 1]",10-50
20,21,10,77,64,105,40,50,0,2,"[3, 0, 4, 2, 1]",40-120
20,21,11,27,33,43,23,44,4,4,"[3, 0, 4, 2, 1]",10-50
20,21,12,25,10,25,44,46,3,4,"[3, 0, 4, 2, 1]",10-50
20,21,13,169,180,111,138,147,4,1,"[3, 0, 4, 2, 1]",100-200
20,21,14,23,44,23,31,31,1,4,"[3, 0, 4, 2, 1]",10-50
20,21,15,131,116,195,105,141,2,2,"[3, 0, 4, 2, 1]",100-200
20,21,16,87,87,45,42,59,1,1,"[3, 0, 4, 2, 1]",40-120
20,21,17,99,67,108,112,74,3,3,"[3, 0, 4, 2, 1]",40-120
20,21,18,55,77,46,44,110,4,4,"[3, 0, 4, 2, 1]",40-120
20,21,19,95,61,119,84,63,2,2,"[3, 0, 4, 2, 1]",40-120
20,22,0,49,22,30,48,40,0,0,"[0, 4, 2, 3, 1]",10-50
20,22,1,25,25,39,27,37,4,4,"[0, 4, 2, 3, 1]",10-50
20,22,2,26,50,25,12,28,1,1,"[0, 4, 2, 3, 1]",10-50
20,22,3,367,182,153,169,301,1,0,"[0, 4, 2, 3, 1]",150-400
20,22,4,112,108,109,136,114,3,3,"[0, 4, 2, 3, 1]",100-200
20,22,5,195,290,337,397,327,4,3,"[0, 4, 2, 3, 1]",150-400
20,22,6,73,66,49,97,92,3,4,"[0, 4, 2, 3, 1]",40-120
20,22,7,17,44,41,30,32,2,1,"[0, 4, 2, 3, 1]",10-50
20,22,8,40,49,30,18,26,3,1,"[0, 4, 2, 3, 1]",10-50
20,22,9,133,166,156,194,119,3,1,"[0, 4, 2, 3, 1]",100-200
20,22,10,155,164,101,141,128,4,1,"[0, 4, 2, 3, 1]",100-200
20,22,11,119,41,43,66,113,0,4,"[0, 4, 2, 3, 1]",40-120
20,22,12,88,116,115,84,82,2,1,"[0, 4, 2, 3, 1]",40-120
20,22,13,39,29,32,13,24,1,0,"[0, 4, 2, 3, 1]",10-50
20,22,14,373,152,356,302,264,0,2,"[0, 4, 2, 3, 1]",150-400
20,22,15,72,46,55,46,99,4,4,"[0, 4, 2, 3, 1]",40-120
20,22,16,95,96,70,113,76,1,3,"[0, 4, 2, 3, 1]",40-120
20,22,17,173,117,170,183,101,0,2,"[0, 4, 2, 3, 1]",100-200
20,22,18,103,128,187,199,173,2,4,"[0, 4, 2, 3, 1]",100-200
20,22,19,114,75,87,106,45,2,0,"[0, 4, 2, 3, 1]",40-120
20,23,0,61,63,100,79,56,3,2,"[1, 4, 3, 2, 0]",40-120
20,23,1,122,178,160,166,168,1,3,"[1, 4, 3, 2, 0]",100-200
20,23,2,38,36,37,46,27,2,0,"[1, 4, 3, 2, 0]",10-50
20,23,3,11,27,44,22,50,4,4,"[1, 4, 3, 2, 0]",10-50
20,23,4,22,39,24,48,41,3,3,"[1, 4, 3, 2, 0]",10-50
20,23,5,62,48,43,93,69,0,3,"[1, 4, 3, 2, 0]",40-120
20,23,6,132,139,148,129,118,4,2,"[1, 4, 3, 2, 0]",100-200
20,23,7,194,112,157,106,114,2,0,"[1, 4, 3, 2, 0]",100-200
20,23,8,50,19,12,25,18,0,0,"[1, 4, 3, 2, 0]",10-50
20,23,9,40,89,118,77,64,2,2,"[1, 4, 3, 2, 0]",40-120
20,23,10,196,163,103,131,197,0,0,"[1, 4, 3, 2, 0]",100-200
20,23,11,154,348,293,175,351,3,1,"[1, 4, 3, 2, 0]",150-400
20,23,12,53,70,88,92,112,4,4,"[1, 4, 3, 2, 0]",40-120
20,23,13,113,181,179,113,136,2,2,"[1, 4, 3, 2, 0]",100-200
20,23,14,297,361,294,184,327,1,1,"[1, 4, 3, 2, 0]",150-400
20,23,15,58,102,64,101,104,1,3,"[1, 4, 3, 2, 0]",40-120
20,23,16,29,44,16,38,21,1,3,"[1, 4, 3, 2, 0]",10-50
20,23,17,46,66,112,120,112,3,3,"[1, 4, 3, 2, 0]",40-120
20,23,18,290,339,183,332,389,4,4,"[1, 4, 3, 2, 0]",150-400
20,23,19,25,26,28,15,45,0,4,"[1, 4, 3, 2, 0]",10-50
20,24,0,198,113,190,109,152,4,0,"[2, 3, 1, 4, 0]",100-200
20,24,1,297,233,398,383,366,2,4,"[2, 3, 1, 4, 0]",150-400
20,24,2,230,388,261,363,157,1,1,"[2, 3, 1, 4, 0]",150-400
20,24,3,17,47,48,50,48,2,2,"[2, 3, 1, 4, 0]",10-50
20,24,4,122,116,142,144,119,3,2,"[2, 3, 1, 4, 0]",100-200
20,24,5,104,161,135,139,104,1,2,"[2, 3, 1, 4, 0]",100-200
20,24,6,112,49,74,108,101,4,0,"[2, 3, 1, 4, 0]",40-120
20,24,7,192,147,119,177,141,0,0,"[2, 3, 1, 4, 0]",100-200
20,24,8,310,289,273,389,165,3,3,"[2, 3, 1, 4, 0]",150-400
20,24,9,146,193,158,155,103,2,1,"[2, 3, 1, 4, 0]",100-200
20,24,10,20,17,32,49,25,3,3,"[2, 3, 1, 4, 0]",10-50
20,24,11,58,82,58,104,63,3,3,"[2, 3, 1, 4, 0]",40-120
20,24,12,51,67,90,44,79,2,2,"[2, 3, 1, 4, 0]",40-120
20,24,13,57,99,48,64,73,1,1,"[2, 3, 1, 4, 0]",40-120
20,24,14,96,76,53,54,96,0,4,"[2, 3, 1, 4, 0]",40-120
20,24,15,36,26,48,36,28,0,2,"[2, 3, 1, 4, 0]",10-50
20,24,16,42,45,32,41,45,0,4,"[2, 3, 1, 4, 0]",10-50
20,24,17,82,64,87,98,78,4,3,"[2, 3, 1, 4, 0]",40-120
20,24,18,39,12,14,21,36,4,0,"[2, 3, 1, 4, 0]",10-50
20,24,19,40,43,47,31,47,1,2,"[2, 3, 1, 4, 0]",10-50
20,25,0,166,185,155,124,162,1,4,"[3, 0, 4, 1, 2]",100-200
20,25,1,158,104,178,147,110,4,2,"[3, 0, 4, 1, 2]",100-200
20,25,2,150,152,190,199,165,2,3,"[3, 0, 4, 1, 2]",100-200
20,25,3,167,175,124,156,121,0,0,"[3, 0, 4, 1, 2]",100-200
20,25,4,120,58,92,71,68,0,0,"[3, 0, 4, 1, 2]",40-120
20,25,5,16,43,31,26,47,4,4,"[3, 0, 4, 1, 2]",10-50
20,25,6,85,48,82,46,79,1,0,"[3, 0, 4, 1, 2]",40-120
20,25,7,40,69,97,43,57,2,2,"[3, 0, 4, 1, 2]",40-120
20,25,8,16,43,28,40,20,1,1,"[3, 0, 4, 1, 2]",10-50
20,25,9,82,79,80,111,96,3,3,"[3, 0, 4, 1, 2]",40-120
20,25,10,117,100,66,84,99,4,0,"[3, 0, 4, 1, 2]",40-120
20,25,11,48,40,27,46,34,0,0,"[3, 0, 4, 1, 2]",10-50
20,25,12,16,44,50,44,17,2,1,"[3, 0, 4, 1, 2]",10-50
20,25,13,180,127,107,198,152,3,3,"[3, 0, 4, 1, 2]",100-200
20,25,14,39,10,48,42,29,2,3,"[3, 0, 4, 1, 2]",10-50
20,25,15,274,206,390,396,178,3,2,"[3, 0, 4, 1, 2]",150-400
20,25,16,276,255,358,314,331,0,4,"[3, 0, 4, 1, 2]",150-400
20,25,17,31,33,12,48,27,3,3,"[3, 0, 4, 1, 2]",10-50
20,25,18,205,382,217,353,227,4,1,"[3, 0, 4, 1, 2]",150-400
20,25,19,68,112,102,82,61,1,1,"[3, 0, 4, 1, 2]",40-120
20,26,0,157,155,125,162,108,3,0,"[2, 3, 1, 4, 0]",100-200
20,26,1,186,269,271,284,196,1,3,"[2, 3, 1, 4, 0]",150-400
20,26,2,126,104,141,153,170,4,4,"[2, 3, 1, 4, 0]",100-200
20,26,3,178,113,197,199,170,0,2,"[2, 3, 1, 4, 0]",100-200
20,26,4,108,166,128,176,171,4,3,"[2, 3, 1, 4, 0]",100-200
20,26,5,32,36,42,33,35,1,2,"[2, 3, 1, 4, 0]",10-50
20,26,6,48,92,48,94,65,4,1,"[2, 3, 1, 4, 0]",40-120
20,26,7,112,65,42,114,115,0,0,"[2, 3, 1, 4, 0]",40-120
20,26,8,109,100,76,114,79,1,0,"[2, 3, 1, 4, 0]",40-120
20,26,9,109,44,115,117,71,3,0,"[2, 3, 1, 4, 0]",40-120
20,26,10,60,118,78,113,49,1,1,"[2, 3, 1, 4, 0]",40-120
20,26,11,16,17,44,30,44,2,2,"[2, 3, 1, 4, 0]",10-50
20,26,12,48,65,120,105,61,2,2,"[2, 3, 1, 4, 0]",40-120
20,26,13,49,33,23,15,25,0,0,"[2, 3, 1, 4, 0]",10-50
20,26,14,175,400,378,367,298,2,1,"[2, 3, 1, 4, 0]",150-400
20,26,15,25,10,26,43,18,4,3,"[2, 3, 1, 4, 0]",10-50
20,26,16,111,147,162,157,146,2,2,"[2, 3, 1, 4, 0]",100-200
20,26,17,11,29,11,41,16,0,3,"[2, 3, 1, 4, 0]",10-50
20,26,18,204,304,359,328,357,3,4,"[2, 3, 1, 4, 0]",150-400
20,26,19,15,10,26,46,38,3,3,"[2, 3, 1, 4, 0]",10-50
20,27,0,73,52,64,102,51,2,3,"[3, 4, 2, 0, 1]",40-120
20,27,1,88,49,80,119,44,3,3,"[3, 4, 2, 0, 1]",40-120
20,27,2,15,16,46,33,41,1,2,"[3, 4, 2, 0, 1]",10-50
20,27,3,151,144,200,129,163,2,2,"[3, 4, 2, 0, 1]",100-200
20,27,4,54,96,51,66,75,0,1,"[3, 4, 2, 0, 1]",40-120
20,27,5,42,35,48,14,38,2,0,"[3, 4, 2, 0, 1]",10-50
20,27,6,14,12,11,36,29,3,3,"[3, 4, 2, 0, 1]",10-50
20,27,7,127,106,154,176,126,3,3,"[3, 4, 2, 0, 1]",100-200
20,27,8,360,317,339,328,352,3,4,"[3, 4, 2, 0, 1]",150-400
20,27,9,212,280,400,191,302,4,2,"[3, 4, 2, 0, 1]",150-400
20,27,10,172,187,113,128,132,1,1,"[3, 4, 2, 0, 1]",100-200
20,27,11,114,88,51,80,45,0,0,"[3, 4, 2, 0, 1]",40-120
20,27,12,110,97,53,51,85,1,0,"[3, 4, 2, 0, 1]",40-120
20,27,13,129,176,124,168,189,4,4,"[3, 4, 2, 0, 1]",100-200
20,27,14,114,79,57,76,102,4,0,"[3, 4, 2, 0, 1]",40-120
20,27,15,35,42,34,44,10,1,3,"[3, 4, 2, 0, 1]",10-50
20,27,16,196,181,125,173,154,2,0,"[3, 4, 2, 0, 1]",100-200
20,27,17,341,384,160,290,237,0,1,"[3, 4, 2, 0, 1]",150-400
20,27,18,24,12,40,16,47,4,4,"[3, 4, 2, 0, 1]",10-50
20,27,19,24,31,40,36,43,0,3,"[3, 4, 2, 0, 1]",10-50
20,28,0,268,307,159,389,384,4,3,"[4, 0, 3, 2, 1]",150-400
20,28,1,126,164,180,163,138,2,2,"[4, 0, 3, 2, 1]",100-200
20,28,2,212,186,225,189,370,0,4,"[4, 0, 3, 2, 1]",150-400
20,28,3,13,35,28,49,35,3,3,"[4, 0, 3, 2, 1]",10-50
20,28,4,12,38,36,48,40,2,3,"[4, 0, 3, 2, 1]",10-50
20,28,5,182,107,123,181,148,3,0,"[4, 0, 3, 2, 1]",100-200
20,28,6,10,46,44,49,48,1,1,"[4, 0, 3, 2, 1]",10-50
20,28,7,104,106,51,111,41,0,1,"[4, 0, 3, 2, 1]",40-120
20,28,8,200,128,134,195,146,0,0,"[4, 0, 3, 2, 1]",100-200
20,28,9,124,166,116,136,186,1,1,"[4, 0, 3, 2, 1]",100-200
20,28,10,180,147,109,101,157,4,0,"[4, 0, 3, 2, 1]",100-200
20,28,11,15,11,38,14,46,4,4,"[4, 0, 3, 2, 1]",10-50
20,28,12,81,54,44,118,58,3,3,"[4, 0, 3, 2, 1]",40-120
20,28,13,101,86,54,88,56,2,1,"[4, 0, 3, 2, 1]",40-120
20,28,14,207,307,333,295,245,3,2,"[4, 0, 3, 2, 1]",150-400
20,28,15,100,84,75,47,102,2,4,"[4, 0, 3, 2, 1]",40-120
20,28,16,16,42,19,30,31,1,1,"[4, 0, 3, 2, 1]",10-50
20,28,17,43,10,36,50,28,0,3,"[4, 0, 3, 2, 1]",10-50
20,28,18,78,112,45,55,61,1,1,"[4, 0, 3, 2, 1]",40-120
20,28,19,86,47,49,92,112,4,4,"[4, 0, 3, 2, 1]",40-120
20,29,0,263,381,399,178,378,2,4,"[2, 3, 4, 1, 0]",150-400
20,29,1,196,140,119,188,126,0,0,"[2, 3, 4, 1, 0]",100-200
20,29,2,34,30,31,50,39,3,3,"[2, 3, 4, 1, 0]",10-50
20,29,3,272,199,346,327,208,3,2,"[2, 3, 4, 1, 0]",150-400
20,29,4,74,119,108,104,105,1,1,"[2, 3, 4, 1, 0]",40-120
20,29,5,171,138,158,138,130,4,0,"[2, 3, 4, 1, 0]",100-200
20,29,6,334,227,215,182,248,4,0,"[2, 3, 4, 1, 0]",150-400
20,29,7,111,84,110,43,49,0,2,"[2, 3, 4, 1, 0]",40-120
20,29,8,37,35,36,25,45,4,4,"[2, 3, 4, 1, 0]",10-50
20,29,9,46,112,106,102,88,2,1,"[2, 3, 4, 1, 0]",40-120
20,29,10,51,117,66,43,113,4,1,"[2, 3, 4, 1, 0]",40-120
20,29,11,167,128,189,198,157,2,3,"[2, 3, 4, 1, 0]",100-200
20,29,12,40,10,46,35,31,2,2,"[2, 3, 4, 1, 0]",10-50
20,29,13,173,162,140,131,155,1,1,"[2, 3, 4, 1, 0]",100-200
20,29,14,190,126,173,199,142,3,3,"[2, 3, 4, 1, 0]",100-200
20,29,15,48,32,23,25,49,0,4,"[2, 3, 4, 1, 0]",10-50
20,29,16,85,74,69,113,95,3,3,"[2, 3, 4, 1, 0]",40-120
20,29,17,86,82,104,97,51,1,2,"[2, 3, 4, 1, 0]",40-120
20,29,18,15,16,10,28,11,0,3,"[2, 3, 4, 1, 0]",10-50
20,29,19,17,38,45,36,27,1,1,"[2, 3, 4, 1, 0]",10-50
20,30,0,32,23,23,26,22,4,0,"[3, 1, 0, 2, 4]",10-50
20,30,1,175,167,200,136,162,2,2,"[3, 1, 0, 2, 4]",100-200
20,30,2,55,62,90,80,85,0,2,"[3, 1, 0, 2, 4]",40-120
20,30,3,55,83,75,89,101,3,4,"[3, 1, 0, 2, 4]",40-120
20,30,4,113,107,95,76,56,1,0,"[3, 1, 0, 2, 4]",40-120
20,30,5,40,38,29,31,26,1,1,"[3, 1, 0, 2, 4]",10-50
20,30,6,188,195,142,147,128,1,1,"[3, 1, 0, 2, 4]",100-200
20,30,7,135,179,191,137,165,4,1,"[3, 1, 0, 2, 4]",100-200
20,30,8,128,137,123,174,145,3,3,"[3, 1, 0, 2, 4]",100-200
20,30,9,62,83,45,70,105,4,4,"[3, 1, 0, 2, 4]",40-120
20,30,10,21,40,15,34,46,4,4,"[3, 1, 0, 2, 4]",10-50
20,30,11,227,190,281,250,280,0,4,"[3, 1, 0, 2, 4]",150-400
20,30,12,28,20,38,50,24,3,3,"[3, 1, 0, 2, 4]",10-50
20,30,13,362,364,195,385,276,3,3,"[3, 1, 0, 2, 4]",150-400
20,30,14,12,16,47,33,25,2,2,"[3, 1, 0, 2, 4]",10-50
20,30,15,48,34,47,32,20,0,0,"[3, 1, 0, 2, 4]",10-50
20,30,16,161,101,192,126,112,0,2,"[3, 1, 0, 2, 4]",100-200
20,30,17,54,71,94,41,41,2,2,"[3, 1, 0, 2, 4]",40-120
20,30,18,42,118,120,115,62,2,1,"[3, 1, 0, 2, 4]",40-120
20,30,19,387,253,211,357,281,1,0,"[3, 1, 0, 2, 4]",150-400
20,31,0,187,126,172,185,195,0,3,"[3, 1, 2, 0, 4]",100-200
20,31,1,89,109,112,54,75,1,1,"[3, 1, 2, 0, 4]",40-120
20,31,2,255,237,194,246,394,3,4,"[3, 1, 2, 0, 4]",150-400
20,31,3,183,109,117,107,125,0,0,"[3, 1, 2, 0, 4]",100-200
20,31,4,164,111,187,115,153,4,0,"[3, 1, 2, 0, 4]",100-200
20,31,5,17,30,16,38,16,0,3,"[3, 1, 2, 0, 4]",10-50
20,31,6,100,55,76,83,81,0,0,"[3, 1, 2, 0, 4]",40-120
20,31,7,195,337,179,210,383,1,1,"[3, 1, 2, 0, 4]",150-400
20,31,8,22,22,30,39,17,3,3,"[3, 1, 2, 0, 4]",10-50
20,31,9,62,110,99,105,120,4,4,"[3, 1, 2, 0, 4]",40-120
20,31,10,54,80,80,114,77,3,3,"[3, 1, 2, 0, 4]",40-120
20,31,11,36,43,32,17,32,1,0,"[3, 1, 2, 0, 4]",10-50
20,31,12,95,63,115,57,56,2,2,"[3, 1, 2, 0, 4]",40-120
20,31,13,12,35,48,21,35,4,2,"[3, 1, 2, 0, 4]",10-50
20,31,14,154,134,101,182,145,3,3,"[3, 1, 2, 0, 4]",100-200
20,31,15,13,19,16,33,33,4,4,"[3, 1, 2, 0, 4]",10-50
20,31,16,96,101,118,70,40,2,2,"[3, 1, 2, 0, 4]",40-120
20,31,17,211,234,328,225,197,2,2,"[3, 1, 2, 0, 4]",150-400
20,31,18,23,11,45,31,30,2,2,"[3, 1, 2, 0, 4]",10-50
20,31,19,137,173,139,126,124,1,1,"[3, 1, 2, 0, 4]",100-200
20,32,0,180,154,132,146,192,4,4,"[0, 2, 3, 1, 4]",100-200
20,32,1,40,31,12,32,47,4,4,"[0, 2, 3, 1, 4]",10-50
20,32,2,200,381,225,316,314,3,1,"[0, 2, 3, 1, 4]",150-400
20,32,3,107,54,72,57,119,4,4,"[0, 2, 3, 1, 4]",40-120
20,32,4,78,76,120,87,66,2,2,"[0, 2, 3, 1, 4]",40-120
20,32,5,54,115,95,83,118,1,1,"[0, 2, 3, 1, 4]",40-120
20,32,6,28,20,19,13,30,4,4,"[0, 2, 3, 1, 4]",10-50
20,32,7,88,105,99,61,81,0,1,"[0, 2, 3, 1, 4]",40-120
20,32,8,322,179,261,155,243,0,0,"[0, 2, 3, 1, 4]",150-400
20,32,9,20,46,49,25,16,2,2,"[0, 2, 3, 1, 4]",10-50
20,32,10,129,107,187,110,164,2,2,"[0, 2, 3, 1, 4]",100-200
20,32,11,114,160,142,190,128,1,3,"[0, 2, 3, 1, 4]",100-200
20,32,12,46,39,48,50,16,0,3,"[0, 2, 3, 1, 4]",10-50
20,32,13,35,27,39,13,21,1,0,"[0, 2, 3, 1, 4]",10-50
20,32,14,164,158,173,104,180,3,4,"[0, 2, 3, 1, 4]",100-200
20,32,15,34,23,20,41,10,3,3,"[0, 2, 3, 1, 4]",10-50
20,32,16,198,119,196,158,163,0,0,"[0, 2, 3, 1, 4]",100-200
20,32,17,58,93,57,104,104,3,3,"[0, 2, 3, 1, 4]",40-120
20,32,18,77,81,58,80,68,1,3,"[0, 2, 3, 1, 4]",40-120
20,32,19,212,291,297,269,291,2,2,"[0, 2, 3, 1, 4]",150-400
20,33,0,60,60,41,101,41,0,3,"[4, 0, 2, 1, 3]",40-120
20,33,1,115,106,160,163,192,2,4,"[4, 0, 2, 1, 3]",100-200
20,33,2,177,151,157,167,133,3,0,"[4, 0, 2, 1, 3]",100-200
20,33,3,11,43,50,28,40,2,2,"[4, 0, 2, 1, 3]",10-50
20,33,4,30,44,11,41,22,3,1,"[4, 0, 2, 1, 3]",10-50
20,33,5,21,34,14,18,28,3,1,"[4, 0, 2, 1, 3]",10-50
20,33,6,181,190,105,172,178,1,1,"[4, 0, 2, 1, 3]",100-200
20,33,7,371,298,253,323,205,0,0,"[4, 0, 2, 1, 3]",150-400
20,33,8,186,129,102,152,195,4,4,"[4, 0, 2, 1, 3]",100-200
20,33,9,43,56,100,96,63,2,2,"[4, 0, 2, 1, 3]",40-120
20,33,10,43,32,31,29,50,4,4,"[4, 0, 2, 1, 3]",10-50
20,33,11,192,254,227,361,274,2,3,"[4, 0, 2, 1, 3]",150-400
20,33,12,37,50,44,36,39,1,1,"[4, 0, 2, 1, 3]",10-50
20,33,13,40,108,44,48,51,1,1,"[4, 0, 2, 1, 3]",40-120
20,33,14,47,41,111,104,79,4,2,"[4, 0, 2, 1, 3]",40-120
20,33,15,105,111,75,80,69,1,1,"[4, 0, 2, 1, 3]",40-120
20,33,16,38,19,25,36,33,0,0,"[4, 0, 2, 1, 3]",10-50
20,33,17,311,277,219,381,302,4,3,"[4, 0, 2, 1, 3]",150-400
20,33,18,96,57,96,116,118,3,4,"[4, 0, 2, 1, 3]",40-120
20,33,19,196,149,187,104,180,0,2,"[4, 0, 2, 1, 3]",100-200
20,34,0,43,67,55,59,75,4,4,"[3, 1, 4, 0, 2]",40-120
20,34,1,28,24,39,46,23,2,3,"[3, 1, 4, 0, 2]",10-50
20,34,2,23,20,27,24,16,0,2,"[3, 1, 4, 0, 2]",10-50
20,34,3,57,90,98,58,57,0,2,"[3, 1, 4, 0, 2]",40-120
20,34,4,15,37,28,37,26,2,3,"[3, 1, 4, 0, 2]",10-50
20,34,5,59,98,98,111,59,3,3,"[3, 1, 4, 0, 2]",40-120
20,34,6,107,195,176,118,196,2,4,"[3, 1, 4, 0, 2]",100-200
20,34,7,80,96,116,119,70,2,3,"[3, 1, 4, 0, 2]",40-120
20,34,8,103,72,78,113,81,0,3,"[3, 1, 4, 0, 2]",40-120
20,34,9,183,164,191,108,192,0,0,"[3, 1, 4, 0, 2]",100-200
20,34,10,48,34,24,40,37,4,0,"[3, 1, 4, 0, 2]",10-50
20,34,11,142,160,126,145,130,1,1,"[3, 1, 4, 0, 2]",100-200
20,34,12,207,384,322,391,316,3,1,"[3, 1, 4, 0, 2]",150-400
20,34,13,49,49,31,20,14,1,0,"[3, 1, 4, 0, 2]",10-50
20,34,14,242,296,389,292,333,1,2,"[3, 1, 4, 0, 2]",150-400
20,34,15,196,183,228,388,357,4,4,"[3, 1, 4, 0, 2]",150-400
20,34,16,181,105,161,137,127,4,0,"[3, 1, 4, 0, 2]",100-200
20,34,17,104,144,156,170,118,3,3,"[3, 1, 4, 0, 2]",100-200
20,34,18,43,50,30,49,19,3,0,"[3, 1, 4, 0, 2]",10-50
20,34,19,83,110,82,77,48,1,1,"[3, 1, 4, 0, 2]",40-120
20,35,0,85,48,84,71,92,3,4,"[0, 2, 1, 3, 4]",40-120
20,35,1,80,56,106,120,98,3,3,"[0, 2, 1, 3, 4]",40-120
20,35,2,110,192,125,144,126,1,1,"[0, 2, 1, 3, 4]",100-200
20,35,3,43,47,33,16,34,0,4,"[0, 2, 1, 3, 4]",10-50
20,35,4,24,18,15,48,27,3,3,"[0, 2, 1, 3, 4]",10-50
20,35,5,59,116,106,90,44,2,2,"[0, 2, 1, 3, 4]",40-120
20,35,6,44,10,23,50,48,4,3,"[0, 2, 1, 3, 4]",10-50
20,35,7,173,106,167,106,123,0,0,"[0, 2, 1, 3, 4]",100-200
20,35,8,28,32,36,25,11,1,2,"[0, 2, 1, 3, 4]",10-50
20,35,9,136,174,129,105,100,2,1,"[0, 2, 1, 3, 4]",100-200
20,35,10,22,32,25,36,47,4,4,"[0, 2, 1, 3, 4]",10-50
20,35,11,315,374,229,267,220,0,1,"[0, 2, 1, 3, 4]",150-400
20,35,12,105,108,52,97,70,1,3,"[0, 2, 1, 3, 4]",40-120
20,35,13,33,37,43,21,34,2,2,"[0, 2, 1, 3, 4]",10-50
20,35,14,115,70,76,73,43,0,0,"[0, 2, 1, 3, 4]",40-120
20,35,15,232,337,351,200,330,2,4,"[0, 2, 1, 3, 4]",150-400
20,35,16,115,97,61,100,100,4,0,"[0, 2, 1, 3, 4]",40-120
20,35,17,192,132,126,134,136,4,0,"[0, 2, 1, 3, 4]",100-200
20,35,18,189,142,185,175,115,3,3,"[0, 2, 1, 3, 4]",100-200
20,35,19,302,383,320,282,218,1,2,"[0, 2, 1, 3, 4]",150-400
20,36,0,49,19,38,42,44,4,0,"[1, 4, 2, 0, 3]",10-50
20,36,1,94,51,106,47,78,4,2,"[1, 4, 2, 0, 3]",40-120
20,36,2,290,309,176,321,198,1,1,"[1, 4, 2, 0, 3]",150-400
20,36,3,119,63,118,77,68,0,2,"[1, 4, 2, 0, 3]",40-120
20,36,4,50,70,47,42,40,0,1,"[1, 4, 2, 0, 3]",40-120
20,36,5,113,112,57,86,44,1,0,"[1, 4, 2, 0, 3]",40-120
20,36,6,80,50,53,73,70,2,0,"[1, 4, 2, 0, 3]",40-120
20,36,7,115,175,198,143,182,4,2,"[1, 4, 2, 0, 3]",100-200
20,36,8,27,23,15,48,33,3,3,"[1, 4, 2, 0, 3]",10-50
20,36,9,187,152,160,131,144,0,0,"[1, 4, 2, 0, 3]",100-200
20,36,10,41,16,29,33,10,0,0,"[1, 4, 2, 0, 3]",10-50
20,36,11,27,27,29,12,44,3,4,"[1, 4, 2, 0, 3]",10-50
20,36,12,105,108,120,90,99,3,2,"[1, 4, 2, 0, 3]",40-120
20,36,13,168,185,112,111,152,1,1,"[1, 4, 2, 0, 3]",100-200
20,36,14,224,303,322,352,339,2,3,"[1, 4, 2, 0, 3]",150-400
20,36,15,144,150,138,179,148,3,3,"[1, 4, 2, 0, 3]",100-200
20,36,16,14,50,25,10,27,1,1,"[1, 4, 2, 0, 3]",10-50
20,36,17,164,214,286,292,341,4,4,"[1, 4, 2, 0, 3]",150-400
20,36,18,43,46,44,16,26,2,0,"[1, 4, 2, 0, 3]",10-50
20,36,19,181,104,152,133,174,2,4,"[1, 4, 2, 0, 3]",100-200
20,37,0,17,20,29,24,28,1,2,"[3, 2, 1, 4, 0]",10-50
20,37,1,49,118,93,111,79,3,3,"[3, 2, 1, 4, 0]",40-120
20,37,2,125,162,128,138,193,3,4,"[3, 2, 1, 4, 0]",100-200
20,37,3,337,261,319,357,388,2,0,"[3, 2, 1, 4, 0]",150-400
20,37,4,68,117,53,65,119,4,4,"[3, 2, 1, 4, 0]",40-120
20,37,5,162,110,199,154,180,0,2,"[3, 2, 1, 4, 0]",100-200
20,37,6,48,40,39,32,39,0,0,"[3, 2, 1, 4, 0]",10-50
20,37,7,10,15,28,49,18,0,3,"[3, 2, 1, 4, 0]",10-50
20,37,8,145,195,122,185,200,4,4,"[3, 2, 1, 4, 0]",100-200
20,37,9,29,45,17,42,50,4,4,"[3, 2, 1, 4, 0]",10-50
20,37,10,123,179,116,129,170,1,1,"[3, 2, 1, 4, 0]",100-200
20,37,11,159,187,167,135,126,2,2,"[3, 2, 1, 4, 0]",100-200
20,37,12,255,353,297,395,272,3,3,"[3, 2, 1, 4, 0]",150-400
20,37,13,66,107,65,65,53,1,1,"[3, 2, 1, 4, 0]",40-120
20,37,14,58,67,76,79,99,2,2,"[3, 2, 1, 4, 0]",40-120
20,37,15,23,13,13,12,43,4,4,"[3, 2, 1, 4, 0]",10-50
20,37,16,114,113,82,97,115,0,0,"[3, 2, 1, 4, 0]",40-120
20,37,17,41,72,60,75,48,3,3,"[3, 2, 1, 4, 0]",40-120
20,37,18,314,383,168,275,359,1,1,"[3, 2, 1, 4, 0]",150-400
20,37,19,15,10,46,46,45,2,2,"[3, 2, 1, 4, 0]",10-50
20,38,0,64,40,78,106,55,2,3,"[4, 3, 0, 1, 2]",40-120
20,38,1,13,34,23,45,38,3,3,"[4, 3, 0, 1, 2]",10-50
20,38,2,172,195,109,173,104,1,1,"[4, 3, 0, 1, 2]",100-200
20,38,3,49,83,53,41,45,0,1,"[4, 3, 0, 1, 2]",40-120
20,38,4,79,95,78,103,81,4,2,"[4, 3, 0, 1, 2]",40-120
20,38,5,18,12,14,44,16,2,3,"[4, 3, 0, 1, 2]",10-50
20,38,6,178,177,151,103,193,4,2,"[4, 3, 0, 1, 2]",100-200
20,38,7,184,161,135,108,171,0,1,"[4, 3, 0, 1, 2]",100-200
20,38,8,194,112,118,144,134,3,0,"[4, 3, 0, 1, 2]",100-200
20,38,9,11,25,12,31,48,4,4,"[4, 3, 0, 1, 2]",10-50
20,38,10,75,42,62,95,75,3,3,"[4, 3, 0, 1, 2]",40-120
20,38,11,201,267,290,398,390,4,4,"[4, 3, 0, 1, 2]",150-400
20,38,12,327,264,271,354,268,3,3,"[4, 3, 0, 1, 2]",150-400
20,38,13,33,35,26,29,42,0,4,"[4, 3, 0, 1, 2]",10-50
20,38,14,15,42,21,29,29,1,1,"[4, 3, 0, 1, 2]",10-50
20,38,15,384,179,212,276,210,0,0,"[4, 3, 0, 1, 2]",150-400
20,38,16,151,153,167,113,196,2,2,"[4, 3, 0, 1, 2]",100-200
20,38,17,20,45,44,31,49,2,2,"[4, 3, 0, 1, 2]",10-50
20,38,18,45,74,41,80,61,1,1,"[4, 3, 0, 1, 2]",40-120
20,38,19,104,106,88,101,119,1,4,"[4, 3, 0, 1, 2]",40-120
20,39,0,65,89,57,78,74,4,3,"[1, 0, 2, 4, 3]",40-120
20,39,1,22,27,23,30,38,3,4,"[1, 0, 2, 4, 3]",10-50
20,39,2,37,20,40,45,34,3,3,"[1, 0, 2, 4, 3]",10-50
20,39,3,85,94,70,53,50,0,1,"[1, 0, 2, 4, 3]",40-120
20,39,4,255,277,156,198,159,0,1,"[1, 0, 2, 4, 3]",150-400
20,39,5,70,51,97,60,69,2,2,"[1, 0, 2, 4, 3]",40-120
20,39,6,19,50,10,22,22,1,1,"[1, 0, 2, 4, 3]",10-50
20,39,7,43,15,18,44,42,0,3,"[1, 0, 2, 4, 3]",10-50
20,39,8,138,111,129,185,199,4,3,"[1, 0, 2, 4, 3]",100-200
20,39,9,190,163,132,136,184,0,4,"[1, 0, 2, 4, 3]",100-200
20,39,10,79,115,101,111,82,3,3,"[1, 0, 2, 4, 3]",40-120
20,39,11,395,290,238,167,398,1,0,"[1, 0, 2, 4, 3]",150-400
20,39,12,36,24,31,29,20,2,0,"[1, 0, 2, 4, 3]",10-50
20,39,13,237,168,265,341,373,2,4,"[1, 0, 2, 4, 3]",150-400
20,39,14,107,75,115,107,107,4,2,"[1, 0, 2, 4, 3]",40-120
20,39,15,90,107,118,101,91,1,2,"[1, 0, 2, 4, 3]",40-120
20,39,16,109,170,176,143,144,3,2,"[1, 0, 2, 4, 3]",100-200
20,39,17,22,46,31,20,39,4,1,"[1, 0, 2, 4, 3]",10-50
20,39,18,171,148,157,141,131,2,0,"[1, 0, 2, 4, 3]",100-200
20,39,19,117,193,110,136,139,1,1,"[1, 0, 2, 4, 3]",100-200
20,40,0,84,92,47,118,72,0,3,"[1, 2, 4, 0, 3]",40-120
20,40,1,34,22,21,17,24,3,0,"[1, 2, 4, 0, 3]",10-50
20,40,2,193,189,114,162,104,0,0,"[1, 2, 4, 0, 3]",100-200
20,40,3,45,10,11,40,32,0,0,"[1, 2, 4, 0, 3]",10-50
20,40,4,44,68,108,74,70,2,2,"[1, 2, 4, 0, 3]",40-120
20,40,5,60,112,61,73,56,1,1,"[1, 2, 4, 0, 3]",40-120
20,40,6,118,103,150,195,188,3,4,"[1, 2, 4, 0, 3]",100-200
20,40,7,47,75,101,67,76,3,2,"[1, 2, 4, 0, 3]",40-120
20,40,8,292,323,248,258,343,4,1,"[1, 2, 4, 0, 3]",150-400
20,40,9,53,71,46,84,81,4,4,"[1, 2, 4, 0, 3]",40-120
20,40,10,246,345,360,273,253,1,2,"[1, 2, 4, 0, 3]",150-400
20,40,11,182,132,180,121,120,1,0,"[1, 2, 4, 0, 3]",100-200
20,40,12,168,283,287,283,323,2,4,"[1, 2, 4, 0, 3]",150-400
20,40,13,23,34,50,46,11,2,2,"[1, 2, 4, 0, 3]",10-50
20,40,14,70,77,51,106,100,3,3,"[1, 2, 4, 0, 3]",40-120
20,40,15,43,26,10,13,44,4,0,"[1, 2, 4, 0, 3]",10-50
20,40,16,149,128,169,189,182,2,3,"[1, 2, 4, 0, 3]",100-200
20,40,17,16,38,39,19,30,1,1,"[1, 2, 4, 0, 3]",10-50
20,40,18,50,19,14,24,16,0,0,"[1, 2, 4, 0, 3]",10-50
20,40,19,156,113,139,185,174,4,3,"[1, 2, 4, 0, 3]",100-200
20,41,0,356,316,360,178,275,1,0,"[2, 3, 1, 0, 4]",150-400
20,41,1,106,105,107,98,85,0,3,"[2, 3, 1, 0, 4]",40-120
20,41,2,13,11,25,25,10,4,3,"[2, 3, 1, 0, 4]",10-50
20,41,3,84,77,117,69,76,4,2,"[2, 3, 1, 0, 4]",40-120
20,41,4,198,127,180,108,102,0,0,"[2, 3, 1, 0, 4]",100-200
20,41,5,33,10,41,18,36,2,4,"[2, 3, 1, 0, 4]",10-50
20,41,6,105,69,52,117,40,3,3,"[2, 3, 1, 0, 4]",40-120
20,41,7,88,95,84,62,68,2,1,"[2, 3, 1, 0, 4]",40-120
20,41,8,294,311,289,188,170,3,1,"[2, 3, 1, 0, 4]",150-400
20,41,9,171,166,189,158,113,2,2,"[2, 3, 1, 0, 4]",100-200
20,41,10,100,197,154,138,188,4,4,"[2, 3, 1, 0, 4]",100-200
20,41,11,134,124,127,146,136,1,3,"[2, 3, 1, 0, 4]",100-200
20,41,12,66,48,43,76,41,0,3,"[2, 3, 1, 0, 4]",40-120
20,41,13,18,29,19,28,30,0,4,"[2, 3, 1, 0, 4]",10-50
20,41,14,34,33,18,33,10,1,1,"[2, 3, 1, 0, 4]",10-50
20,41,15,18,37,12,46,44,3,3,"[2, 3, 1, 0, 4]",10-50
20,41,16,77,93,74,47,72,1,1,"[2, 3, 1, 0, 4]",40-120
20,41,17,26,34,43,24,50,4,4,"[2, 3, 1, 0, 4]",10-50
20,41,18,181,120,128,162,165,3,4,"[2, 3, 1, 0, 4]",100-200
20,41,19,300,376,390,226,352,2,2,"[2, 3, 1, 0, 4]",150-400
20,42,0,79,41,67,69,113,4,4,"[2, 4, 1, 3, 0]",40-120
20,42,1,101,45,76,72,68,0,0,"[2, 4, 1, 3, 0]",40-120
20,42,2,89,95,82,105,70,3,3,"[2, 4, 1, 3, 0]",40-120
20,42,3,182,115,181,100,153,1,0,"[2, 4, 1, 3, 0]",100-200
20,42,4,98,81,58,89,59,1,0,"[2, 4, 1, 3, 0]",40-120
20,42,5,109,128,147,166,199,4,4,"[2, 4, 1, 3, 0]",100-200
20,42,6,50,28,39,19,49,0,0,"[2, 4, 1, 3, 0]",10-50
20,42,7,34,17,36,21,23,0,0,"[2, 4, 1, 3, 0]",10-50
20,42,8,35,11,26,36,15,3,0,"[2, 4, 1, 3, 0]",10-50
20,42,9,41,48,42,44,49,2,4,"[2, 4, 1, 3, 0]",10-50
20,42,10,27,32,18,50,18,1,3,"[2, 4, 1, 3, 0]",10-50
20,42,11,67,52,113,88,102,2,2,"[2, 4, 1, 3, 0]",40-120
20,42,12,118,109,198,186,151,2,3,"[2, 4, 1, 3, 0]",100-200
20,42,13,56,53,109,58,63,3,2,"[2, 4, 1, 3, 0]",40-120
20,42,14,293,284,337,196,173,3,1,"[2, 4, 1, 3, 0]",150-400
20,42,15,235,242,400,315,264,2,2,"[2, 4, 1, 3, 0]",150-400
20,42,16,335,323,318,328,161,1,1,"[2, 4, 1, 3, 0]",150-400
20,42,17,133,181,157,114,192,4,4,"[2, 4, 1, 3, 0]",100-200
20,42,18,191,167,188,193,157,0,3,"[2, 4, 1, 3, 0]",100-200
20,42,19,48,48,19,37,38,4,0,"[2, 4, 1, 3, 0]",10-50
20,43,0,48,36,33,21,34,0,0,"[4, 2, 3, 1, 0]",10-50
20,43,1,329,255,193,228,192,3,0,"[4, 2, 3, 1, 0]",150-400
20,43,2,20,29,15,24,39,1,4,"[4, 2, 3, 1, 0]",10-50
20,43,3,363,308,341,385,247,4,3,"[4, 2, 3, 1, 0]",150-400
20,43,4,55,85,91,57,84,1,1,"[4, 2, 3, 1, 0]",40-120
20,43,5,38,12,17,27,20,3,0,"[4, 2, 3, 1, 0]",10-50
20,43,6,123,129,144,115,107,2,2,"[4, 2, 3, 1, 0]",100-200
20,43,7,195,341,399,318,219,2,2,"[4, 2, 3, 1, 0]",150-400
20,43,8,86,46,65,102,81,1,3,"[4, 2, 3, 1, 0]",40-120
20,43,9,109,194,142,124,183,4,1,"[4, 2, 3, 1, 0]",100-200
20,43,10,37,15,18,28,17,2,0,"[4, 2, 3, 1, 0]",10-50
20,43,11,60,56,92,106,100,3,3,"[4, 2, 3, 1, 0]",40-120
20,43,12,105,152,142,112,171,3,4,"[4, 2, 3, 1, 0]",100-200
20,43,13,49,70,106,84,119,4,4,"[4, 2, 3, 1, 0]",40-120
20,43,14,104,48,93,75,55,0,0,"[4, 2, 3, 1, 0]",40-120
20,43,15,171,197,177,172,151,1,1,"[4, 2, 3, 1, 0]",100-200
20,43,16,73,75,116,58,113,2,2,"[4, 2, 3, 1, 0]",40-120
20,43,17,181,104,113,146,182,0,4,"[4, 2, 3, 1, 0]",100-200
20,43,18,18,28,12,24,26,0,1,"[4, 2, 3, 1, 0]",10-50
20,43,19,26,22,19,34,50,4,4,"[4, 2, 3, 1, 0]",10-50
20,44,0,297,363,273,390,221,3,3,"[4, 2, 3, 1, 0]",150-400
20,44,1,176,131,117,157,200,4,4,"[4, 2, 3, 1, 0]",100-200
20,44,2,102,50,87,101,81,1,3,"[4, 2, 3, 1, 0]",40-120
20,44,3,50,15,48,30,39,0,2,"[4, 2, 3, 1, 0]",10-50
20,44,4,398,172,190,152,261,4,0,"[4, 2, 3, 1, 0]",150-400
20,44,5,47,12,37,32,48,4,4,"[4, 2, 3, 1, 0]",10-50
20,44,6,47,33,34,45,41,3,4,"[4, 2, 3, 1, 0]",10-50
20,44,7,164,188,134,182,198,1,1,"[4, 2, 3, 1, 0]",100-200
20,44,8,72,76,66,120,43,3,3,"[4, 2, 3, 1, 0]",40-120
20,44,9,32,13,19,41,31,1,3,"[4, 2, 3, 1, 0]",10-50
20,44,10,159,155,131,130,193,3,4,"[4, 2, 3, 1, 0]",100-200
20,44,11,96,83,93,94,118,4,4,"[4, 2, 3, 1, 0]",40-120
20,44,12,109,111,70,65,57,1,1,"[4, 2, 3, 1, 0]",40-120
20,44,13,374,301,292,150,228,2,0,"[4, 2, 3, 1, 0]",150-400
20,44,14,166,169,133,152,133,2,1,"[4, 2, 3, 1, 0]",100-200
20,44,15,82,99,103,55,99,2,2,"[4, 2, 3, 1, 0]",40-120
20,44,16,197,129,163,108,118,0,2,"[4, 2, 3, 1, 0]",100-200
20,44,17,116,97,112,68,111,0,2,"[4, 2, 3, 1, 0]",40-120
20,44,18,12,11,40,35,42,0,2,"[4, 2, 3, 1, 0]",10-50
20,44,19,49,27,45,22,22,2,2,"[4, 2, 3, 1, 0]",10-50
20,45,0,174,108,190,199,172,4,4,"[4, 3, 2, 1, 0]",100-200
20,45,1,66,80,111,49,40,2,2,"[4, 3, 2, 1, 0]",40-120
20,45,2,216,301,315,374,359,3,3,"[4, 3, 2, 1, 0]",150-400
20,45,3,85,90,103,113,71,1,1,"[4, 3, 2, 1, 0]",40-120
20,45,4,180,138,185,103,166,2,2,"[4, 3, 2, 1, 0]",100-200
20,45,5,20,45,28,36,25,1,1,"[4, 3, 2, 1, 0]",10-50
20,45,6,23,49,41,17,28,2,1,"[4, 3, 2, 1, 0]",10-50
20,45,7,321,287,234,270,339,2,0,"[4, 3, 2, 1, 0]",150-400
20,45,8,299,251,274,297,368,4,4,"[4, 3, 2, 1, 0]",150-400
20,45,9,185,144,121,199,170,0,0,"[4, 3, 2, 1, 0]",100-200
20,45,10,114,148,178,180,121,1,1,"[4, 3, 2, 1, 0]",100-200
20,45,11,29,40,15,15,44,0,1,"[4, 3, 2, 1, 0]",10-50
20,45,12,45,22,41,32,32,0,0,"[4, 3, 2, 1, 0]",10-50
20,45,13,63,81,111,64,94,4,2,"[4, 3, 2, 1, 0]",40-120
20,45,14,95,55,57,117,49,3,3,"[4, 3, 2, 1, 0]",40-120
20,45,15,95,120,77,42,66,1,1,"[4, 3, 2, 1, 0]",40-120
20,45,16,65,61,61,119,83,3,3,"[4, 3, 2, 1, 0]",40-120
20,45,17,109,104,137,112,114,0,2,"[4, 3, 2, 1, 0]",100-200
20,45,18,24,24,18,12,49,4,4,"[4, 3, 2, 1, 0]",10-50
20,45,19,18,15,42,45,28,3,2,"[4, 3, 2, 1, 0]",10-50
20,46,0,30,46,33,13,49,1,4,"[2, 3, 1, 4, 0]",10-50
20,46,1,191,177,126,173,128,3,1,"[2, 3, 1, 4, 0]",100-200
20,46,2,316,217,380,201,335,2,2,"[2, 3, 1, 4, 0]",150-400
20,46,3,138,191,170,123,171,1,1,"[2, 3, 1, 4, 0]",100-200
20,46,4,21,15,43,22,50,2,4,"[2, 3, 1, 4, 0]",10-50
20,46,5,65,92,93,92,55,1,2,"[2, 3, 1, 4, 0]",40-120
20,46,6,42,70,49,59,64,4,1,"[2, 3, 1, 4, 0]",40-120
20,46,7,64,96,97,72,54,2,1,"[2, 3, 1, 4, 0]",40-120
20,46,8,88,107,86,79,115,4,4,"[2, 3, 1, 4, 0]",40-120
20,46,9,126,121,172,157,107,1,2,"[2, 3, 1, 4, 0]",100-200
20,46,10,23,45,25,22,41,4,1,"[2, 3, 1, 4, 0]",10-50
20,46,11,39,10,30,42,39,0,3,"[2, 3, 1, 4, 0]",10-50
20,46,12,27,39,14,50,36,3,3,"[2, 3, 1, 4, 0]",10-50
20,46,13,114,118,192,152,195,2,4,"[2, 3, 1, 4, 0]",100-200
20,46,14,192,153,195,165,112,0,0,"[2, 3, 1, 4, 0]",100-200
20,46,15,52,57,69,108,43,3,3,"[2, 3, 1, 4, 0]",40-120
20,46,16,282,303,309,383,366,3,3,"[2, 3, 1, 4, 0]",150-400
20,46,17,74,40,95,89,114,0,4,"[2, 3, 1, 4, 0]",40-120
20,46,18,344,164,157,316,320,4,0,"[2, 3, 1, 4, 0]",150-400
20,46,19,49,21,49,30,47,0,0,"[2, 3, 1, 4, 0]",10-50
20,47,0,25,17,28,44,22,0,3,"[2, 3, 1, 0, 4]",10-50
20,47,1,167,121,147,176,107,2,3,"[2, 3, 1, 0, 4]",100-200
20,47,2,95,60,86,118,47,3,3,"[2, 3, 1, 0, 4]",40-120
20,47,3,16,12,22,46,44,4,3,"[2, 3, 1, 0, 4]",10-50
20,47,4,41,109,51,54,91,1,1,"[2, 3, 1, 0, 4]",40-120
20,47,5,22,30,26,45,34,3,3,"[2, 3, 1, 0, 4]",10-50
20,47,6,99,102,118,87,73,2,2,"[2, 3, 1, 0, 4]",40-120
20,47,7,63,49,63,53,57,0,0,"[2, 3, 1, 0, 4]",40-120
20,47,8,110,171,176,132,188,4,4,"[2, 3, 1, 0, 4]",100-200
20,47,9,112,105,112,57,68,0,2,"[2, 3, 1, 0, 4]",40-120
20,47,10,315,236,329,291,190,2,2,"[2, 3, 1, 0, 4]",150-400
20,47,11,94,76,51,41,96,4,4,"[2, 3, 1, 0, 4]",40-120
20,47,12,170,173,101,107,175,0,4,"[2, 3, 1, 0, 4]",100-200
20,47,13,22,42,17,36,23,1,1,"[2, 3, 1, 0, 4]",10-50
20,47,14,169,132,133,151,122,1,0,"[2, 3, 1, 0, 4]",100-200
20,47,15,351,329,320,265,177,3,0,"[2, 3, 1, 0, 4]",150-400
20,47,16,25,20,16,34,19,4,3,"[2, 3, 1, 0, 4]",10-50
20,47,17,147,121,129,152,182,3,4,"[2, 3, 1, 0, 4]",100-200
20,47,18,45,50,41,20,21,2,1,"[2, 3, 1, 0, 4]",10-50
20,47,19,228,315,220,231,237,1,1,"[2, 3, 1, 0, 4]",150-400
20,48,0,12,24,45,28,17,4,2,"[1, 0, 2, 3, 4]",10-50
20,48,1,114,112,96,51,49,1,0,"[1, 0, 2, 3, 4]",40-120
20,48,2,72,83,87,74,96,2,2,"[1, 0, 2, 3, 4]",40-120
20,48,3,32,35,20,20,14,0,1,"[1, 0, 2, 3, 4]",10-50
20,48,4,44,74,77,40,98,3,4,"[1, 0, 2, 3, 4]",40-120
20,48,5,296,315,299,297,393,1,1,"[1, 0, 2, 3, 4]",150-400
20,48,6,191,188,152,121,149,1,0,"[1, 0, 2, 3, 4]",100-200
20,48,7,93,111,86,109,49,0,1,"[1, 0, 2, 3, 4]",40-120
20,48,8,21,40,23,32,37,3,1,"[1, 0, 2, 3, 4]",10-50
20,48,9,10,16,49,25,37,2,2,"[1, 0, 2, 3, 4]",10-50
20,48,10,172,177,179,122,153,0,2,"[1, 0, 2, 3, 4]",100-200
20,48,11,304,205,163,302,381,0,3,"[1, 0, 2, 3, 4]",150-400
20,48,12,42,80,76,75,115,4,4,"[1, 0, 2, 3, 4]",40-120
20,48,13,187,147,152,106,184,4,0,"[1, 0, 2, 3, 4]",100-200
20,48,14,57,85,108,115,111,3,3,"[1, 0, 2, 3, 4]",40-120
20,48,15,45,37,19,13,48,4,0,"[1, 0, 2, 3, 4]",10-50
20,48,16,43,49,13,29,23,1,1,"[1, 0, 2, 3, 4]",10-50
20,48,17,273,193,178,253,355,3,4,"[1, 0, 2, 3, 4]",150-400
20,48,18,170,165,147,186,107,2,3,"[1, 0, 2, 3, 4]",100-200
20,48,19,115,146,196,150,127,2,2,"[1, 0, 2, 3, 4]",100-200
20,49,0,154,119,125,127,179,0,4,"[1, 0, 2, 3, 4]",100-200
20,49,1,16,30,19,35,31,3,3,"[1, 0, 2, 3, 4]",10-50
20,49,2,91,113,120,77,58,2,1,"[1, 0, 2, 3, 4]",40-120
20,49,3,143,112,190,127,118,2,2,"[1, 0, 2, 3, 4]",100-200
20,49,4,288,269,156,214,243,1,0,"[1, 0, 2, 3, 4]",150-400
20,49,5,164,234,321,318,219,2,3,"[1, 0, 2, 3, 4]",150-400
20,49,6,101,144,172,127,185,4,4,"[1, 0, 2, 3, 4]",100-200
20,49,7,97,49,80,62,70,0,0,"[1, 0, 2, 3, 4]",40-120
20,49,8,65,64,56,42,98,4,4,"[1, 0, 2, 3, 4]",40-120
20,49,9,137,200,110,152,199,3,1,"[1, 0, 2, 3, 4]",100-200
20,49,10,47,18,47,10,24,0,0,"[1, 0, 2, 3, 4]",10-50
20,49,11,55,59,105,94,87,3,3,"[1, 0, 2, 3, 4]",40-120
20,49,12,28,38,38,22,17,1,2,"[1, 0, 2, 3, 4]",10-50
20,49,13,15,31,25,17,40,4,4,"[1, 0, 2, 3, 4]",10-50
20,49,14,32,13,37,43,27,3,3,"[1, 0, 2, 3, 4]",10-50
20,49,15,71,106,49,48,118,4,4,"[1, 0, 2, 3, 4]",40-120
20,49,16,71,118,63,74,94,1,1,"[1, 0, 2, 3, 4]",40-120
20,49,17,38,36,46,35,31,2,0,"[1, 0, 2, 3, 4]",10-50
20,49,18,105,162,166,127,146,1,1,"[1, 0, 2, 3, 4]",100-200
20,49,19,292,168,387,304,324,0,2,"[1, 0, 2, 3, 4]",150-400
30,0,0,128,107,183,147,146,2,2,"[2, 3, 4, 0, 1]",100-200
30,0,1,89,86,92,47,55,1,2,"[2, 3, 4, 0, 1]",40-120
30,0,2,92,49,51,113,71,3,3,"[2, 3, 4, 0, 1]",40-120
30,0,3,56,74,40,53,56,3,1,"[2, 3, 4, 0, 1]",40-120
30,0,4,191,151,174,148,137,0,2,"[2, 3, 4, 0, 1]",100-200
30,0,5,32,35,40,42,15,2,2,"[2, 3, 4, 0, 1]",10-50
30,0,6,306,166,330,348,186,2,3,"[2, 3, 4, 0, 1]",150-400
30,0,7,189,156,129,139,171,1,4,"[2, 3, 4, 0, 1]",100-200
30,0,8,119,101,131,175,152,3,3,"[2, 3, 4, 0, 1]",100-200
30,0,9,118,60,80,114,96,0,0,"[2, 3, 4, 0, 1]",40-120
30,0,10,17,42,29,49,13,3,3,"[2, 3, 4, 0, 1]",10-50
30,0,11,105,111,141,192,152,3,3,"[2, 3, 4, 0, 1]",100-200
30,0,12,46,25,40,43,17,0,0,"[2, 3, 4, 0, 1]",10-50
30,0,13,98,74,100,62,86,0,2,"[2, 3, 4, 0, 1]",40-120
30,0,14,142,138,180,184,141,2,2,"[2, 3, 4, 0, 1]",100-200
30,0,15,169,131,173,114,196,4,4,"[2, 3, 4, 0, 1]",100-200
30,0,16,379,247,240,235,202,0,0,"[2, 3, 4, 0, 1]",150-400
30,0,17,19,44,38,10,31,0,1,"[2, 3, 4, 0, 1]",10-50
30,0,18,36,39,43,10,23,2,2,"[2, 3, 4, 0, 1]",10-50
30,0,19,108,109,66,115,62,1,1,"[2, 3, 4, 0, 1]",40-120
30,0,20,97,98,92,81,106,4,4,"[2, 3, 4, 0, 1]",40-120
30,0,21,54,100,114,47,105,2,4,"[2, 3, 4, 0, 1]",40-120
30,0,22,347,374,248,248,293,4,1,"[2, 3, 4, 0, 1]",150-400
30,0,23,338,314,224,301,294,3,0,"[2, 3, 4, 0, 1]",150-400
30,0,24,23,49,13,37,39,1,1,"[2, 3, 4, 0, 1]",10-50
30,0,25,48,41,29,42,43,4,4,"[2, 3, 4, 0, 1]",10-50
30,0,26,59,40,58,82,102,4,4,"[2, 3, 4, 0, 1]",40-120
30,0,27,147,155,155,105,112,1,1,"[2, 3, 4, 0, 1]",100-200
30,0,28,11,30,24,47,31,1,3,"[2, 3, 4, 0, 1]",10-50
30,0,29,13,31,14,32,38,4,4,"[2, 3, 4, 0, 1]",10-50
30,1,0,146,192,165,143,129,1,1,"[3, 0, 1, 2, 4]",100-200
30,1,1,94,100,102,40,116,4,4,"[3, 0, 1, 2, 4]",40-120
30,1,2,222,185,311,316,268,4,3,"[3, 0, 1, 2, 4]",150-400
30,1,3,185,112,143,105,191,0,0,"[3, 0, 1, 2, 4]",100-200
30,1,4,13,15,35,33,27,2,2,"[3, 0, 1, 2, 4]",10-50
30,1,5,45,46,40,36,40,1,0,"[3, 0, 1, 2, 4]",10-50
30,1,6,50,90,82,57,91,1,4,"[3, 0, 1, 2, 4]",40-120
30,1,7,37,30,35,20,34,4,0,"[3, 0, 1, 2, 4]",10-50
30,1,8,87,45,95,78,75,0,2,"[3, 0, 1, 2, 4]",40-120
30,1,9,69,113,101,110,40,3,1,"[3, 0, 1, 2, 4]",40-120
30,1,10,44,40,29,26,23,0,0,"[3, 0, 1, 2, 4]",10-50
30,1,11,25,33,28,27,46,4,4,"[3, 0, 1, 2, 4]",10-50
30,1,12,40,28,28,50,27,3,3,"[3, 0, 1, 2, 4]",10-50
30,1,13,102,160,167,149,146,1,1,"[3, 0, 1, 2, 4]",100-200
30,1,14,47,95,108,105,51,2,2,"[3, 0, 1, 2, 4]",40-120
30,1,15,295,236,323,256,300,0,0,"[3, 0, 1, 2, 4]",150-400
30,1,16,169,153,125,100,178,4,4,"[3, 0, 1, 2, 4]",100-200
30,1,17,54,84,82,42,103,4,4,"[3, 0, 1, 2, 4]",40-120
30,1,18,47,49,28,18,18,0,0,"[3, 0, 1, 2, 4]",10-50
30,1,19,118,124,188,130,166,2,2,"[3, 0, 1, 2, 4]",100-200
30,1,20,36,37,15,29,28,1,0,"[3, 0, 1, 2, 4]",10-50
30,1,21,319,263,333,380,303,3,3,"[3, 0, 1, 2, 4]",150-400
30,1,22,47,84,48,86,97,3,4,"[3, 0, 1, 2, 4]",40-120
30,1,23,17,39,50,17,25,2,2,"[3, 0, 1, 2, 4]",10-50
30,1,24,60,58,86,43,98,2,4,"[3, 0, 1, 2, 4]",40-120
30,1,25,109,105,80,78,44,0,0,"[3, 0, 1, 2, 4]",40-120
30,1,26,153,172,163,182,103,3,3,"[3, 0, 1, 2, 4]",100-200
30,1,27,151,190,158,159,165,3,1,"[3, 0, 1, 2, 4]",100-200
30,1,28,159,200,114,194,114,1,1,"[3, 0, 1, 2, 4]",100-200
30,1,29,242,182,386,349,201,2,2,"[3, 0, 1, 2, 4]",150-400
30,2,0,18,34,22,27,11,0,1,"[3, 1, 4, 2, 0]",10-50
30,2,1,71,82,77,88,115,3,4,"[3, 1, 4, 2, 0]",40-120
30,2,2,132,159,193,183,173,2,2,"[3, 1, 4, 2, 0]",100-200
30,2,3,72,61,56,82,104,4,4,"[3, 1, 4, 2, 0]",40-120
30,2,4,116,113,116,74,73,1,1,"[3, 1, 4, 2, 0]",40-120
30,2,5,123,151,182,179,163,3,3,"[3, 1, 4, 2, 0]",100-200
30,2,6,108,131,194,198,142,3,3,"[3, 1, 4, 2, 0]",100-200
30,2,7,75,59,63,77,75,3,3,"[3, 1, 4, 2, 0]",40-120
30,2,8,156,107,135,166,155,4,3,"[3, 1, 4, 2, 0]",100-200
30,2,9,29,30,49,33,28,2,2,"[3, 1, 4, 2, 0]",10-50
30,2,10,343,259,177,313,396,4,4,"[3, 1, 4, 2, 0]",150-400
30,2,11,99,104,78,120,41,0,3,"[3, 1, 4, 2, 0]",40-120
30,2,12,14,23,13,45,45,4,4,"[3, 1, 4, 2, 0]",10-50
30,2,13,152,186,147,110,199,4,4,"[3, 1, 4, 2, 0]",100-200
30,2,14,20,27,32,44,36,4,3,"[3, 1, 4, 2, 0]",10-50
30,2,15,210,258,355,240,356,2,2,"[3, 1, 4, 2, 0]",150-400
30,2,16,98,105,97,81,104,1,1,"[3, 1, 4, 2, 0]",40-120
30,2,17,21,47,44,26,26,1,1,"[3, 1, 4, 2, 0]",10-50
30,2,18,232,329,311,325,153,3,1,"[3, 1, 4, 2, 0]",150-400
30,2,19,168,147,102,148,113,0,0,"[3, 1, 4, 2, 0]",100-200
30,2,20,17,11,45,50,14,3,3,"[3, 1, 4, 2, 0]",10-50
30,2,21,91,50,68,56,86,0,0,"[3, 1, 4, 2, 0]",40-120
30,2,22,52,103,112,74,55,2,2,"[3, 1, 4, 2, 0]",40-120
30,2,23,330,317,288,236,188,1,0,"[3, 1, 4, 2, 0]",150-400
30,2,24,20,28,24,43,24,2,3,"[3, 1, 4, 2, 0]",10-50
30,2,25,50,35,42,35,16,0,0,"[3, 1, 4, 2, 0]",10-50
30,2,26,94,67,89,68,60,2,2,"[3, 1, 4, 2, 0]",40-120
30,2,27,160,194,112,105,119,1,1,"[3, 1, 4, 2, 0]",100-200
30,2,28,171,123,136,143,167,0,0,"[3, 1, 4, 2, 0]",100-200
30,2,29,49,38,35,43,34,1,0,"[3, 1, 4, 2, 0]",10-50
30,3,0,146,102,158,187,109,2,3,"[0, 2, 3, 4, 1]",100-200
30,3,1,149,194,181,172,122,1,1,"[0, 2, 3, 4, 1]",100-200
30,3,2,231,247,336,179,225,2,2,"[0, 2, 3, 4, 1]",150-400
30,3,3,38,12,14,36,30,1,3,"[0, 2, 3, 4, 1]",10-50
30,3,4,165,158,120,192,120,0,3,"[0, 2, 3, 4, 1]",100-200
30,3,5,60,85,41,65,49,1,1,"[0, 2, 3, 4, 1]",40-120
30,3,6,56,80,67,68,43,2,1,"[0, 2, 3, 4, 1]",40-120
30,3,7,28,50,37,48,30,3,1,"[0, 2, 3, 4, 1]",10-50
30,3,8,47,100,118,44,80,1,2,"[0, 2, 3, 4, 1]",40-120
30,3,9,359,228,221,178,225,0,0,"[0, 2, 3, 4, 1]",150-400
30,3,10,123,137,195,163,176,2,2,"[0, 2, 3, 4, 1]",100-200
30,3,11,105,172,169,196,191,3,4,"[0, 2, 3, 4, 1]",100-200
30,3,12,67,86,52,70,72,3,1,"[0, 2, 3, 4, 1]",40-120
30,3,13,324,371,280,202,395,4,4,"[0, 2, 3, 4, 1]",150-400
30,3,14,19,50,21,45,31,1,1,"[0, 2, 3, 4, 1]",10-50
30,3,15,357,339,199,228,263,3,0,"[0, 2, 3, 4, 1]",150-400
30,3,16,172,167,160,159,155,0,2,"[0, 2, 3, 4, 1]",100-200
30,3,17,61,81,90,103,67,3,3,"[0, 2, 3, 4, 1]",40-120
30,3,18,39,11,10,42,44,4,3,"[0, 2, 3, 4, 1]",10-50
30,3,19,120,41,63,45,70,0,0,"[0, 2, 3, 4, 1]",40-120
30,3,20,48,42,38,18,45,4,4,"[0, 2, 3, 4, 1]",10-50
30,3,21,26,25,37,27,45,2,4,"[0, 2, 3, 4, 1]",10-50
30,3,22,79,48,72,78,86,4,4,"[0, 2, 3, 4, 1]",40-120
30,3,23,43,44,36,46,21,3,3,"[0, 2, 3, 4, 1]",10-50
30,3,24,76,61,64,63,82,4,4,"[0, 2, 3, 4, 1]",40-120
30,3,25,156,151,141,158,136,4,3,"[0, 2, 3, 4, 1]",100-200
30,3,26,81,72,65,48,62,0,1,"[0, 2, 3, 4, 1]",40-120
30,3,27,100,198,124,106,176,1,1,"[0, 2, 3, 4, 1]",100-200
30,3,28,48,39,24,22,40,0,0,"[0, 2, 3, 4, 1]",10-50
30,3,29,12,41,42,33,27,2,2,"[0, 2, 3, 4, 1]",10-50
30,4,0,128,102,185,112,139,4,2,"[4, 0, 1, 3, 2]",100-200
30,4,1,35,34,33,41,15,0,3,"[4, 0, 1, 3, 2]",10-50
30,4,2,188,184,203,165,166,2,2,"[4, 0, 1, 3, 2]",150-400
30,4,3,348,173,199,235,180,0,0,"[4, 0, 1, 3, 2]",150-400
30,4,4,116,98,43,111,42,3,3,"[4, 0, 1, 3, 2]",40-120
30,4,5,115,121,104,174,153,3,3,"[4, 0, 1, 3, 2]",100-200
30,4,6,22,14,31,38,36,4,4,"[4, 0, 1, 3, 2]",10-50
30,4,7,28,34,18,37,10,3,3,"[4, 0, 1, 3, 2]",10-50
30,4,8,88,70,100,94,41,3,3,"[4, 0, 1, 3, 2]",40-120
30,4,9,186,197,147,135,125,1,1,"[4, 0, 1, 3, 2]",100-200
30,4,10,355,303,311,181,316,4,4,"[4, 0, 1, 3, 2]",150-400
30,4,11,45,38,29,33,21,0,0,"[4, 0, 1, 3, 2]",10-50
30,4,12,65,73,63,47,66,4,1,"[4, 0, 1, 3, 2]",40-120
30,4,13,87,94,56,60,44,1,1,"[4, 0, 1, 3, 2]",40-120
30,4,14,176,157,114,171,141,3,0,"[4, 0, 1, 3, 2]",100-200
30,4,15,188,200,148,171,198,4,4,"[4, 0, 1, 3, 2]",100-200
30,4,16,24,36,45,11,32,1,2,"[4, 0, 1, 3, 2]",10-50
30,4,17,98,114,56,99,52,0,1,"[4, 0, 1, 3, 2]",40-120
30,4,18,12,10,20,30,27,2,4,"[4, 0, 1, 3, 2]",10-50
30,4,19,26,15,48,29,35,2,2,"[4, 0, 1, 3, 2]",10-50
30,4,20,172,176,191,103,133,2,1,"[4, 0, 1, 3, 2]",100-200
30,4,21,69,75,94,105,98,4,4,"[4, 0, 1, 3, 2]",40-120
30,4,22,195,110,107,143,130,0,0,"[4, 0, 1, 3, 2]",100-200
30,4,23,346,282,261,350,257,1,3,"[4, 0, 1, 3, 2]",150-400
30,4,24,31,50,47,28,10,1,1,"[4, 0, 1, 3, 2]",10-50
30,4,25,36,12,24,49,47,3,4,"[4, 0, 1, 3, 2]",10-50
30,4,26,44,53,98,71,81,2,2,"[4, 0, 1, 3, 2]",40-120
30,4,27,160,142,185,113,137,0,2,"[4, 0, 1, 3, 2]",100-200
30,4,28,103,120,61,68,70,1,1,"[4, 0, 1, 3, 2]",40-120
30,4,29,64,44,119,102,94,2,2,"[4, 0, 1, 3, 2]",40-120
30,5,0,105,102,158,157,167,4,3,"[4, 0, 1, 2, 3]",100-200
30,5,1,195,101,114,190,135,0,0,"[4, 0, 1, 2, 3]",100-200
30,5,2,111,193,191,129,192,4,2,"[4, 0, 1, 2, 3]",100-200
30,5,3,165,182,176,196,182,3,3,"[4, 0, 1, 2, 3]",100-200
30,5,4,79,117,91,69,40,1,1,"[4, 0, 1, 2, 3]",40-120
30,5,5,31,48,21,49,23,1,3,"[4, 0, 1, 2, 3]",10-50
30,5,6,164,232,182,179,393,4,4,"[4, 0, 1, 2, 3]",150-400
30,5,7,70,68,53,81,88,3,4,"[4, 0, 1, 2, 3]",40-120
30,5,8,238,353,331,199,383,1,4,"[4, 0, 1, 2, 3]",150-400
30,5,9,320,297,215,215,162,2,0,"[4, 0, 1, 2, 3]",150-400
30,5,10,74,111,48,71,62,4,1,"[4, 0, 1, 2, 3]",40-120
30,5,11,104,152,188,116,180,2,2,"[4, 0, 1, 2, 3]",100-200
30,5,12,74,78,98,99,107,4,3,"[4, 0, 1, 2, 3]",40-120
30,5,13,14,48,46,20,45,2,1,"[4, 0, 1, 2, 3]",10-50
30,5,14,44,41,16,34,37,1,1,"[4, 0, 1, 2, 3]",10-50
30,5,15,47,41,87,68,45,2,2,"[4, 0, 1, 2, 3]",40-120
30,5,16,346,367,228,157,276,0,1,"[4, 0, 1, 2, 3]",150-400
30,5,17,23,39,42,31,43,4,4,"[4, 0, 1, 2, 3]",10-50
30,5,18,41,23,13,44,42,3,3,"[4, 0, 1, 2, 3]",10-50
30,5,19,50,19,13,39,50,0,0,"[4, 0, 1, 2, 3]",10-50
30,5,20,103,71,116,108,76,2,2,"[4, 0, 1, 2, 3]",40-120
30,5,21,38,37,12,43,38,3,3,"[4, 0, 1, 2, 3]",10-50
30,5,22,49,33,12,36,12,0,0,"[4, 0, 1, 2, 3]",10-50
30,5,23,35,40,23,16,13,2,1,"[4, 0, 1, 2, 3]",10-50
30,5,24,144,107,137,189,148,3,3,"[4, 0, 1, 2, 3]",100-200
30,5,25,88,78,82,72,59,0,0,"[4, 0, 1, 2, 3]",40-120
30,5,26,77,107,110,105,43,3,2,"[4, 0, 1, 2, 3]",40-120
30,5,27,179,174,104,136,190,1,0,"[4, 0, 1, 2, 3]",100-200
30,5,28,66,112,80,66,74,1,1,"[4, 0, 1, 2, 3]",40-120
30,5,29,121,117,171,154,143,0,2,"[4, 0, 1, 2, 3]",100-200
30,6,0,196,187,145,181,157,0,0,"[3, 1, 2, 0, 4]",100-200
30,6,1,122,107,121,116,198,4,4,"[3, 1, 2, 0, 4]",100-200
30,6,2,47,88,68,57,64,3,1,"[3, 1, 2, 0, 4]",40-120
30,6,3,302,158,185,359,392,3,4,"[3, 1, 2, 0, 4]",150-400
30,6,4,45,40,48,16,36,2,2,"[3, 1, 2, 0, 4]",10-50
30,6,5,19,20,36,20,14,2,2,"[3, 1, 2, 0, 4]",10-50
30,6,6,190,171,197,280,222,4,3,"[3, 1, 2, 0, 4]",150-400
30,6,7,47,38,34,47,47,0,0,"[3, 1, 2, 0, 4]",10-50
30,6,8,22,14,18,21,39,4,4,"[3, 1, 2, 0, 4]",10-50
30,6,9,50,94,72,106,70,3,3,"[3, 1, 2, 0, 4]",40-120
30,6,10,77,84,80,52,73,0,1,"[3, 1, 2, 0, 4]",40-120
30,6,11,61,40,100,67,105,2,4,"[3, 1, 2, 0, 4]",40-120
30,6,12,100,109,91,119,92,0,3,"[3, 1, 2, 0, 4]",40-120
30,6,13,27,10,15,24,39,0,4,"[3, 1, 2, 0, 4]",10-50
30,6,14,62,97,43,47,79,4,1,"[3, 1, 2, 0, 4]",40-120
30,6,15,177,143,147,180,107,0,0,"[3, 1, 2, 0, 4]",100-200
30,6,16,19,18,47,50,48,4,3,"[3, 1, 2, 0, 4]",10-50
30,6,17,69,103,72,103,108,4,3,"[3, 1, 2, 0, 4]",40-120
30,6,18,20,16,16,35,27,3,3,"[3, 1, 2, 0, 4]",10-50
30,6,19,23,48,45,36,46,1,1,"[3, 1, 2, 0, 4]",10-50
30,6,20,140,171,102,165,122,1,1,"[3, 1, 2, 0, 4]",100-200
30,6,21,47,54,112,118,52,2,3,"[3, 1, 2, 0, 4]",40-120
30,6,22,291,341,329,265,303,2,2,"[3, 1, 2, 0, 4]",150-400
30,6,23,47,47,43,13,36,1,0,"[3, 1, 2, 0, 4]",10-50
30,6,24,147,134,177,138,176,3,2,"[3, 1, 2, 0, 4]",100-200
30,6,25,190,169,195,108,178,2,2,"[3, 1, 2, 0, 4]",100-200
30,6,26,84,108,72,44,105,1,4,"[3, 1, 2, 0, 4]",40-120
30,6,27,246,348,274,323,218,1,1,"[3, 1, 2, 0, 4]",150-400
30,6,28,191,177,113,191,116,3,0,"[3, 1, 2, 0, 4]",100-200
30,6,29,159,130,110,114,149,1,0,"[3, 1, 2, 0, 4]",100-200
30,7,0,72,98,109,47,85,2,2,"[4, 1, 2, 3, 0]",40-120
30,7,1,39,35,41,48,40,3,3,"[4, 1, 2, 3, 0]",10-50
30,7,2,27,32,16,38,46,4,4,"[4, 1, 2, 3, 0]",10-50
30,7,3,337,214,303,154,284,2,0,"[4, 1, 2, 3, 0]",150-400
30,7,4,32,18,39,39,29,2,2,"[4, 1, 2, 3, 0]",10-50
30,7,5,22,17,35,38,31,3,2,"[4, 1, 2, 3, 0]",10-50
30,7,6,24,10,15,36,46,0,4,"[4, 1, 2, 3, 0]",10-50
30,7,7,167,112,189,148,121,0,2,"[4, 1, 2, 3, 0]",100-200
30,7,8,264,337,294,322,268,3,1,"[4, 1, 2, 3, 0]",150-400
30,7,9,39,15,48,23,28,2,2,"[4, 1, 2, 3, 0]",10-50
30,7,10,108,61,54,65,89,0,0,"[4, 1, 2, 3, 0]",40-120
30,7,11,81,61,88,41,42,2,2,"[4, 1, 2, 3, 0]",40-120
30,7,12,395,360,259,377,273,1,0,"[4, 1, 2, 3, 0]",150-400
30,7,13,153,147,115,182,157,0,3,"[4, 1, 2, 3, 0]",100-200
30,7,14,56,109,42,58,77,1,1,"[4, 1, 2, 3, 0]",40-120
30,7,15,143,187,101,184,183,1,1,"[4, 1, 2, 3, 0]",100-200
30,7,16,202,175,259,395,395,4,3,"[4, 1, 2, 3, 0]",150-400
30,7,17,83,101,41,86,97,3,1,"[4, 1, 2, 3, 0]",40-120
30,7,18,44,22,16,31,39,0,0,"[4, 1, 2, 3, 0]",10-50
30,7,19,49,47,27,28,43,1,0,"[4, 1, 2, 3, 0]",10-50
30,7,20,134,171,141,152,115,1,1,"[4, 1, 2, 3, 0]",100-200
30,7,21,64,83,86,62,110,4,4,"[4, 1, 2, 3, 0]",40-120
30,7,22,107,171,100,189,152,3,3,"[4, 1, 2, 3, 0]",100-200
30,7,23,79,79,68,63,83,0,4,"[4, 1, 2, 3, 0]",40-120
30,7,24,61,40,68,84,113,4,4,"[4, 1, 2, 3, 0]",40-120
30,7,25,146,128,139,158,180,4,4,"[4, 1, 2, 3, 0]",100-200
30,7,26,163,124,165,184,136,2,2,"[4, 1, 2, 3, 0]",100-200
30,7,27,105,110,96,100,94,3,2,"[4, 1, 2, 3, 0]",40-120
30,7,28,111,167,119,160,198,4,4,"[4, 1, 2, 3, 0]",100-200
30,7,29,10,34,34,29,40,1,4,"[4, 1, 2, 3, 0]",10-50
30,8,0,33,13,40,25,42,4,4,"[4, 3, 2, 1, 0]",10-50
30,8,1,44,64,85,116,108,3,4,"[4, 3, 2, 1, 0]",40-120
30,8,2,40,19,22,23,32,1,0,"[4, 3, 2, 1, 0]",10-50
30,8,3,38,20,19,37,15,3,0,"[4, 3, 2, 1, 0]",10-50
30,8,4,50,24,14,26,43,0,0,"[4, 3, 2, 1, 0]",10-50
30,8,5,110,40,91,101,77,0,0,"[4, 3, 2, 1, 0]",40-120
30,8,6,106,113,56,71,65,1,1,"[4, 3, 2, 1, 0]",40-120
30,8,7,139,118,164,133,178,4,4,"[4, 3, 2, 1, 0]",100-200
30,8,8,158,163,191,171,163,2,2,"[4, 3, 2, 1, 0]",100-200
30,8,9,250,300,233,243,225,2,1,"[4, 3, 2, 1, 0]",150-400
30,8,10,169,100,169,125,193,4,4,"[4, 3, 2, 1, 0]",100-200
30,8,11,87,76,88,74,90,0,4,"[4, 3, 2, 1, 0]",40-120
30,8,12,263,223,233,314,240,1,3,"[4, 3, 2, 1, 0]",150-400
30,8,13,10,19,42,10,21,2,2,"[4, 3, 2, 1, 0]",10-50
30,8,14,154,175,174,137,173,1,1,"[4, 3, 2, 1, 0]",100-200
30,8,15,199,152,139,144,181,0,0,"[4, 3, 2, 1, 0]",100-200
30,8,16,170,148,180,169,177,0,4,"[4, 3, 2, 1, 0]",100-200
30,8,17,17,22,24,18,20,2,2,"[4, 3, 2, 1, 0]",10-50
30,8,18,371,366,386,397,214,3,3,"[4, 3, 2, 1, 0]",150-400
30,8,19,114,178,108,192,119,3,3,"[4, 3, 2, 1, 0]",100-200
30,8,20,165,100,137,104,120,2,0,"[4, 3, 2, 1, 0]",100-200
30,8,21,102,77,74,76,72,3,0,"[4, 3, 2, 1, 0]",40-120
30,8,22,41,48,29,43,43,3,1,"[4, 3, 2, 1, 0]",10-50
30,8,23,89,104,102,45,71,1,2,"[4, 3, 2, 1, 0]",40-120
30,8,24,86,61,95,61,91,4,2,"[4, 3, 2, 1, 0]",40-120
30,8,25,79,112,110,76,87,2,1,"[4, 3, 2, 1, 0]",40-120
30,8,26,45,25,22,32,25,1,0,"[4, 3, 2, 1, 0]",10-50
30,8,27,176,176,394,274,293,4,2,"[4, 3, 2, 1, 0]",150-400
30,8,28,78,105,92,40,92,4,1,"[4, 3, 2, 1, 0]",40-120
30,8,29,14,14,11,21,42,0,4,"[4, 3, 2, 1, 0]",10-50
30,9,0,354,191,345,234,378,2,4,"[4, 3, 2, 1, 0]",150-400
30,9,1,63,51,60,120,60,3,3,"[4, 3, 2, 1, 0]",40-120
30,9,2,198,101,171,127,182,0,0,"[4, 3, 2, 1, 0]",100-200
30,9,3,268,179,368,378,380,4,3,"[4, 3, 2, 1, 0]",150-400
30,9,4,10,47,46,47,20,3,2,"[4, 3, 2, 1, 0]",10-50
30,9,5,157,145,148,102,150,4,2,"[4, 3, 2, 1, 0]",100-200
30,9,6,278,368,231,159,353,1,1,"[4, 3, 2, 1, 0]",150-400
30,9,7,150,162,166,101,180,4,4,"[4, 3, 2, 1, 0]",100-200
30,9,8,19,25,15,25,44,4,4,"[4, 3, 2, 1, 0]",10-50
30,9,9,115,57,100,49,60,0,0,"[4, 3, 2, 1, 0]",40-120
30,9,10,339,385,327,284,308,3,1,"[4, 3, 2, 1, 0]",150-400
30,9,11,41,20,47,16,27,2,2,"[4, 3, 2, 1, 0]",10-50
30,9,12,50,68,92,59,72,2,2,"[4, 3, 2, 1, 0]",40-120
30,9,13,12,29,45,32,33,3,2,"[4, 3, 2, 1, 0]",10-50
30,9,14,96,62,79,50,100,0,4,"[4, 3, 2, 1, 0]",40-120
30,9,15,43,36,14,25,10,1,0,"[4, 3, 2, 1, 0]",10-50
30,9,16,18,32,16,24,20,0,1,"[4, 3, 2, 1, 0]",10-50
30,9,17,42,15,50,21,34,2,2,"[4, 3, 2, 1, 0]",10-50
30,9,18,183,183,105,182,179,0,3,"[4, 3, 2, 1, 0]",100-200
30,9,19,55,67,49,110,73,4,3,"[4, 3, 2, 1, 0]",40-120
30,9,20,91,69,108,92,116,2,4,"[4, 3, 2, 1, 0]",40-120
30,9,21,95,76,80,41,85,1,0,"[4, 3, 2, 1, 0]",40-120
30,9,22,197,200,185,103,109,1,0,"[4, 3, 2, 1, 0]",100-200
30,9,23,136,178,169,122,113,3,2,"[4, 3, 2, 1, 0]",100-200
30,9,24,114,105,76,43,82,1,0,"[4, 3, 2, 1, 0]",40-120
30,9,25,100,105,89,60,114,4,4,"[4, 3, 2, 1, 0]",40-120
30,9,26,182,195,161,187,143,3,1,"[4, 3, 2, 1, 0]",100-200
30,9,27,48,10,44,19,34,0,0,"[4, 3, 2, 1, 0]",10-50
30,9,28,46,44,23,33,19,1,0,"[4, 3, 2, 1, 0]",10-50
30,9,29,148,152,200,140,134,2,2,"[4, 3, 2, 1, 0]",100-200
30,10,0,123,132,143,186,162,3,3,"[0, 1, 2, 4, 3]",100-200
30,10,1,147,152,191,154,102,1,2,"[0, 1, 2, 4, 3]",100-200
30,10,2,111,115,103,63,83,1,0,"[0, 1, 2, 4, 3]",40-120
30,10,3,40,15,36,33,33,0,0,"[0, 1, 2, 4, 3]",10-50
30,10,4,290,168,328,341,253,0,3,"[0, 1, 2, 4, 3]",150-400
30,10,5,35,31,38,30,20,1,0,"[0, 1, 2, 4, 3]",10-50
30,10,6,110,44,62,114,73,3,0,"[0, 1, 2, 4, 3]",40-120
30,10,7,104,126,163,106,107,1,2,"[0, 1, 2, 4, 3]",100-200
30,10,8,46,105,82,46,75,2,1,"[0, 1, 2, 4, 3]",40-120
30,10,9,83,59,78,115,40,3,3,"[0, 1, 2, 4, 3]",40-120
30,10,10,47,35,41,22,48,2,0,"[0, 1, 2, 4, 3]",10-50
30,10,11,209,393,361,175,193,1,1,"[0, 1, 2, 4, 3]",150-400
30,10,12,44,52,74,110,107,4,3,"[0, 1, 2, 4, 3]",40-120
30,10,13,135,110,178,132,100,2,2,"[0, 1, 2, 4, 3]",100-200
30,10,14,83,92,80,93,40,0,0,"[0, 1, 2, 4, 3]",40-120
30,10,15,36,22,10,49,41,3,3,"[0, 1, 2, 4, 3]",10-50
30,10,16,242,211,358,335,379,2,4,"[0, 1, 2, 4, 3]",150-400
30,10,17,34,25,33,39,36,2,0,"[0, 1, 2, 4, 3]",10-50
30,10,18,23,22,26,24,30,4,4,"[0, 1, 2, 4, 3]",10-50
30,10,19,108,146,141,133,139,3,1,"[0, 1, 2, 4, 3]",100-200
30,10,20,39,37,20,27,42,4,0,"[0, 1, 2, 4, 3]",10-50
30,10,21,19,18,22,11,19,3,2,"[0, 1, 2, 4, 3]",10-50
30,10,22,29,38,30,44,31,1,3,"[0, 1, 2, 4, 3]",10-50
30,10,23,163,195,159,137,164,0,1,"[0, 1, 2, 4, 3]",100-200
30,10,24,92,57,105,68,94,2,2,"[0, 1, 2, 4, 3]",40-120
30,10,25,233,299,288,161,300,4,4,"[0, 1, 2, 4, 3]",150-400
30,10,26,81,46,88,64,111,4,4,"[0, 1, 2, 4, 3]",40-120
30,10,27,114,110,101,120,135,0,0,"[0, 1, 2, 4, 3]",100-200
30,10,28,103,141,169,141,168,4,2,"[0, 1, 2, 4, 3]",100-200
30,10,29,112,49,54,111,43,0,0,"[0, 1, 2, 4, 3]",40-120
30,11,0,71,44,51,75,62,2,3,"[3, 1, 0, 4, 2]",40-120
30,11,1,31,20,23,46,17,0,3,"[3, 1, 0, 4, 2]",10-50
30,11,2,117,92,51,97,71,0,0,"[3, 1, 0, 4, 2]",40-120
30,11,3,40,70,85,92,84,2,3,"[3, 1, 0, 4, 2]",40-120
30,11,4,88,44,79,101,80,0,3,"[3, 1, 0, 4, 2]",40-120
30,11,5,74,112,74,109,77,3,1,"[3, 1, 0, 4, 2]",40-120
30,11,6,263,199,365,170,233,0,2,"[3, 1, 0, 4, 2]",150-400
30,11,7,14,21,32,19,22,2,2,"[3, 1, 0, 4, 2]",10-50
30,11,8,31,34,25,39,10,1,3,"[3, 1, 0, 4, 2]",10-50
30,11,9,172,132,110,102,134,1,0,"[3, 1, 0, 4, 2]",100-200
30,11,10,23,50,30,22,44,1,1,"[3, 1, 0, 4, 2]",10-50
30,11,11,84,96,70,75,71,1,1,"[3, 1, 0, 4, 2]",40-120
30,11,12,58,47,79,93,93,4,4,"[3, 1, 0, 4, 2]",40-120
30,11,13,120,181,139,185,144,3,3,"[3, 1, 0, 4, 2]",100-200
30,11,14,88,111,90,74,96,4,1,"[3, 1, 0, 4, 2]",40-120
30,11,15,391,233,226,367,391,3,0,"[3, 1, 0, 4, 2]",150-400
30,11,16,188,124,157,135,164,0,0,"[3, 1, 0, 4, 2]",100-200
30,11,17,35,18,17,12,50,4,4,"[3, 1, 0, 4, 2]",10-50
30,11,18,36,33,37,44,33,2,3,"[3, 1, 0, 4, 2]",10-50
30,11,19,10,29,25,16,37,4,4,"[3, 1, 0, 4, 2]",10-50
30,11,20,176,192,117,154,186,1,4,"[3, 1, 0, 4, 2]",100-200
30,11,21,33,31,19,48,27,3,3,"[3, 1, 0, 4, 2]",10-50
30,11,22,232,385,252,221,348,1,1,"[3, 1, 0, 4, 2]",150-400
30,11,23,182,119,199,108,138,2,2,"[3, 1, 0, 4, 2]",100-200
30,11,24,139,120,113,135,123,3,3,"[3, 1, 0, 4, 2]",100-200
30,11,25,45,38,33,49,14,0,3,"[3, 1, 0, 4, 2]",10-50
30,11,26,250,236,339,167,339,4,4,"[3, 1, 0, 4, 2]",150-400
30,11,27,123,163,125,117,139,4,1,"[3, 1, 0, 4, 2]",100-200
30,11,28,141,142,159,119,114,2,2,"[3, 1, 0, 4, 2]",100-200
30,11,29,42,45,50,63,80,3,4,"[3, 1, 0, 4, 2]",40-120
30,12,0,251,276,278,361,301,3,3,"[2, 3, 0, 4, 1]",150-400
30,12,1,84,99,100,107,52,2,2,"[2, 3, 0, 4, 1]",40-120
30,12,2,197,113,142,186,129,0,0,"[2, 3, 0, 4, 1]",100-200
30,12,3,133,144,174,183,167,2,3,"[2, 3, 0, 4, 1]",100-200
30,12,4,146,143,142,121,103,2,2,"[2, 3, 0, 4, 1]",100-200
30,12,5,84,50,89,61,104,4,4,"[2, 3, 0, 4, 1]",40-120
30,12,6,65,89,75,84,87,3,3,"[2, 3, 0, 4, 1]",40-120
30,12,7,193,188,109,167,124,1,0,"[2, 3, 0, 4, 1]",100-200
30,12,8,54,107,55,75,70,1,1,"[2, 3, 0, 4, 1]",40-120
30,12,9,139,140,128,109,153,3,4,"[2, 3, 0, 4, 1]",100-200
30,12,10,23,17,49,11,15,2,2,"[2, 3, 0, 4, 1]",10-50
30,12,11,14,46,37,48,14,3,3,"[2, 3, 0, 4, 1]",10-50
30,12,12,72,81,77,47,68,1,2,"[2, 3, 0, 4, 1]",40-120
30,12,13,46,41,26,42,32,3,0,"[2, 3, 0, 4, 1]",10-50
30,12,14,10,40,12,42,45,4,4,"[2, 3, 0, 4, 1]",10-50
30,12,15,124,128,173,191,138,3,3,"[2, 3, 0, 4, 1]",100-200
30,12,16,20,33,29,21,23,1,1,"[2, 3, 0, 4, 1]",10-50
30,12,17,189,153,171,130,194,4,0,"[2, 3, 0, 4, 1]",100-200
30,12,18,102,114,76,79,89,0,1,"[2, 3, 0, 4, 1]",40-120
30,12,19,102,63,61,90,118,4,4,"[2, 3, 0, 4, 1]",40-120
30,12,20,78,43,59,78,41,2,0,"[2, 3, 0, 4, 1]",40-120
30,12,21,25,26,27,23,33,0,4,"[2, 3, 0, 4, 1]",10-50
30,12,22,159,181,136,154,139,1,1,"[2, 3, 0, 4, 1]",100-200
30,12,23,21,46,20,30,34,1,1,"[2, 3, 0, 4, 1]",10-50
30,12,24,243,264,298,291,394,4,4,"[2, 3, 0, 4, 1]",150-400
30,12,25,259,188,367,332,362,2,2,"[2, 3, 0, 4, 1]",150-400
30,12,26,89,59,41,69,76,0,0,"[2, 3, 0, 4, 1]",40-120
30,12,27,273,385,222,160,268,0,1,"[2, 3, 0, 4, 1]",150-400
30,12,28,41,16,48,17,50,4,2,"[2, 3, 0, 4, 1]",10-50
30,12,29,49,23,19,30,35,0,0,"[2, 3, 0, 4, 1]",10-50
30,13,0,48,20,13,38,40,0,0,"[2, 1, 0, 3, 4]",10-50
30,13,1,101,139,191,130,136,2,2,"[2, 1, 0, 3, 4]",100-200
30,13,2,12,38,49,33,17,1,2,"[2, 1, 0, 3, 4]",10-50
30,13,3,25,22,19,14,30,0,4,"[2, 1, 0, 3, 4]",10-50
30,13,4,177,151,165,107,104,0,0,"[2, 1, 0, 3, 4]",100-200
30,13,5,16,29,16,41,16,3,3,"[2, 1, 0, 3, 4]",10-50
30,13,6,245,188,393,282,196,2,2,"[2, 1, 0, 3, 4]",150-400
30,13,7,120,118,156,139,160,4,4,"[2, 1, 0, 3, 4]",100-200
30,13,8,68,58,83,70,103,4,4,"[2, 1, 0, 3, 4]",40-120
30,13,9,71,68,99,57,97,2,2,"[2, 1, 0, 3, 4]",40-120
30,13,10,108,109,70,49,112,4,1,"[2, 1, 0, 3, 4]",40-120
30,13,11,132,164,162,177,152,2,3,"[2, 1, 0, 3, 4]",100-200
30,13,12,97,111,100,73,105,2,1,"[2, 1, 0, 3, 4]",40-120
30,13,13,368,306,279,315,179,0,0,"[2, 1, 0, 3, 4]",150-400
30,13,14,48,37,28,25,39,1,0,"[2, 1, 0, 3, 4]",10-50
30,13,15,35,15,22,49,23,3,3,"[2, 1, 0, 3, 4]",10-50
30,13,16,188,169,127,112,138,1,0,"[2, 1, 0, 3, 4]",100-200
30,13,17,175,352,369,350,399,3,4,"[2, 1, 0, 3, 4]",150-400
30,13,18,72,109,69,77,63,1,1,"[2, 1, 0, 3, 4]",40-120
30,13,19,22,26,50,33,26,2,2,"[2, 1, 0, 3, 4]",10-50
30,13,20,11,23,44,22,30,4,2,"[2, 1, 0, 3, 4]",10-50
30,13,21,46,104,91,76,112,3,4,"[2, 1, 0, 3, 4]",40-120
30,13,22,109,78,76,81,84,0,0,"[2, 1, 0, 3, 4]",40-120
30,13,23,165,152,110,197,152,3,3,"[2, 1, 0, 3, 4]",100-200
30,13,24,22,23,38,41,50,4,4,"[2, 1, 0, 3, 4]",10-50
30,13,25,129,137,171,158,160,4,3,"[2, 1, 0, 3, 4]",100-200
30,13,26,97,87,80,100,88,3,3,"[2, 1, 0, 3, 4]",40-120
30,13,27,111,66,59,112,119,0,3,"[2, 1, 0, 3, 4]",40-120
30,13,28,266,398,306,159,224,1,1,"[2, 1, 0, 3, 4]",150-400
30,13,29,145,148,146,112,135,1,1,"[2, 1, 0, 3, 4]",100-200
30,14,0,47,72,78,103,96,4,3,"[0, 1, 2, 4, 3]",40-120
30,14,1,351,286,353,342,262,0,0,"[0, 1, 2, 4, 3]",150-400
30,14,2,48,32,12,30,34,0,0,"[0, 1, 2, 4, 3]",10-50
30,14,3,35,43,18,36,15,3,1,"[0, 1, 2, 4, 3]",10-50
30,14,4,160,118,107,125,129,0,0,"[0, 1, 2, 4, 3]",100-200
30,14,5,83,98,51,81,48,1,1,"[0, 1, 2, 4, 3]",40-120
30,14,6,38,19,17,50,29,3,3,"[0, 1, 2, 4, 3]",10-50
30,14,7,138,139,112,125,198,4,4,"[0, 1, 2, 4, 3]",100-200
30,14,8,257,224,293,371,347,4,3,"[0, 1, 2, 4, 3]",150-400
30,14,9,86,77,97,57,44,2,2,"[0, 1, 2, 4, 3]",40-120
30,14,10,22,39,19,20,23,4,1,"[0, 1, 2, 4, 3]",10-50
30,14,11,44,25,44,48,17,2,3,"[0, 1, 2, 4, 3]",10-50
30,14,12,99,52,45,105,71,3,0,"[0, 1, 2, 4, 3]",40-120
30,14,13,292,306,316,333,285,2,2,"[0, 1, 2, 4, 3]",150-400
30,14,14,133,186,192,183,114,3,1,"[0, 1, 2, 4, 3]",100-200
30,14,15,61,73,107,58,109,4,4,"[0, 1, 2, 4, 3]",40-120
30,14,16,26,49,24,23,14,1,1,"[0, 1, 2, 4, 3]",10-50
30,14,17,174,171,179,180,143,0,2,"[0, 1, 2, 4, 3]",100-200
30,14,18,110,42,58,96,59,0,0,"[0, 1, 2, 4, 3]",40-120
30,14,19,44,25,38,21,26,2,0,"[0, 1, 2, 4, 3]",10-50
30,14,20,124,195,138,104,164,1,1,"[0, 1, 2, 4, 3]",100-200
30,14,21,172,158,198,162,176,2,2,"[0, 1, 2, 4, 3]",100-200
30,14,22,45,27,18,12,31,0,0,"[0, 1, 2, 4, 3]",10-50
30,14,23,125,110,155,170,132,1,3,"[0, 1, 2, 4, 3]",100-200
30,14,24,61,96,110,54,107,2,2,"[0, 1, 2, 4, 3]",40-120
30,14,25,15,40,43,32,50,4,4,"[0, 1, 2, 4, 3]",10-50
30,14,26,46,79,52,82,91,1,4,"[0, 1, 2, 4, 3]",40-120
30,14,27,261,344,198,221,377,1,4,"[0, 1, 2, 4, 3]",150-400
30,14,28,83,98,102,116,89,3,3,"[0, 1, 2, 4, 3]",40-120
30,14,29,114,173,137,191,110,3,1,"[0, 1, 2, 4, 3]",100-200
30,15,0,102,184,133,101,165,1,1,"[3, 4, 0, 1, 2]",100-200
30,15,1,13,29,24,13,42,4,4,"[3, 4, 0, 1, 2]",10-50
30,15,2,99,52,53,96,105,4,3,"[3, 4, 0, 1, 2]",40-120
30,15,3,178,115,116,156,118,0,0,"[3, 4, 0, 1, 2]",100-200
30,15,4,169,128,124,111,135,4,0,"[3, 4, 0, 1, 2]",100-200
30,15,5,194,200,367,176,265,1,2,"[3, 4, 0, 1, 2]",150-400
30,15,6,100,49,79,58,62,0,0,"[3, 4, 0, 1, 2]",40-120
30,15,7,52,109,112,56,102,1,1,"[3, 4, 0, 1, 2]",40-120
30,15,8,132,177,123,133,166,3,1,"[3, 4, 0, 1, 2]",100-200
30,15,9,107,118,77,45,80,1,1,"[3, 4, 0, 1, 2]",40-120
30,15,10,175,165,189,131,157,2,0,"[3, 4, 0, 1, 2]",100-200
30,15,11,21,41,10,47,44,3,3,"[3, 4, 0, 1, 2]",10-50
30,15,12,107,170,130,140,104,2,1,"[3, 4, 0, 1, 2]",100-200
30,15,13,42,47,109,114,66,3,3,"[3, 4, 0, 1, 2]",40-120
30,15,14,33,16,47,24,41,2,4,"[3, 4, 0, 1, 2]",10-50
30,15,15,20,16,44,31,27,2,2,"[3, 4, 0, 1, 2]",10-50
30,15,16,92,100,116,48,65,2,2,"[3, 4, 0, 1, 2]",40-120
30,15,17,186,188,114,197,159,3,3,"[3, 4, 0, 1, 2]",100-200
30,15,18,25,35,44,19,31,1,2,"[3, 4, 0, 1, 2]",10-50
30,15,19,57,52,45,68,96,3,4,"[3, 4, 0, 1, 2]",40-120
30,15,20,31,50,21,42,22,1,1,"[3, 4, 0, 1, 2]",10-50
30,15,21,112,82,40,63,52,0,0,"[3, 4, 0, 1, 2]",40-120
30,15,22,32,21,17,14,47,4,4,"[3, 4, 0, 1, 2]",10-50
30,15,23,154,154,377,192,333,4,4,"[3, 4, 0, 1, 2]",150-400
30,15,24,111,197,107,141,200,4,4,"[3, 4, 0, 1, 2]",100-200
30,15,25,260,216,363,199,309,0,2,"[3, 4, 0, 1, 2]",150-400
30,15,26,37,32,31,37,33,0,3,"[3, 4, 0, 1, 2]",10-50
30,15,27,38,36,14,24,24,0,0,"[3, 4, 0, 1, 2]",10-50
30,15,28,208,297,269,285,237,3,3,"[3, 4, 0, 1, 2]",150-400
30,15,29,85,61,103,70,89,2,4,"[3, 4, 0, 1, 2]",40-120
30,16,0,42,43,47,104,54,3,3,"[3, 4, 2, 0, 1]",40-120
30,16,1,171,141,111,137,189,1,4,"[3, 4, 2, 0, 1]",100-200
30,16,2,198,153,229,262,376,4,4,"[3, 4, 2, 0, 1]",150-400
30,16,3,91,62,112,54,84,2,2,"[3, 4, 2, 0, 1]",40-120
30,16,4,102,113,40,59,62,1,1,"[3, 4, 2, 0, 1]",40-120
30,16,5,35,10,33,21,22,2,2,"[3, 4, 2, 0, 1]",10-50
30,16,6,23,36,12,36,22,3,1,"[3, 4, 2, 0, 1]",10-50
30,16,7,200,199,145,140,116,1,0,"[3, 4, 2, 0, 1]",100-200
30,16,8,187,172,107,163,200,4,0,"[3, 4, 2, 0, 1]",100-200
30,16,9,122,132,168,168,124,4,3,"[3, 4, 2, 0, 1]",100-200
30,16,10,45,16,10,10,13,0,0,"[3, 4, 2, 0, 1]",10-50
30,16,11,45,49,32,43,10,1,1,"[3, 4, 2, 0, 1]",10-50
30,16,12,285,189,203,314,356,3,4,"[3, 4, 2, 0, 1]",150-400
30,16,13,378,213,304,173,291,2,0,"[3, 4, 2, 0, 1]",150-400
30,16,14,105,62,67,112,117,0,3,"[3, 4, 2, 0, 1]",40-120
30,16,15,200,105,189,157,165,2,2,"[3, 4, 2, 0, 1]",100-200
30,16,16,86,60,100,94,71,2,2,"[3, 4, 2, 0, 1]",40-120
30,16,17,74,100,42,40,47,0,1,"[3, 4, 2, 0, 1]",40-120
30,16,18,27,47,18,11,46,4,1,"[3, 4, 2, 0, 1]",10-50
30,16,19,25,17,42,34,45,2,2,"[3, 4, 2, 0, 1]",10-50
30,16,20,57,105,76,86,87,1,1,"[3, 4, 2, 0, 1]",40-120
30,16,21,19,49,32,26,15,1,1,"[3, 4, 2, 0, 1]",10-50
30,16,22,76,51,53,119,83,3,3,"[3, 4, 2, 0, 1]",40-120
30,16,23,113,131,192,196,172,3,3,"[3, 4, 2, 0, 1]",100-200
30,16,24,75,63,110,86,93,4,2,"[3, 4, 2, 0, 1]",40-120
30,16,25,188,151,187,102,176,0,2,"[3, 4, 2, 0, 1]",100-200
30,16,26,46,42,12,15,50,4,0,"[3, 4, 2, 0, 1]",10-50
30,16,27,167,139,171,172,144,3,3,"[3, 4, 2, 0, 1]",100-200
30,16,28,256,280,166,215,277,0,1,"[3, 4, 2, 0, 1]",150-400
30,16,29,48,49,34,36,37,0,1,"[3, 4, 2, 0, 1]",10-50
30,17,0,129,127,145,177,166,3,3,"[3, 2, 4, 1, 0]",100-200
30,17,1,148,102,153,134,130,3,0,"[3, 2, 4, 1, 0]",100-200
30,17,2,153,103,113,130,127,4,0,"[3, 2, 4, 1, 0]",100-200
30,17,3,126,182,196,133,118,2,2,"[3, 2, 4, 1, 0]",100-200
30,17,4,277,323,371,259,200,2,2,"[3, 2, 4, 1, 0]",150-400
30,17,5,42,77,96,56,74,3,2,"[3, 2, 4, 1, 0]",40-120
30,17,6,37,39,25,17,49,4,4,"[3, 2, 4, 1, 0]",10-50
30,17,7,159,163,121,139,115,1,1,"[3, 2, 4, 1, 0]",100-200
30,17,8,41,106,112,91,60,2,2,"[3, 2, 4, 1, 0]",40-120
30,17,9,110,43,111,54,46,0,0,"[3, 2, 4, 1, 0]",40-120
30,17,10,49,119,83,90,76,1,1,"[3, 2, 4, 1, 0]",40-120
30,17,11,80,42,104,51,44,0,2,"[3, 2, 4, 1, 0]",40-120
30,17,12,193,124,117,169,160,0,0,"[3, 2, 4, 1, 0]",100-200
30,17,13,99,79,114,61,66,2,2,"[3, 2, 4, 1, 0]",40-120
30,17,14,89,118,49,104,79,4,1,"[3, 2, 4, 1, 0]",40-120
30,17,15,33,38,32,44,49,2,4,"[3, 2, 4, 1, 0]",10-50
30,17,16,46,10,22,45,40,3,3,"[3, 2, 4, 1, 0]",10-50
30,17,17,166,275,178,287,391,4,4,"[3, 2, 4, 1, 0]",150-400
30,17,18,34,47,31,25,38,4,1,"[3, 2, 4, 1, 0]",10-50
30,17,19,49,113,81,67,54,1,1,"[3, 2, 4, 1, 0]",40-120
30,17,20,27,12,48,11,41,2,4,"[3, 2, 4, 1, 0]",10-50
30,17,21,33,10,19,42,35,0,3,"[3, 2, 4, 1, 0]",10-50
30,17,22,71,74,102,109,47,3,3,"[3, 2, 4, 1, 0]",40-120
30,17,23,163,323,312,200,301,1,1,"[3, 2, 4, 1, 0]",150-400
30,17,24,183,161,101,164,103,0,0,"[3, 2, 4, 1, 0]",100-200
30,17,25,50,34,16,12,10,0,0,"[3, 2, 4, 1, 0]",10-50
30,17,26,366,319,269,388,201,3,3,"[3, 2, 4, 1, 0]",150-400
30,17,27,31,29,16,26,27,1,4,"[3, 2, 4, 1, 0]",10-50
30,17,28,36,49,18,12,21,1,1,"[3, 2, 4, 1, 0]",10-50
30,17,29,158,200,102,106,196,4,4,"[3, 2, 4, 1, 0]",100-200
30,18,0,31,23,35,18,12,2,2,"[1, 0, 2, 3, 4]",10-50
30,18,1,135,158,157,166,170,2,3,"[1, 0, 2, 3, 4]",100-200
30,18,2,80,84,52,65,60,4,1,"[1, 0, 2, 3, 4]",40-120
30,18,3,53,52,65,102,54,1,3,"[1, 0, 2, 3, 4]",40-120
30,18,4,107,143,142,180,130,3,3,"[1, 0, 2, 3, 4]",100-200
30,18,5,46,49,41,21,15,1,1,"[1, 0, 2, 3, 4]",10-50
30,18,6,44,30,30,26,42,4,0,"[1, 0, 2, 3, 4]",10-50
30,18,7,135,165,130,180,130,1,3,"[1, 0, 2, 3, 4]",100-200
30,18,8,89,111,117,100,116,2,2,"[1, 0, 2, 3, 4]",40-120
30,18,9,187,173,106,184,181,4,0,"[1, 0, 2, 3, 4]",100-200
30,18,10,236,178,295,356,384,3,4,"[1, 0, 2, 3, 4]",150-400
30,18,11,134,133,152,140,146,4,2,"[1, 0, 2, 3, 4]",100-200
30,18,12,107,51,94,46,62,0,0,"[1, 0, 2, 3, 4]",40-120
30,18,13,42,11,50,29,41,2,2,"[1, 0, 2, 3, 4]",10-50
30,18,14,50,26,11,40,34,0,0,"[1, 0, 2, 3, 4]",10-50
30,18,15,109,151,136,143,114,0,1,"[1, 0, 2, 3, 4]",100-200
30,18,16,88,71,87,83,59,2,2,"[1, 0, 2, 3, 4]",40-120
30,18,17,46,19,19,28,36,0,0,"[1, 0, 2, 3, 4]",10-50
30,18,18,25,33,49,34,13,3,2,"[1, 0, 2, 3, 4]",10-50
30,18,19,162,187,183,136,123,1,1,"[1, 0, 2, 3, 4]",100-200
30,18,20,177,176,181,110,139,0,1,"[1, 0, 2, 3, 4]",100-200
30,18,21,17,31,24,26,43,4,4,"[1, 0, 2, 3, 4]",10-50
30,18,22,91,54,73,46,117,4,4,"[1, 0, 2, 3, 4]",40-120
30,18,23,85,92,62,109,40,3,3,"[1, 0, 2, 3, 4]",40-120
30,18,24,16,12,15,27,11,3,3,"[1, 0, 2, 3, 4]",10-50
30,18,25,325,275,193,183,372,1,4,"[1, 0, 2, 3, 4]",150-400
30,18,26,92,107,112,76,106,1,1,"[1, 0, 2, 3, 4]",40-120
30,18,27,49,63,88,114,85,3,3,"[1, 0, 2, 3, 4]",40-120
30,18,28,318,189,348,209,276,2,2,"[1, 0, 2, 3, 4]",150-400
30,18,29,338,244,185,293,336,0,0,"[1, 0, 2, 3, 4]",150-400
30,19,0,203,343,379,246,227,1,2,"[2, 4, 3, 1, 0]",150-400
30,19,1,75,72,116,106,88,2,3,"[2, 4, 3, 1, 0]",40-120
30,19,2,102,91,95,52,67,0,0,"[2, 4, 3, 1, 0]",40-120
30,19,3,14,50,38,21,15,1,1,"[2, 4, 3, 1, 0]",10-50
30,19,4,40,89,59,92,63,3,1,"[2, 4, 3, 1, 0]",40-120
30,19,5,85,66,55,77,104,0,0,"[2, 4, 3, 1, 0]",40-120
30,19,6,20,37,32,25,37,2,1,"[2, 4, 3, 1, 0]",10-50
30,19,7,54,93,109,43,55,1,2,"[2, 4, 3, 1, 0]",40-120
30,19,8,142,185,124,174,170,1,1,"[2, 4, 3, 1, 0]",100-200
30,19,9,28,15,17,45,45,3,3,"[2, 4, 3, 1, 0]",10-50
30,19,10,179,276,216,249,351,3,4,"[2, 4, 3, 1, 0]",150-400
30,19,11,264,188,328,179,382,4,4,"[2, 4, 3, 1, 0]",150-400
30,19,12,142,190,129,199,163,3,3,"[2, 4, 3, 1, 0]",100-200
30,19,13,20,34,15,20,29,1,1,"[2, 4, 3, 1, 0]",10-50
30,19,14,158,207,393,209,224,2,2,"[2, 4, 3, 1, 0]",150-400
30,19,15,90,52,96,109,64,3,3,"[2, 4, 3, 1, 0]",40-120
30,19,16,184,166,109,100,149,0,0,"[2, 4, 3, 1, 0]",100-200
30,19,17,123,108,124,140,177,4,4,"[2, 4, 3, 1, 0]",100-200
30,19,18,177,104,134,194,161,0,0,"[2, 4, 3, 1, 0]",100-200
30,19,19,63,97,50,88,61,1,1,"[2, 4, 3, 1, 0]",40-120
30,19,20,81,57,40,77,116,4,4,"[2, 4, 3, 1, 0]",40-120
30,19,21,102,195,194,114,143,2,1,"[2, 4, 3, 1, 0]",100-200
30,19,22,40,55,81,82,69,2,3,"[2, 4, 3, 1, 0]",40-120
30,19,23,155,146,138,138,156,2,0,"[2, 4, 3, 1, 0]",100-200
30,19,24,37,11,35,30,19,0,0,"[2, 4, 3, 1, 0]",10-50
30,19,25,11,47,10,15,50,4,1,"[2, 4, 3, 1, 0]",10-50
30,19,26,18,34,30,34,29,3,1,"[2, 4, 3, 1, 0]",10-50
30,19,27,12,27,25,43,43,4,3,"[2, 4, 3, 1, 0]",10-50
30,19,28,16,24,11,20,24,0,1,"[2, 4, 3, 1, 0]",10-50
30,19,29,106,115,126,192,151,4,3,"[2, 4, 3, 1, 0]",100-200
30,20,0,40,16,28,34,12,0,3,"[4, 1, 2, 0, 3]",10-50
30,20,1,38,33,23,10,10,1,1,"[4, 1, 2, 0, 3]",10-50
30,20,2,109,66,80,55,47,0,0,"[4, 1, 2, 0, 3]",40-120
30,20,3,50,10,17,32,49,0,4,"[4, 1, 2, 0, 3]",10-50
30,20,4,27,46,22,24,28,4,1,"[4, 1, 2, 0, 3]",10-50
30,20,5,46,50,102,82,118,4,4,"[4, 1, 2, 0, 3]",40-120
30,20,6,50,47,38,43,44,1,1,"[4, 1, 2, 0, 3]",10-50
30,20,7,112,165,107,104,119,4,1,"[4, 1, 2, 0, 3]",100-200
30,20,8,114,72,108,82,114,0,4,"[4, 1, 2, 0, 3]",40-120
30,20,9,50,41,39,35,48,2,4,"[4, 1, 2, 0, 3]",10-50
30,20,10,165,207,268,357,356,3,3,"[4, 1, 2, 0, 3]",150-400
30,20,11,69,61,118,66,70,2,2,"[4, 1, 2, 0, 3]",40-120
30,20,12,55,91,96,56,54,3,2,"[4, 1, 2, 0, 3]",40-120
30,20,13,267,334,304,273,358,4,4,"[4, 1, 2, 0, 3]",150-400
30,20,14,82,66,69,40,58,4,0,"[4, 1, 2, 0, 3]",40-120
30,20,15,50,25,30,37,46,3,0,"[4, 1, 2, 0, 3]",10-50
30,20,16,382,352,184,248,166,1,0,"[4, 1, 2, 0, 3]",150-400
30,20,17,152,168,130,121,122,3,1,"[4, 1, 2, 0, 3]",100-200
30,20,18,182,108,146,100,117,2,0,"[4, 1, 2, 0, 3]",100-200
30,20,19,193,138,119,104,116,0,0,"[4, 1, 2, 0, 3]",100-200
30,20,20,197,195,141,125,107,0,1,"[4, 1, 2, 0, 3]",100-200
30,20,21,17,26,32,24,21,3,2,"[4, 1, 2, 0, 3]",10-50
30,20,22,102,120,75,52,76,1,1,"[4, 1, 2, 0, 3]",40-120
30,20,23,92,117,89,110,70,3,3,"[4, 1, 2, 0, 3]",40-120
30,20,24,102,112,179,166,187,2,2,"[4, 1, 2, 0, 3]",100-200
30,20,25,102,110,139,114,194,4,4,"[4, 1, 2, 0, 3]",100-200
30,20,26,126,169,103,155,122,1,3,"[4, 1, 2, 0, 3]",100-200
30,20,27,278,273,335,208,355,2,2,"[4, 1, 2, 0, 3]",150-400
30,20,28,18,17,34,11,14,2,2,"[4, 1, 2, 0, 3]",10-50
30,20,29,84,93,90,110,96,1,3,"[4, 1, 2, 0, 3]",40-120
30,21,0,229,334,304,150,374,1,1,"[3, 4, 1, 2, 0]",150-400
30,21,1,26,21,47,42,21,2,2,"[3, 4, 1, 2, 0]",10-50
30,21,2,194,174,133,148,125,0,0,"[3, 4, 1, 2, 0]",100-200
30,21,3,112,127,146,178,122,3,3,"[3, 4, 1, 2, 0]",100-200
30,21,4,85,63,94,104,48,3,3,"[3, 4, 1, 2, 0]",40-120
30,21,5,54,50,101,49,71,2,2,"[3, 4, 1, 2, 0]",40-120
30,21,6,112,76,60,59,117,4,0,"[3, 4, 1, 2, 0]",40-120
30,21,7,71,59,80,55,85,4,2,"[3, 4, 1, 2, 0]",40-120
30,21,8,239,234,150,285,290,3,4,"[3, 4, 1, 2, 0]",150-400
30,21,9,79,59,112,118,56,2,3,"[3, 4, 1, 2, 0]",40-120
30,21,10,361,310,199,160,254,2,0,"[3, 4, 1, 2, 0]",150-400
30,21,11,100,145,153,122,108,1,2,"[3, 4, 1, 2, 0]",100-200
30,21,12,164,106,164,172,166,2,2,"[3, 4, 1, 2, 0]",100-200
30,21,13,44,39,47,30,14,0,2,"[3, 4, 1, 2, 0]",10-50
30,21,14,36,19,24,10,10,0,0,"[3, 4, 1, 2, 0]",10-50
30,21,15,23,33,12,29,19,1,1,"[3, 4, 1, 2, 0]",10-50
30,21,16,46,89,45,99,50,1,3,"[3, 4, 1, 2, 0]",40-120
30,21,17,182,143,170,197,157,3,3,"[3, 4, 1, 2, 0]",100-200
30,21,18,16,48,25,17,30,1,1,"[3, 4, 1, 2, 0]",10-50
30,21,19,293,334,195,251,385,4,4,"[3, 4, 1, 2, 0]",150-400
30,21,20,36,12,38,42,43,4,2,"[3, 4, 1, 2, 0]",10-50
30,21,21,84,54,71,68,52,3,0,"[3, 4, 1, 2, 0]",40-120
30,21,22,137,186,114,184,150,1,1,"[3, 4, 1, 2, 0]",100-200
30,21,23,102,56,62,63,79,0,0,"[3, 4, 1, 2, 0]",40-120
30,21,24,194,183,150,159,163,0,1,"[3, 4, 1, 2, 0]",100-200
30,21,25,40,26,23,45,23,4,3,"[3, 4, 1, 2, 0]",10-50
30,21,26,25,32,26,36,19,2,3,"[3, 4, 1, 2, 0]",10-50
30,21,27,133,129,138,154,168,4,4,"[3, 4, 1, 2, 0]",100-200
30,21,28,112,72,109,46,78,0,2,"[3, 4, 1, 2, 0]",40-120
30,21,29,10,40,13,50,36,3,3,"[3, 4, 1, 2, 0]",10-50
30,22,0,17,46,16,48,23,1,3,"[1, 4, 0, 3, 2]",10-50
30,22,1,34,38,16,44,31,3,3,"[1, 4, 0, 3, 2]",10-50
30,22,2,63,89,84,108,92,3,3,"[1, 4, 0, 3, 2]",40-120
30,22,3,252,242,389,309,392,4,4,"[1, 4, 0, 3, 2]",150-400
30,22,4,57,78,69,66,116,4,4,"[1, 4, 0, 3, 2]",40-120
30,22,5,168,166,198,142,168,2,2,"[1, 4, 0, 3, 2]",100-200
30,22,6,83,43,41,108,60,3,3,"[1, 4, 0, 3, 2]",40-120
30,22,7,28,11,25,50,35,3,3,"[1, 4, 0, 3, 2]",10-50
30,22,8,158,183,136,101,161,1,1,"[1, 4, 0, 3, 2]",100-200
30,22,9,200,184,184,174,133,0,2,"[1, 4, 0, 3, 2]",100-200
30,22,10,111,45,108,55,56,2,0,"[1, 4, 0, 3, 2]",40-120
30,22,11,101,178,112,142,130,4,1,"[1, 4, 0, 3, 2]",100-200
30,22,12,22,11,42,37,45,4,4,"[1, 4, 0, 3, 2]",10-50
30,22,13,87,70,58,108,109,1,3,"[1, 4, 0, 3, 2]",40-120
30,22,14,89,112,81,92,79,2,1,"[1, 4, 0, 3, 2]",40-120
30,22,15,175,174,149,164,124,3,3,"[1, 4, 0, 3, 2]",100-200
30,22,16,25,40,50,26,29,2,2,"[1, 4, 0, 3, 2]",10-50
30,22,17,176,106,130,163,173,4,3,"[1, 4, 0, 3, 2]",100-200
30,22,18,390,263,152,283,215,1,0,"[1, 4, 0, 3, 2]",150-400
30,22,19,24,46,19,22,33,2,1,"[1, 4, 0, 3, 2]",10-50
30,22,20,199,171,150,181,101,0,0,"[1, 4, 0, 3, 2]",100-200
30,22,21,191,248,366,256,186,3,2,"[1, 4, 0, 3, 2]",150-400
30,22,22,48,49,14,13,21,0,1,"[1, 4, 0, 3, 2]",10-50
30,22,23,119,69,45,66,108,0,0,"[1, 4, 0, 3, 2]",40-120
30,22,24,24,26,25,23,35,4,4,"[1, 4, 0, 3, 2]",10-50
30,22,25,46,38,46,19,14,0,2,"[1, 4, 0, 3, 2]",10-50
30,22,26,114,85,98,40,77,0,0,"[1, 4, 0, 3, 2]",40-120
30,22,27,104,113,91,92,52,1,1,"[1, 4, 0, 3, 2]",40-120
30,22,28,154,238,295,176,302,2,4,"[1, 4, 0, 3, 2]",150-400
30,22,29,136,180,168,120,115,1,1,"[1, 4, 0, 3, 2]",100-200
30,23,0,82,117,114,71,40,1,1,"[0, 2, 1, 4, 3]",40-120
30,23,1,93,101,59,80,75,1,1,"[0, 2, 1, 4, 3]",40-120
30,23,2,41,34,34,30,46,1,4,"[0, 2, 1, 4, 3]",10-50
30,23,3,122,110,200,170,135,2,2,"[0, 2, 1, 4, 3]",100-200
30,23,4,162,115,154,130,122,0,2,"[0, 2, 1, 4, 3]",100-200
30,23,5,51,97,51,112,118,4,3,"[0, 2, 1, 4, 3]",40-120
30,23,6,369,230,211,272,198,4,0,"[0, 2, 1, 4, 3]",150-400
30,23,7,200,109,143,119,167,0,4,"[0, 2, 1, 4, 3]",100-200
30,23,8,116,110,92,85,114,0,4,"[0, 2, 1, 4, 3]",40-120
30,23,9,153,170,181,126,108,2,2,"[0, 2, 1, 4, 3]",100-200
30,23,10,45,16,17,39,49,4,4,"[0, 2, 1, 4, 3]",10-50
30,23,11,26,43,12,50,36,1,3,"[0, 2, 1, 4, 3]",10-50
30,23,12,127,168,130,189,136,3,3,"[0, 2, 1, 4, 3]",100-200
30,23,13,27,25,42,32,33,2,2,"[0, 2, 1, 4, 3]",10-50
30,23,14,28,36,22,43,10,3,3,"[0, 2, 1, 4, 3]",10-50
30,23,15,19,25,22,11,45,4,4,"[0, 2, 1, 4, 3]",10-50
30,23,16,196,123,179,142,117,3,2,"[0, 2, 1, 4, 3]",100-200
30,23,17,84,113,81,119,51,3,3,"[0, 2, 1, 4, 3]",40-120
30,23,18,365,321,240,243,256,1,1,"[0, 2, 1, 4, 3]",150-400
30,23,19,42,11,27,15,36,0,0,"[0, 2, 1, 4, 3]",10-50
30,23,20,34,22,29,13,13,3,0,"[0, 2, 1, 4, 3]",10-50
30,23,21,31,41,38,34,23,2,1,"[0, 2, 1, 4, 3]",10-50
30,23,22,173,239,323,320,390,2,4,"[0, 2, 1, 4, 3]",150-400
30,23,23,167,189,144,149,140,1,1,"[0, 2, 1, 4, 3]",100-200
30,23,24,394,179,252,289,308,0,0,"[0, 2, 1, 4, 3]",150-400
30,23,25,109,103,108,137,143,4,3,"[0, 2, 1, 4, 3]",100-200
30,23,26,46,92,93,43,43,2,2,"[0, 2, 1, 4, 3]",40-120
30,23,27,72,66,63,46,59,4,0,"[0, 2, 1, 4, 3]",40-120
30,23,28,63,62,43,76,54,3,3,"[0, 2, 1, 4, 3]",40-120
30,23,29,84,96,56,53,50,0,1,"[0, 2, 1, 4, 3]",40-120
30,24,0,198,164,163,122,151,0,2,"[2, 4, 3, 0, 1]",100-200
30,24,1,47,32,10,49,22,3,3,"[2, 4, 3, 0, 1]",10-50
30,24,2,300,262,177,232,349,0,4,"[2, 4, 3, 0, 1]",150-400
30,24,3,150,174,151,110,143,1,1,"[2, 4, 3, 0, 1]",100-200
30,24,4,34,29,40,10,31,0,2,"[2, 4, 3, 0, 1]",10-50
30,24,5,69,96,102,50,43,1,2,"[2, 4, 3, 0, 1]",40-120
30,24,6,31,12,21,35,26,3,3,"[2, 4, 3, 0, 1]",10-50
30,24,7,46,47,33,26,12,0,1,"[2, 4, 3, 0, 1]",10-50
30,24,8,28,34,43,41,48,4,2,"[2, 4, 3, 0, 1]",10-50
30,24,9,180,118,134,136,115,2,0,"[2, 4, 3, 0, 1]",100-200
30,24,10,78,119,104,115,62,3,1,"[2, 4, 3, 0, 1]",40-120
30,24,11,60,62,58,84,69,2,3,"[2, 4, 3, 0, 1]",40-120
30,24,12,47,97,74,50,63,1,1,"[2, 4, 3, 0, 1]",40-120
30,24,13,65,53,49,111,91,3,3,"[2, 4, 3, 0, 1]",40-120
30,24,14,132,184,143,174,140,1,1,"[2, 4, 3, 0, 1]",100-200
30,24,15,113,103,121,185,160,3,3,"[2, 4, 3, 0, 1]",100-200
30,24,16,383,360,151,361,399,4,3,"[2, 4, 3, 0, 1]",150-400
30,24,17,14,11,36,26,23,1,2,"[2, 4, 3, 0, 1]",10-50
30,24,18,115,45,45,96,82,0,0,"[2, 4, 3, 0, 1]",40-120
30,24,19,84,60,43,105,110,4,4,"[2, 4, 3, 0, 1]",40-120
30,24,20,158,171,143,105,163,4,1,"[2, 4, 3, 0, 1]",100-200
30,24,21,67,48,109,55,99,2,2,"[2, 4, 3, 0, 1]",40-120
30,24,22,345,173,264,235,343,2,0,"[2, 4, 3, 0, 1]",150-400
30,24,23,112,80,42,86,75,0,0,"[2, 4, 3, 0, 1]",40-120
30,24,24,12,21,41,14,41,4,2,"[2, 4, 3, 0, 1]",10-50
30,24,25,25,49,40,36,32,1,1,"[2, 4, 3, 0, 1]",10-50
30,24,26,197,164,185,167,120,2,2,"[2, 4, 3, 0, 1]",100-200
30,24,27,196,100,125,140,156,4,0,"[2, 4, 3, 0, 1]",100-200
30,24,28,23,29,47,18,39,2,2,"[2, 4, 3, 0, 1]",10-50
30,24,29,338,166,243,236,383,3,4,"[2, 4, 3, 0, 1]",150-400
30,25,0,47,20,25,40,41,0,0,"[0, 1, 4, 2, 3]",10-50
30,25,1,14,48,15,10,17,1,1,"[0, 1, 4, 2, 3]",10-50
30,25,2,25,25,20,30,41,3,4,"[0, 1, 4, 2, 3]",10-50
30,25,3,18,28,23,46,45,4,3,"[0, 1, 4, 2, 3]",10-50
30,25,4,120,45,86,103,100,0,0,"[0, 1, 4, 2, 3]",40-120
30,25,5,398,251,218,373,363,0,3,"[0, 1, 4, 2, 3]",150-400
30,25,6,121,147,174,166,160,2,2,"[0, 1, 4, 2, 3]",100-200
30,25,7,14,33,24,10,45,2,4,"[0, 1, 4, 2, 3]",10-50
30,25,8,17,25,42,48,33,2,3,"[0, 1, 4, 2, 3]",10-50
30,25,9,51,83,95,45,101,4,4,"[0, 1, 4, 2, 3]",40-120
30,25,10,175,104,171,106,126,2,2,"[0, 1, 4, 2, 3]",100-200
30,25,11,20,30,28,50,18,3,3,"[0, 1, 4, 2, 3]",10-50
30,25,12,46,50,19,39,14,1,1,"[0, 1, 4, 2, 3]",10-50
30,25,13,184,388,355,307,231,1,1,"[0, 1, 4, 2, 3]",150-400
30,25,14,151,194,147,119,147,1,1,"[0, 1, 4, 2, 3]",100-200
30,25,15,72,76,103,87,93,2,2,"[0, 1, 4, 2, 3]",40-120
30,25,16,24,15,16,25,48,4,4,"[0, 1, 4, 2, 3]",10-50
30,25,17,114,69,112,41,111,4,4,"[0, 1, 4, 2, 3]",40-120
30,25,18,390,308,384,240,287,4,2,"[0, 1, 4, 2, 3]",150-400
30,25,19,50,103,68,109,111,3,4,"[0, 1, 4, 2, 3]",40-120
30,25,20,261,271,161,167,187,0,1,"[0, 1, 4, 2, 3]",150-400
30,25,21,136,199,171,136,195,1,4,"[0, 1, 4, 2, 3]",100-200
30,25,22,196,172,124,158,122,0,0,"[0, 1, 4, 2, 3]",100-200
30,25,23,191,149,170,110,157,4,0,"[0, 1, 4, 2, 3]",100-200
30,25,24,44,46,46,62,67,3,4,"[0, 1, 4, 2, 3]",40-120
30,25,25,99,41,79,53,52,0,0,"[0, 1, 4, 2, 3]",40-120
30,25,26,103,145,160,180,131,3,3,"[0, 1, 4, 2, 3]",100-200
30,25,27,97,88,105,111,96,2,3,"[0, 1, 4, 2, 3]",40-120
30,25,28,83,107,53,86,89,1,4,"[0, 1, 4, 2, 3]",40-120
30,25,29,181,158,130,178,141,3,0,"[0, 1, 4, 2, 3]",100-200
30,26,0,198,129,125,151,109,0,0,"[3, 1, 4, 2, 0]",100-200
30,26,1,157,107,132,168,196,4,4,"[3, 1, 4, 2, 0]",100-200
30,26,2,49,43,35,41,41,2,2,"[3, 1, 4, 2, 0]",10-50
30,26,3,368,228,254,355,249,3,3,"[3, 1, 4, 2, 0]",150-400
30,26,4,52,82,119,76,110,2,2,"[3, 1, 4, 2, 0]",40-120
30,26,5,38,50,17,17,17,1,1,"[3, 1, 4, 2, 0]",10-50
30,26,6,313,246,230,275,230,2,2,"[3, 1, 4, 2, 0]",150-400
30,26,7,188,188,178,106,197,1,1,"[3, 1, 4, 2, 0]",100-200
30,26,8,106,59,66,72,96,0,0,"[3, 1, 4, 2, 0]",40-120
30,26,9,120,109,118,188,177,3,3,"[3, 1, 4, 2, 0]",100-200
30,26,10,72,43,43,94,93,3,3,"[3, 1, 4, 2, 0]",40-120
30,26,11,21,24,13,15,44,4,4,"[3, 1, 4, 2, 0]",10-50
30,26,12,182,160,126,199,128,3,3,"[3, 1, 4, 2, 0]",100-200
30,26,13,196,133,149,145,175,2,2,"[3, 1, 4, 2, 0]",100-200
30,26,14,88,105,60,43,110,1,1,"[3, 1, 4, 2, 0]",40-120
30,26,15,392,361,279,196,288,4,4,"[3, 1, 4, 2, 0]",150-400
30,26,16,343,388,170,345,287,1,1,"[3, 1, 4, 2, 0]",150-400
30,26,17,84,65,51,54,88,0,0,"[3, 1, 4, 2, 0]",40-120
30,26,18,68,81,82,83,108,2,2,"[3, 1, 4, 2, 0]",40-120
30,26,19,22,47,21,43,15,1,1,"[3, 1, 4, 2, 0]",10-50
30,26,20,47,34,20,44,28,0,0,"[3, 1, 4, 2, 0]",10-50
30,26,21,16,31,29,29,10,2,2,"[3, 1, 4, 2, 0]",10-50
30,26,22,85,104,99,67,110,4,4,"[3, 1, 4, 2, 0]",40-120
30,26,23,41,105,100,104,67,3,3,"[3, 1, 4, 2, 0]",40-120
30,26,24,45,45,63,91,118,4,4,"[3, 1, 4, 2, 0]",40-120
30,26,25,103,180,140,150,115,1,1,"[3, 1, 4, 2, 0]",100-200
30,26,26,12,32,34,48,47,3,3,"[3, 1, 4, 2, 0]",10-50
30,26,27,33,18,45,24,50,4,4,"[3, 1, 4, 2, 0]",10-50
30,26,28,35,16,11,41,18,0,0,"[3, 1, 4, 2, 0]",10-50
30,26,29,174,157,106,177,116,0,0,"[3, 1, 4, 2, 0]",100-200
30,27,0,103,66,82,40,84,4,0,"[1, 2, 0, 3, 4]",40-120
30,27,1,31,30,25,12,42,4,4,"[1, 2, 0, 3, 4]",10-50
30,27,2,49,51,105,93,92,2,2,"[1, 2, 0, 3, 4]",40-120
30,27,3,46,114,103,79,64,1,1,"[1, 2, 0, 3, 4]",40-120
30,27,4,47,118,87,115,105,1,1,"[1, 2, 0, 3, 4]",40-120
30,27,5,325,339,225,173,236,0,1,"[1, 2, 0, 3, 4]",150-400
30,27,6,42,45,40,11,10,0,0,"[1, 2, 0, 3, 4]",10-50
30,27,7,240,252,274,377,178,3,3,"[1, 2, 0, 3, 4]",150-400
30,27,8,167,100,177,125,198,4,4,"[1, 2, 0, 3, 4]",100-200
30,27,9,122,116,194,118,151,2,2,"[1, 2, 0, 3, 4]",100-200
30,27,10,107,57,88,52,79,0,0,"[1, 2, 0, 3, 4]",40-120
30,27,11,20,24,15,44,39,3,4,"[1, 2, 0, 3, 4]",10-50
30,27,12,175,105,169,102,133,0,0,"[1, 2, 0, 3, 4]",100-200
30,27,13,163,190,158,136,171,1,4,"[1, 2, 0, 3, 4]",100-200
30,27,14,107,78,101,116,57,0,0,"[1, 2, 0, 3, 4]",40-120
30,27,15,114,148,187,122,176,4,2,"[1, 2, 0, 3, 4]",100-200
30,27,16,51,65,74,119,76,3,3,"[1, 2, 0, 3, 4]",40-120
30,27,17,46,33,44,31,10,2,2,"[1, 2, 0, 3, 4]",10-50
30,27,18,265,370,350,336,214,1,1,"[1, 2, 0, 3, 4]",150-400
30,27,19,25,20,25,25,33,4,4,"[1, 2, 0, 3, 4]",10-50
30,27,20,119,191,171,142,197,1,4,"[1, 2, 0, 3, 4]",100-200
30,27,21,36,13,29,44,32,3,3,"[1, 2, 0, 3, 4]",10-50
30,27,22,25,18,44,37,20,2,2,"[1, 2, 0, 3, 4]",10-50
30,27,23,40,29,17,12,17,0,0,"[1, 2, 0, 3, 4]",10-50
30,27,24,166,105,119,148,148,3,0,"[1, 2, 0, 3, 4]",100-200
30,27,25,16,31,42,15,10,1,2,"[1, 2, 0, 3, 4]",10-50
30,27,26,84,110,67,113,108,4,4,"[1, 2, 0, 3, 4]",40-120
30,27,27,82,61,69,94,64,3,0,"[1, 2, 0, 3, 4]",40-120
30,27,28,310,259,309,384,194,2,3,"[1, 2, 0, 3, 4]",150-400
30,27,29,154,188,198,100,173,2,2,"[1, 2, 0, 3, 4]",100-200
30,28,0,36,41,11,47,17,3,3,"[1, 4, 3, 0, 2]",10-50
30,28,1,137,154,130,192,128,3,3,"[1, 4, 3, 0, 2]",100-200
30,28,2,170,130,180,181,196,2,4,"[1, 4, 3, 0, 2]",100-200
30,28,3,391,333,248,256,354,1,0,"[1, 4, 3, 0, 2]",150-400
30,28,4,27,23,33,19,42,2,4,"[1, 4, 3, 0, 2]",10-50
30,28,5,92,51,60,77,116,4,4,"[1, 4, 3, 0, 2]",40-120
30,28,6,103,66,119,60,52,2,2,"[1, 4, 3, 0, 2]",40-120
30,28,7,71,93,79,84,88,1,1,"[1, 4, 3, 0, 2]",40-120
30,28,8,29,23,37,27,46,4,4,"[1, 4, 3, 0, 2]",10-50
30,28,9,165,316,382,208,323,4,2,"[1, 4, 3, 0, 2]",150-400
30,28,10,19,23,18,23,35,3,4,"[1, 4, 3, 0, 2]",10-50
30,28,11,28,46,29,42,24,1,1,"[1, 4, 3, 0, 2]",10-50
30,28,12,161,111,132,162,101,0,3,"[1, 4, 3, 0, 2]",100-200
30,28,13,100,148,139,138,124,2,1,"[1, 4, 3, 0, 2]",100-200
30,28,14,79,73,79,94,71,1,2,"[1, 4, 3, 0, 2]",40-120
30,28,15,115,112,118,169,139,4,3,"[1, 4, 3, 0, 2]",100-200
30,28,16,85,74,77,47,86,0,2,"[1, 4, 3, 0, 2]",40-120
30,28,17,110,84,45,59,78,0,0,"[1, 4, 3, 0, 2]",40-120
30,28,18,343,274,277,198,171,0,0,"[1, 4, 3, 0, 2]",150-400
30,28,19,44,18,13,20,39,0,4,"[1, 4, 3, 0, 2]",10-50
30,28,20,163,198,147,192,106,1,1,"[1, 4, 3, 0, 2]",100-200
30,28,21,78,42,67,100,115,3,4,"[1, 4, 3, 0, 2]",40-120
30,28,22,146,186,110,117,104,1,1,"[1, 4, 3, 0, 2]",100-200
30,28,23,49,15,39,13,13,0,0,"[1, 4, 3, 0, 2]",10-50
30,28,24,366,249,162,374,281,3,3,"[1, 4, 3, 0, 2]",150-400
30,28,25,48,49,44,30,25,2,1,"[1, 4, 3, 0, 2]",10-50
30,28,26,32,28,41,11,47,4,4,"[1, 4, 3, 0, 2]",10-50
30,28,27,77,61,99,86,61,2,2,"[1, 4, 3, 0, 2]",40-120
30,28,28,107,148,153,160,172,4,4,"[1, 4, 3, 0, 2]",100-200
30,28,29,52,105,85,116,69,3,1,"[1, 4, 3, 0, 2]",40-120
30,29,0,89,41,91,116,80,3,3,"[4, 1, 3, 2, 0]",40-120
30,29,1,186,320,176,209,277,1,1,"[4, 1, 3, 2, 0]",150-400
30,29,2,172,146,195,189,117,3,2,"[4, 1, 3, 2, 0]",100-200
30,29,3,136,163,154,149,180,4,4,"[4, 1, 3, 2, 0]",100-200
30,29,4,170,155,250,267,358,3,4,"[4, 1, 3, 2, 0]",150-400
30,29,5,29,18,26,45,32,3,3,"[4, 1, 3, 2, 0]",10-50
30,29,6,300,213,357,209,286,2,2,"[4, 1, 3, 2, 0]",150-400
30,29,7,198,151,161,182,180,0,0,"[4, 1, 3, 2, 0]",100-200
30,29,8,40,100,81,63,97,1,1,"[4, 1, 3, 2, 0]",40-120
30,29,9,114,43,58,102,77,0,0,"[4, 1, 3, 2, 0]",40-120
30,29,10,135,163,171,171,134,2,1,"[4, 1, 3, 2, 0]",100-200
30,29,11,34,33,36,17,46,4,4,"[4, 1, 3, 2, 0]",10-50
30,29,12,98,86,83,44,118,4,4,"[4, 1, 3, 2, 0]",40-120
30,29,13,28,25,48,23,17,2,2,"[4, 1, 3, 2, 0]",10-50
30,29,14,33,18,37,34,30,2,0,"[4, 1, 3, 2, 0]",10-50
30,29,15,99,79,77,54,44,1,0,"[4, 1, 3, 2, 0]",40-120
30,29,16,32,49,31,36,18,1,1,"[4, 1, 3, 2, 0]",10-50
30,29,17,18,44,37,37,29,0,1,"[4, 1, 3, 2, 0]",10-50
30,29,18,151,160,108,103,146,0,0,"[4, 1, 3, 2, 0]",100-200
30,29,19,103,96,79,47,71,0,0,"[4, 1, 3, 2, 0]",40-120
30,29,20,132,189,165,140,147,1,1,"[4, 1, 3, 2, 0]",100-200
30,29,21,18,37,11,44,45,3,4,"[4, 1, 3, 2, 0]",10-50
30,29,22,45,52,105,68,116,3,4,"[4, 1, 3, 2, 0]",40-120
30,29,23,303,233,295,389,362,4,3,"[4, 1, 3, 2, 0]",150-400
30,29,24,144,153,147,181,140,1,3,"[4, 1, 3, 2, 0]",100-200
30,29,25,31,21,26,46,47,4,4,"[4, 1, 3, 2, 0]",10-50
30,29,26,85,61,116,107,105,2,2,"[4, 1, 3, 2, 0]",40-120
30,29,27,148,140,131,184,154,4,3,"[4, 1, 3, 2, 0]",100-200
30,29,28,86,41,114,68,98,2,2,"[4, 1, 3, 2, 0]",40-120
30,29,29,35,31,22,42,32,0,0,"[4, 1, 3, 2, 0]",10-50
30,30,0,34,19,32,12,22,2,0,"[4, 0, 3, 1, 2]",10-50
30,30,1,43,52,114,97,77,3,2,"[4, 0, 3, 1, 2]",40-120
30,30,2,105,166,163,101,106,1,1,"[4, 0, 3, 1, 2]",100-200
30,30,3,155,164,169,108,132,0,0,"[4, 0, 3, 1, 2]",100-200
30,30,4,239,169,156,282,319,3,4,"[4, 0, 3, 1, 2]",150-400
30,30,5,100,93,106,47,60,0,0,"[4, 0, 3, 1, 2]",40-120
30,30,6,55,44,111,103,100,3,4,"[4, 0, 3, 1, 2]",40-120
30,30,7,46,32,11,16,32,0,0,"[4, 0, 3, 1, 2]",10-50
30,30,8,111,195,177,125,101,1,1,"[4, 0, 3, 1, 2]",100-200
30,30,9,111,115,40,100,50,0,0,"[4, 0, 3, 1, 2]",40-120
30,30,10,125,174,155,199,148,3,3,"[4, 0, 3, 1, 2]",100-200
30,30,11,94,91,117,65,60,2,2,"[4, 0, 3, 1, 2]",40-120
30,30,12,25,19,12,27,36,4,4,"[4, 0, 3, 1, 2]",10-50
30,30,13,202,191,391,211,181,2,2,"[4, 0, 3, 1, 2]",150-400
30,30,14,320,377,234,382,234,0,3,"[4, 0, 3, 1, 2]",150-400
30,30,15,105,200,194,143,149,1,1,"[4, 0, 3, 1, 2]",100-200
30,30,16,68,97,61,51,72,4,1,"[4, 0, 3, 1, 2]",40-120
30,30,17,30,21,15,16,34,1,4,"[4, 0, 3, 1, 2]",10-50
30,30,18,147,106,185,198,125,2,3,"[4, 0, 3, 1, 2]",100-200
30,30,19,13,40,49,23,25,1,2,"[4, 0, 3, 1, 2]",10-50
30,30,20,81,101,118,62,79,2,2,"[4, 0, 3, 1, 2]",40-120
30,30,21,146,141,147,100,143,4,0,"[4, 0, 3, 1, 2]",100-200
30,30,22,47,20,19,32,35,0,0,"[4, 0, 3, 1, 2]",10-50
30,30,23,59,119,103,69,62,1,1,"[4, 0, 3, 1, 2]",40-120
30,30,24,153,396,244,263,377,4,4,"[4, 0, 3, 1, 2]",150-400
30,30,25,17,18,12,49,19,3,3,"[4, 0, 3, 1, 2]",10-50
30,30,26,29,25,42,26,13,3,2,"[4, 0, 3, 1, 2]",10-50
30,30,27,36,15,43,38,11,2,2,"[4, 0, 3, 1, 2]",10-50
30,30,28,132,176,148,139,157,4,1,"[4, 0, 3, 1, 2]",100-200
30,30,29,107,97,100,102,108,4,0,"[4, 0, 3, 1, 2]",40-120
30,31,0,36,24,24,19,44,4,4,"[2, 3, 4, 0, 1]",10-50
30,31,1,128,110,171,160,181,4,4,"[2, 3, 4, 0, 1]",100-200
30,31,2,180,155,107,150,148,1,1,"[2, 3, 4, 0, 1]",100-200
30,31,3,177,136,153,134,146,2,0,"[2, 3, 4, 0, 1]",100-200
30,31,4,142,134,199,171,195,2,4,"[2, 3, 4, 0, 1]",100-200
30,31,5,338,225,206,184,257,4,0,"[2, 3, 4, 0, 1]",150-400
30,31,6,273,317,376,229,196,0,2,"[2, 3, 4, 0, 1]",150-400
30,31,7,172,105,132,144,167,3,4,"[2, 3, 4, 0, 1]",100-200
30,31,8,172,157,139,131,155,1,1,"[2, 3, 4, 0, 1]",100-200
30,31,9,48,13,14,36,17,0,0,"[2, 3, 4, 0, 1]",10-50
30,31,10,39,44,22,32,39,0,1,"[2, 3, 4, 0, 1]",10-50
30,31,11,200,109,125,176,180,0,3,"[2, 3, 4, 0, 1]",100-200
30,31,12,96,40,57,72,120,4,4,"[2, 3, 4, 0, 1]",40-120
30,31,13,73,56,104,99,95,2,3,"[2, 3, 4, 0, 1]",40-120
30,31,14,107,105,68,88,94,0,1,"[2, 3, 4, 0, 1]",40-120
30,31,15,32,11,40,27,10,1,2,"[2, 3, 4, 0, 1]",10-50
30,31,16,49,90,94,90,45,1,1,"[2, 3, 4, 0, 1]",40-120
30,31,17,68,103,93,58,73,1,1,"[2, 3, 4, 0, 1]",40-120
30,31,18,34,25,28,49,45,3,3,"[2, 3, 4, 0, 1]",10-50
30,31,19,19,17,45,42,27,2,3,"[2, 3, 4, 0, 1]",10-50
30,31,20,367,305,205,283,166,3,0,"[2, 3, 4, 0, 1]",150-400
30,31,21,64,78,76,94,103,4,4,"[2, 3, 4, 0, 1]",40-120
30,31,22,76,88,50,118,58,3,3,"[2, 3, 4, 0, 1]",40-120
30,31,23,172,148,149,199,152,3,3,"[2, 3, 4, 0, 1]",100-200
30,31,24,38,17,39,33,21,3,3,"[2, 3, 4, 0, 1]",10-50
30,31,25,53,86,110,48,40,2,2,"[2, 3, 4, 0, 1]",40-120
30,31,26,83,84,84,40,62,0,1,"[2, 3, 4, 0, 1]",40-120
30,31,27,50,35,47,13,50,4,4,"[2, 3, 4, 0, 1]",10-50
30,31,28,362,233,378,305,368,2,2,"[2, 3, 4, 0, 1]",150-400
30,31,29,15,45,47,22,40,1,1,"[2, 3, 4, 0, 1]",10-50
30,32,0,80,80,48,101,120,4,4,"[3, 1, 4, 0, 2]",40-120
30,32,1,121,126,181,135,117,2,2,"[3, 1, 4, 0, 2]",100-200
30,32,2,64,64,114,63,92,2,2,"[3, 1, 4, 0, 2]",40-120
30,32,3,210,262,349,271,200,4,2,"[3, 1, 4, 0, 2]",150-400
30,32,4,32,16,38,30,35,4,4,"[3, 1, 4, 0, 2]",10-50
30,32,5,115,50,116,42,66,0,0,"[3, 1, 4, 0, 2]",40-120
30,32,6,122,191,153,172,114,1,1,"[3, 1, 4, 0, 2]",100-200
30,32,7,28,20,21,12,26,4,0,"[3, 1, 4, 0, 2]",10-50
30,32,8,253,182,189,358,274,3,3,"[3, 1, 4, 0, 2]",150-400
30,32,9,29,42,19,41,18,1,1,"[3, 1, 4, 0, 2]",10-50
30,32,10,43,43,69,50,78,2,4,"[3, 1, 4, 0, 2]",40-120
30,32,11,12,14,37,44,19,2,3,"[3, 1, 4, 0, 2]",10-50
30,32,12,28,31,26,43,24,0,3,"[3, 1, 4, 0, 2]",10-50
30,32,13,233,366,217,231,267,1,1,"[3, 1, 4, 0, 2]",150-400
30,32,14,112,136,197,120,108,2,2,"[3, 1, 4, 0, 2]",100-200
30,32,15,48,20,24,48,14,0,3,"[3, 1, 4, 0, 2]",10-50
30,32,16,61,44,58,59,57,3,0,"[3, 1, 4, 0, 2]",40-120
30,32,17,188,186,129,126,140,0,0,"[3, 1, 4, 0, 2]",100-200
30,32,18,142,102,166,127,148,4,4,"[3, 1, 4, 0, 2]",100-200
30,32,19,22,41,35,46,19,3,3,"[3, 1, 4, 0, 2]",10-50
30,32,20,142,125,127,128,108,3,0,"[3, 1, 4, 0, 2]",100-200
30,32,21,101,112,64,75,104,1,1,"[3, 1, 4, 0, 2]",40-120
30,32,22,101,71,112,92,48,0,0,"[3, 1, 4, 0, 2]",40-120
30,32,23,30,41,11,33,35,1,1,"[3, 1, 4, 0, 2]",10-50
30,32,24,90,47,97,117,110,3,4,"[3, 1, 4, 0, 2]",40-120
30,32,25,200,131,100,175,141,3,0,"[3, 1, 4, 0, 2]",100-200
30,32,26,106,101,164,129,168,4,4,"[3, 1, 4, 0, 2]",100-200
30,32,27,30,39,50,36,26,2,2,"[3, 1, 4, 0, 2]",10-50
30,32,28,210,222,272,251,196,0,3,"[3, 1, 4, 0, 2]",150-400
30,32,29,112,99,113,46,106,1,4,"[3, 1, 4, 0, 2]",40-120
30,33,0,158,358,184,288,165,1,1,"[3, 2, 4, 0, 1]",150-400
30,33,1,26,49,38,17,40,2,1,"[3, 2, 4, 0, 1]",10-50
30,33,2,120,119,116,117,114,2,2,"[3, 2, 4, 0, 1]",40-120
30,33,3,253,296,279,254,323,2,4,"[3, 2, 4, 0, 1]",150-400
30,33,4,33,34,37,32,22,0,2,"[3, 2, 4, 0, 1]",10-50
30,33,5,125,151,177,167,161,3,2,"[3, 2, 4, 0, 1]",100-200
30,33,6,115,199,127,187,197,4,4,"[3, 2, 4, 0, 1]",100-200
30,33,7,115,41,77,64,80,0,0,"[3, 2, 4, 0, 1]",40-120
30,33,8,31,18,23,39,10,3,3,"[3, 2, 4, 0, 1]",10-50
30,33,9,70,62,82,59,104,4,4,"[3, 2, 4, 0, 1]",40-120
30,33,10,29,15,28,16,37,4,4,"[3, 2, 4, 0, 1]",10-50
30,33,11,59,42,105,105,41,2,2,"[3, 2, 4, 0, 1]",40-120
30,33,12,173,127,104,177,156,0,0,"[3, 2, 4, 0, 1]",100-200
30,33,13,76,70,43,74,69,1,0,"[3, 2, 4, 0, 1]",40-120
30,33,14,111,73,70,56,42,0,0,"[3, 2, 4, 0, 1]",40-120
30,33,15,13,40,12,31,18,1,1,"[3, 2, 4, 0, 1]",10-50
30,33,16,165,148,183,115,159,2,2,"[3, 2, 4, 0, 1]",100-200
30,33,17,26,35,20,11,50,4,4,"[3, 2, 4, 0, 1]",10-50
30,33,18,192,184,137,196,103,0,0,"[3, 2, 4, 0, 1]",100-200
30,33,19,357,324,252,393,220,3,3,"[3, 2, 4, 0, 1]",150-400
30,33,20,140,114,151,196,130,3,3,"[3, 2, 4, 0, 1]",100-200
30,33,21,35,50,16,17,27,1,1,"[3, 2, 4, 0, 1]",10-50
30,33,22,161,152,113,141,158,4,0,"[3, 2, 4, 0, 1]",100-200
30,33,23,157,156,151,163,130,1,2,"[3, 2, 4, 0, 1]",100-200
30,33,24,60,69,80,106,74,3,3,"[3, 2, 4, 0, 1]",40-120
30,33,25,95,85,87,113,94,3,3,"[3, 2, 4, 0, 1]",40-120
30,33,26,36,27,49,31,26,2,2,"[3, 2, 4, 0, 1]",10-50
30,33,27,59,100,94,49,100,1,4,"[3, 2, 4, 0, 1]",40-120
30,33,28,329,353,217,217,254,4,1,"[3, 2, 4, 0, 1]",150-400
30,33,29,36,36,35,22,43,0,4,"[3, 2, 4, 0, 1]",10-50
30,34,0,154,150,114,183,114,0,3,"[4, 2, 0, 3, 1]",100-200
30,34,1,48,11,45,22,29,2,2,"[4, 2, 0, 3, 1]",10-50
30,34,2,56,41,73,99,102,3,3,"[4, 2, 0, 3, 1]",40-120
30,34,3,75,97,91,82,44,1,1,"[4, 2, 0, 3, 1]",40-120
30,34,4,324,157,287,296,268,2,0,"[4, 2, 0, 3, 1]",150-400
30,34,5,198,193,236,298,331,3,4,"[4, 2, 0, 3, 1]",150-400
30,34,6,184,190,178,117,144,2,2,"[4, 2, 0, 3, 1]",100-200
30,34,7,44,26,49,41,34,2,2,"[4, 2, 0, 3, 1]",10-50
30,34,8,215,215,317,306,397,4,4,"[4, 2, 0, 3, 1]",150-400
30,34,9,108,55,83,47,82,0,0,"[4, 2, 0, 3, 1]",40-120
30,34,10,38,15,16,23,12,0,0,"[4, 2, 0, 3, 1]",10-50
30,34,11,79,72,103,75,114,4,2,"[4, 2, 0, 3, 1]",40-120
30,34,12,52,51,96,102,88,3,2,"[4, 2, 0, 3, 1]",40-120
30,34,13,96,47,78,101,92,0,0,"[4, 2, 0, 3, 1]",40-120
30,34,14,106,173,166,127,142,4,2,"[4, 2, 0, 3, 1]",100-200
30,34,15,252,325,179,348,361,0,3,"[4, 2, 0, 3, 1]",150-400
30,34,16,32,46,25,40,46,1,1,"[4, 2, 0, 3, 1]",10-50
30,34,17,123,192,100,130,191,1,1,"[4, 2, 0, 3, 1]",100-200
30,34,18,200,172,147,179,186,4,0,"[4, 2, 0, 3, 1]",100-200
30,34,19,63,61,72,46,93,4,4,"[4, 2, 0, 3, 1]",40-120
30,34,20,28,15,37,23,31,3,2,"[4, 2, 0, 3, 1]",10-50
30,34,21,21,38,18,18,22,1,1,"[4, 2, 0, 3, 1]",10-50
30,34,22,49,20,40,15,20,0,0,"[4, 2, 0, 3, 1]",10-50
30,34,23,143,179,145,145,150,1,1,"[4, 2, 0, 3, 1]",100-200
30,34,24,133,177,105,173,100,2,1,"[4, 2, 0, 3, 1]",100-200
30,34,25,12,17,19,46,48,4,4,"[4, 2, 0, 3, 1]",10-50
30,34,26,44,55,95,86,43,2,2,"[4, 2, 0, 3, 1]",40-120
30,34,27,103,144,111,180,152,3,3,"[4, 2, 0, 3, 1]",100-200
30,34,28,56,66,41,68,70,1,1,"[4, 2, 0, 3, 1]",40-120
30,34,29,35,40,30,50,47,3,3,"[4, 2, 0, 3, 1]",10-50
30,35,0,57,117,58,83,45,1,1,"[4, 3, 2, 0, 1]",40-120
30,35,1,27,42,49,46,12,2,2,"[4, 3, 2, 0, 1]",10-50
30,35,2,39,26,18,44,19,3,3,"[4, 3, 2, 0, 1]",10-50
30,35,3,78,70,69,63,52,4,0,"[4, 3, 2, 0, 1]",40-120
30,35,4,77,53,102,77,86,4,2,"[4, 3, 2, 0, 1]",40-120
30,35,5,50,42,23,45,27,0,0,"[4, 3, 2, 0, 1]",10-50
30,35,6,46,35,26,21,49,4,4,"[4, 3, 2, 0, 1]",10-50
30,35,7,144,109,123,159,151,4,3,"[4, 3, 2, 0, 1]",100-200
30,35,8,153,184,162,113,133,1,1,"[4, 3, 2, 0, 1]",100-200
30,35,9,170,154,188,151,170,2,2,"[4, 3, 2, 0, 1]",100-200
30,35,10,397,150,180,280,260,0,0,"[4, 3, 2, 0, 1]",150-400
30,35,11,191,158,153,154,171,4,4,"[4, 3, 2, 0, 1]",100-200
30,35,12,19,10,41,47,10,3,3,"[4, 3, 2, 0, 1]",10-50
30,35,13,93,104,107,51,52,2,2,"[4, 3, 2, 0, 1]",40-120
30,35,14,36,18,35,13,23,0,0,"[4, 3, 2, 0, 1]",10-50
30,35,15,240,306,157,300,287,4,4,"[4, 3, 2, 0, 1]",150-400
30,35,16,100,76,60,70,70,1,0,"[4, 3, 2, 0, 1]",40-120
30,35,17,175,189,169,193,140,3,3,"[4, 3, 2, 0, 1]",100-200
30,35,18,49,63,79,97,57,3,3,"[4, 3, 2, 0, 1]",40-120
30,35,19,97,87,110,116,53,2,3,"[4, 3, 2, 0, 1]",40-120
30,35,20,105,52,86,40,75,0,0,"[4, 3, 2, 0, 1]",40-120
30,35,21,257,351,393,298,281,3,2,"[4, 3, 2, 0, 1]",150-400
30,35,22,208,273,245,207,251,2,4,"[4, 3, 2, 0, 1]",150-400
30,35,23,116,69,85,64,84,0,0,"[4, 3, 2, 0, 1]",40-120
30,35,24,35,47,17,42,49,1,1,"[4, 3, 2, 0, 1]",10-50
30,35,25,159,184,106,111,100,0,1,"[4, 3, 2, 0, 1]",100-200
30,35,26,37,49,46,16,42,1,1,"[4, 3, 2, 0, 1]",10-50
30,35,27,108,197,177,158,135,1,1,"[4, 3, 2, 0, 1]",100-200
30,35,28,45,21,36,15,45,2,4,"[4, 3, 2, 0, 1]",10-50
30,35,29,151,126,120,171,151,3,3,"[4, 3, 2, 0, 1]",100-200
30,36,0,304,239,165,309,320,4,3,"[1, 2, 4, 0, 3]",150-400
30,36,1,17,25,23,33,50,4,4,"[1, 2, 4, 0, 3]",10-50
30,36,2,56,80,120,44,94,2,2,"[1, 2, 4, 0, 3]",40-120
30,36,3,179,114,108,179,121,0,0,"[1, 2, 4, 0, 3]",100-200
30,36,4,13,34,12,18,26,3,1,"[1, 2, 4, 0, 3]",10-50
30,36,5,316,364,205,159,201,1,1,"[1, 2, 4, 0, 3]",150-400
30,36,6,162,116,152,148,102,2,0,"[1, 2, 4, 0, 3]",100-200
30,36,7,120,185,197,174,110,2,2,"[1, 2, 4, 0, 3]",100-200
30,36,8,43,88,78,55,43,1,1,"[1, 2, 4, 0, 3]",40-120
30,36,9,32,11,36,32,39,2,4,"[1, 2, 4, 0, 3]",10-50
30,36,10,180,128,138,184,198,3,3,"[1, 2, 4, 0, 3]",100-200
30,36,11,47,17,17,42,11,0,0,"[1, 2, 4, 0, 3]",10-50
30,36,12,233,251,263,248,200,0,2,"[1, 2, 4, 0, 3]",150-400
30,36,13,371,276,344,291,347,2,0,"[1, 2, 4, 0, 3]",150-400
30,36,14,64,89,47,82,52,3,3,"[1, 2, 4, 0, 3]",40-120
30,36,15,50,97,111,96,45,3,2,"[1, 2, 4, 0, 3]",40-120
30,36,16,54,86,40,82,110,4,4,"[1, 2, 4, 0, 3]",40-120
30,36,17,97,117,51,68,104,1,1,"[1, 2, 4, 0, 3]",40-120
30,36,18,107,79,110,94,64,0,2,"[1, 2, 4, 0, 3]",40-120
30,36,19,63,117,46,75,114,1,4,"[1, 2, 4, 0, 3]",40-120
30,36,20,24,43,13,10,13,0,1,"[1, 2, 4, 0, 3]",10-50
30,36,21,142,200,123,129,124,1,1,"[1, 2, 4, 0, 3]",100-200
30,36,22,31,23,42,20,26,2,2,"[1, 2, 4, 0, 3]",10-50
30,36,23,15,43,28,50,21,3,3,"[1, 2, 4, 0, 3]",10-50
30,36,24,133,146,157,183,184,3,3,"[1, 2, 4, 0, 3]",100-200
30,36,25,44,21,19,18,31,4,0,"[1, 2, 4, 0, 3]",10-50
30,36,26,35,48,16,30,36,1,1,"[1, 2, 4, 0, 3]",10-50
30,36,27,178,171,180,151,199,4,4,"[1, 2, 4, 0, 3]",100-200
30,36,28,66,50,55,64,76,0,4,"[1, 2, 4, 0, 3]",40-120
30,36,29,114,106,128,127,192,4,4,"[1, 2, 4, 0, 3]",100-200
30,37,0,58,104,88,95,104,2,4,"[2, 4, 0, 1, 3]",40-120
30,37,1,34,32,27,35,29,0,1,"[2, 4, 0, 1, 3]",10-50
30,37,2,196,190,101,174,161,0,1,"[2, 4, 0, 1, 3]",100-200
30,37,3,93,87,57,40,76,1,0,"[2, 4, 0, 1, 3]",40-120
30,37,4,148,166,111,107,146,4,1,"[2, 4, 0, 1, 3]",100-200
30,37,5,119,69,102,62,113,0,0,"[2, 4, 0, 1, 3]",40-120
30,37,6,34,18,40,44,50,2,4,"[2, 4, 0, 1, 3]",10-50
30,37,7,142,148,120,150,137,3,1,"[2, 4, 0, 1, 3]",100-200
30,37,8,125,153,173,163,130,2,2,"[2, 4, 0, 1, 3]",100-200
30,37,9,109,68,75,77,55,0,0,"[2, 4, 0, 1, 3]",40-120
30,37,10,198,222,245,357,223,1,3,"[2, 4, 0, 1, 3]",150-400
30,37,11,31,42,47,19,45,1,2,"[2, 4, 0, 1, 3]",10-50
30,37,12,29,29,35,10,34,1,2,"[2, 4, 0, 1, 3]",10-50
30,37,13,114,79,85,115,109,4,0,"[2, 4, 0, 1, 3]",40-120
30,37,14,356,348,375,369,301,4,2,"[2, 4, 0, 1, 3]",150-400
30,37,15,157,113,160,153,187,4,4,"[2, 4, 0, 1, 3]",100-200
30,37,16,95,108,116,92,67,1,2,"[2, 4, 0, 1, 3]",40-120
30,37,17,352,387,389,196,399,2,4,"[2, 4, 0, 1, 3]",150-400
30,37,18,38,10,34,46,36,0,3,"[2, 4, 0, 1, 3]",10-50
30,37,19,82,85,80,117,97,3,3,"[2, 4, 0, 1, 3]",40-120
30,37,20,160,116,139,133,154,2,0,"[2, 4, 0, 1, 3]",100-200
30,37,21,27,23,37,20,50,4,4,"[2, 4, 0, 1, 3]",10-50
30,37,22,29,29,27,42,31,3,3,"[2, 4, 0, 1, 3]",10-50
30,37,23,76,58,40,42,56,4,0,"[2, 4, 0, 1, 3]",40-120
30,37,24,30,21,49,33,22,2,2,"[2, 4, 0, 1, 3]",10-50
30,37,25,195,132,113,195,165,3,0,"[2, 4, 0, 1, 3]",100-200
30,37,26,36,39,30,46,41,3,4,"[2, 4, 0, 1, 3]",10-50
30,37,27,279,210,289,376,211,0,3,"[2, 4, 0, 1, 3]",150-400
30,37,28,71,87,44,94,49,3,1,"[2, 4, 0, 1, 3]",40-120
30,37,29,116,193,165,172,163,1,1,"[2, 4, 0, 1, 3]",100-200
30,38,0,49,55,112,88,59,4,2,"[2, 1, 3, 0, 4]",40-120
30,38,1,46,100,62,83,72,1,3,"[2, 1, 3, 0, 4]",40-120
30,38,2,25,35,50,11,42,4,2,"[2, 1, 3, 0, 4]",10-50
30,38,3,158,145,152,141,170,4,4,"[2, 1, 3, 0, 4]",100-200
30,38,4,150,181,148,116,122,1,1,"[2, 1, 3, 0, 4]",100-200
30,38,5,137,195,147,108,123,1,1,"[2, 1, 3, 0, 4]",100-200
30,38,6,105,72,91,45,78,0,0,"[2, 1, 3, 0, 4]",40-120
30,38,7,14,33,37,21,30,2,2,"[2, 1, 3, 0, 4]",10-50
30,38,8,27,47,14,22,18,1,1,"[2, 1, 3, 0, 4]",10-50
30,38,9,152,101,116,144,153,4,4,"[2, 1, 3, 0, 4]",100-200
30,38,10,189,343,400,246,188,2,2,"[2, 1, 3, 0, 4]",150-400
30,38,11,29,15,24,37,17,3,3,"[2, 1, 3, 0, 4]",10-50
30,38,12,45,71,66,88,49,2,3,"[2, 1, 3, 0, 4]",40-120
30,38,13,46,24,27,40,47,3,0,"[2, 1, 3, 0, 4]",10-50
30,38,14,15,50,39,46,27,1,3,"[2, 1, 3, 0, 4]",10-50
30,38,15,314,362,169,202,246,1,1,"[2, 1, 3, 0, 4]",150-400
30,38,16,40,77,46,110,65,3,3,"[2, 1, 3, 0, 4]",40-120
30,38,17,321,197,152,381,384,3,4,"[2, 1, 3, 0, 4]",150-400
30,38,18,116,47,45,71,120,0,4,"[2, 1, 3, 0, 4]",40-120
30,38,19,197,132,115,192,170,3,3,"[2, 1, 3, 0, 4]",100-200
30,38,20,197,181,137,180,103,0,0,"[2, 1, 3, 0, 4]",100-200
30,38,21,113,50,116,91,106,2,2,"[2, 1, 3, 0, 4]",40-120
30,38,22,21,37,15,14,23,4,1,"[2, 1, 3, 0, 4]",10-50
30,38,23,129,190,190,176,132,2,2,"[2, 1, 3, 0, 4]",100-200
30,38,24,398,334,293,335,327,0,0,"[2, 1, 3, 0, 4]",150-400
30,38,25,108,78,59,119,103,3,3,"[2, 1, 3, 0, 4]",40-120
30,38,26,128,194,161,129,152,2,1,"[2, 1, 3, 0, 4]",100-200
30,38,27,45,42,19,26,19,0,0,"[2, 1, 3, 0, 4]",10-50
30,38,28,27,45,24,28,30,0,1,"[2, 1, 3, 0, 4]",10-50
30,38,29,63,90,64,116,114,4,3,"[2, 1, 3, 0, 4]",40-120
30,39,0,310,185,317,244,325,2,4,"[0, 3, 1, 2, 4]",150-400
30,39,1,31,39,29,45,12,3,3,"[0, 3, 1, 2, 4]",10-50
30,39,2,165,186,176,180,151,0,2,"[0, 3, 1, 2, 4]",100-200
30,39,3,50,11,46,30,15,2,0,"[0, 3, 1, 2, 4]",10-50
30,39,4,126,131,187,199,190,4,3,"[0, 3, 1, 2, 4]",100-200
30,39,5,56,120,117,108,116,2,2,"[0, 3, 1, 2, 4]",40-120
30,39,6,89,109,42,48,86,1,1,"[0, 3, 1, 2, 4]",40-120
30,39,7,137,163,199,184,160,2,2,"[0, 3, 1, 2, 4]",100-200
30,39,8,15,37,30,16,19,1,1,"[0, 3, 1, 2, 4]",10-50
30,39,9,51,56,42,54,64,0,4,"[0, 3, 1, 2, 4]",40-120
30,39,10,103,103,40,107,116,4,4,"[0, 3, 1, 2, 4]",40-120
30,39,11,371,380,197,391,355,0,0,"[0, 3, 1, 2, 4]",150-400
30,39,12,108,199,147,104,174,1,1,"[0, 3, 1, 2, 4]",100-200
30,39,13,40,16,27,38,13,0,0,"[0, 3, 1, 2, 4]",10-50
30,39,14,185,310,222,240,259,1,1,"[0, 3, 1, 2, 4]",150-400
30,39,15,117,42,54,70,64,0,0,"[0, 3, 1, 2, 4]",40-120
30,39,16,159,147,144,110,117,1,0,"[0, 3, 1, 2, 4]",100-200
30,39,17,21,26,30,32,34,2,4,"[0, 3, 1, 2, 4]",10-50
30,39,18,162,127,185,192,135,3,2,"[0, 3, 1, 2, 4]",100-200
30,39,19,33,48,11,31,17,1,1,"[0, 3, 1, 2, 4]",10-50
30,39,20,24,15,22,13,32,4,4,"[0, 3, 1, 2, 4]",10-50
30,39,21,33,32,34,46,39,4,3,"[0, 3, 1, 2, 4]",10-50
30,39,22,183,137,180,137,107,0,2,"[0, 3, 1, 2, 4]",100-200
30,39,23,47,101,51,120,106,3,3,"[0, 3, 1, 2, 4]",40-120
30,39,24,86,58,56,73,114,3,4,"[0, 3, 1, 2, 4]",40-120
30,39,25,114,64,67,54,89,4,0,"[0, 3, 1, 2, 4]",40-120
30,39,26,17,17,11,47,43,3,3,"[0, 3, 1, 2, 4]",10-50
30,39,27,169,391,156,368,206,3,3,"[0, 3, 1, 2, 4]",150-400
30,39,28,66,66,71,62,111,2,4,"[0, 3, 1, 2, 4]",40-120
30,39,29,114,199,183,117,159,4,1,"[0, 3, 1, 2, 4]",100-200
30,40,0,55,111,109,45,118,4,4,"[2, 1, 4, 3, 0]",40-120
30,40,1,36,32,19,34,42,1,4,"[2, 1, 4, 3, 0]",10-50
30,40,2,130,125,142,149,105,3,3,"[2, 1, 4, 3, 0]",100-200
30,40,3,162,158,200,146,139,2,2,"[2, 1, 4, 3, 0]",100-200
30,40,4,49,108,56,43,65,1,1,"[2, 1, 4, 3, 0]",40-120
30,40,5,154,112,111,142,118,1,3,"[2, 1, 4, 3, 0]",100-200
30,40,6,341,160,225,183,184,0,0,"[2, 1, 4, 3, 0]",150-400
30,40,7,170,172,139,146,183,1,4,"[2, 1, 4, 3, 0]",100-200
30,40,8,103,51,115,48,98,2,2,"[2, 1, 4, 3, 0]",40-120
30,40,9,26,11,13,16,34,4,4,"[2, 1, 4, 3, 0]",10-50
30,40,10,11,16,11,14,14,0,1,"[2, 1, 4, 3, 0]",10-50
30,40,11,141,117,114,103,169,4,4,"[2, 1, 4, 3, 0]",100-200
30,40,12,37,22,10,15,31,3,0,"[2, 1, 4, 3, 0]",10-50
30,40,13,45,27,35,34,24,0,0,"[2, 1, 4, 3, 0]",10-50
30,40,14,51,56,101,110,100,4,3,"[2, 1, 4, 3, 0]",40-120
30,40,15,20,27,49,43,37,2,2,"[2, 1, 4, 3, 0]",10-50
30,40,16,381,218,206,173,205,4,0,"[2, 1, 4, 3, 0]",150-400
30,40,17,61,80,80,111,74,3,3,"[2, 1, 4, 3, 0]",40-120
30,40,18,23,46,19,31,21,1,1,"[2, 1, 4, 3, 0]",10-50
30,40,19,180,119,188,141,146,0,2,"[2, 1, 4, 3, 0]",100-200
30,40,20,297,287,304,264,186,2,1,"[2, 1, 4, 3, 0]",150-400
30,40,21,117,69,42,50,70,0,0,"[2, 1, 4, 3, 0]",40-120
30,40,22,125,196,100,191,197,3,3,"[2, 1, 4, 3, 0]",100-200
30,40,23,108,64,91,54,91,0,4,"[2, 1, 4, 3, 0]",40-120
30,40,24,157,122,185,149,156,2,2,"[2, 1, 4, 3, 0]",100-200
30,40,25,256,359,236,151,197,1,1,"[2, 1, 4, 3, 0]",150-400
30,40,26,98,83,56,50,83,2,4,"[2, 1, 4, 3, 0]",40-120
30,40,27,35,18,34,44,39,3,3,"[2, 1, 4, 3, 0]",10-50
30,40,28,100,61,40,93,76,3,3,"[2, 1, 4, 3, 0]",40-120
30,40,29,18,29,31,20,44,4,4,"[2, 1, 4, 3, 0]",10-50
30,41,0,141,157,112,121,108,1,1,"[1, 2, 0, 3, 4]",100-200
30,41,1,16,26,42,44,13,3,3,"[1, 2, 0, 3, 4]",10-50
30,41,2,85,54,96,65,83,1,2,"[1, 2, 0, 3, 4]",40-120
30,41,3,61,115,94,55,94,1,1,"[1, 2, 0, 3, 4]",40-120
30,41,4,23,23,48,15,37,0,2,"[1, 2, 0, 3, 4]",10-50
30,41,5,96,82,108,71,118,4,4,"[1, 2, 0, 3, 4]",40-120
30,41,6,72,66,79,94,109,3,4,"[1, 2, 0, 3, 4]",40-120
30,41,7,166,259,244,311,254,3,3,"[1, 2, 0, 3, 4]",150-400
30,41,8,296,318,205,315,294,1,1,"[1, 2, 0, 3, 4]",150-400
30,41,9,358,312,202,283,158,0,0,"[1, 2, 0, 3, 4]",150-400
30,41,10,119,103,159,166,198,4,4,"[1, 2, 0, 3, 4]",100-200
30,41,11,19,37,30,40,20,0,3,"[1, 2, 0, 3, 4]",10-50
30,41,12,29,50,50,18,14,2,1,"[1, 2, 0, 3, 4]",10-50
30,41,13,10,19,18,44,18,3,3,"[1, 2, 0, 3, 4]",10-50
30,41,14,98,112,120,91,73,2,2,"[1, 2, 0, 3, 4]",40-120
30,41,15,182,127,141,175,150,0,0,"[1, 2, 0, 3, 4]",100-200
30,41,16,173,100,115,184,105,0,3,"[1, 2, 0, 3, 4]",100-200
30,41,17,84,112,118,51,118,2,4,"[1, 2, 0, 3, 4]",40-120
30,41,18,42,98,112,85,103,4,2,"[1, 2, 0, 3, 4]",40-120
30,41,19,114,94,70,58,65,0,0,"[1, 2, 0, 3, 4]",40-120
30,41,20,170,205,369,311,271,2,2,"[1, 2, 0, 3, 4]",150-400
30,41,21,14,50,22,29,39,1,1,"[1, 2, 0, 3, 4]",10-50
30,41,22,171,148,159,168,155,4,0,"[1, 2, 0, 3, 4]",100-200
30,41,23,18,32,50,25,15,2,2,"[1, 2, 0, 3, 4]",10-50
30,41,24,12,41,19,23,39,4,4,"[1, 2, 0, 3, 4]",10-50
30,41,25,14,50,27,13,40,4,1,"[1, 2, 0, 3, 4]",10-50
30,41,26,95,64,97,93,69,3,2,"[1, 2, 0, 3, 4]",40-120
30,41,27,132,149,175,192,148,3,3,"[1, 2, 0, 3, 4]",100-200
30,41,28,147,106,178,115,176,2,4,"[1, 2, 0, 3, 4]",100-200
30,41,29,138,181,173,144,170,1,1,"[1, 2, 0, 3, 4]",100-200
30,42,0,178,178,118,177,101,1,1,"[1, 0, 2, 3, 4]",100-200
30,42,1,67,113,85,101,44,1,1,"[1, 0, 2, 3, 4]",40-120
30,42,2,94,70,73,81,73,1,0,"[1, 0, 2, 3, 4]",40-120
30,42,3,20,20,34,18,43,2,4,"[1, 0, 2, 3, 4]",10-50
30,42,4,42,91,53,54,104,4,4,"[1, 0, 2, 3, 4]",40-120
30,42,5,47,35,29,32,26,3,0,"[1, 0, 2, 3, 4]",10-50
30,42,6,245,364,196,220,381,0,4,"[1, 0, 2, 3, 4]",150-400
30,42,7,156,336,238,177,330,4,1,"[1, 0, 2, 3, 4]",150-400
30,42,8,396,381,363,296,386,1,0,"[1, 0, 2, 3, 4]",150-400
30,42,9,16,19,10,31,48,4,4,"[1, 0, 2, 3, 4]",10-50
30,42,10,83,92,75,68,113,4,4,"[1, 0, 2, 3, 4]",40-120
30,42,11,111,188,185,142,102,1,2,"[1, 0, 2, 3, 4]",100-200
30,42,12,27,30,44,17,11,2,2,"[1, 0, 2, 3, 4]",10-50
30,42,13,20,47,14,11,35,4,1,"[1, 0, 2, 3, 4]",10-50
30,42,14,168,140,190,196,118,3,2,"[1, 0, 2, 3, 4]",100-200
30,42,15,157,123,113,181,100,0,3,"[1, 0, 2, 3, 4]",100-200
30,42,16,142,135,143,185,159,3,3,"[1, 0, 2, 3, 4]",100-200
30,42,17,80,97,66,87,54,3,1,"[1, 0, 2, 3, 4]",40-120
30,42,18,234,312,337,369,211,2,3,"[1, 0, 2, 3, 4]",150-400
30,42,19,71,102,98,77,68,2,2,"[1, 0, 2, 3, 4]",40-120
30,42,20,49,26,12,30,15,0,0,"[1, 0, 2, 3, 4]",10-50
30,42,21,48,50,40,11,44,1,0,"[1, 0, 2, 3, 4]",10-50
30,42,22,200,148,145,105,184,0,0,"[1, 0, 2, 3, 4]",100-200
30,42,23,49,24,21,14,21,0,0,"[1, 0, 2, 3, 4]",10-50
30,42,24,109,176,123,184,156,4,3,"[1, 0, 2, 3, 4]",100-200
30,42,25,93,98,98,111,42,2,2,"[1, 0, 2, 3, 4]",40-120
30,42,26,16,33,23,12,15,3,1,"[1, 0, 2, 3, 4]",10-50
30,42,27,162,177,191,161,157,2,2,"[1, 0, 2, 3, 4]",100-200
30,42,28,103,83,40,81,96,0,4,"[1, 0, 2, 3, 4]",40-120
30,42,29,106,120,52,117,76,3,1,"[1, 0, 2, 3, 4]",40-120
30,43,0,340,361,170,195,183,0,1,"[2, 1, 4, 3, 0]",150-400
30,43,1,169,152,161,118,170,2,4,"[2, 1, 4, 3, 0]",100-200
30,43,2,187,181,115,147,143,1,0,"[2, 1, 4, 3, 0]",100-200
30,43,3,66,40,93,71,78,2,2,"[2, 1, 4, 3, 0]",40-120
30,43,4,114,73,51,79,66,0,0,"[2, 1, 4, 3, 0]",40-120
30,43,5,114,131,106,137,168,3,4,"[2, 1, 4, 3, 0]",100-200
30,43,6,101,112,107,109,100,1,2,"[2, 1, 4, 3, 0]",100-200
30,43,7,175,167,145,128,162,0,0,"[2, 1, 4, 3, 0]",100-200
30,43,8,103,77,106,115,81,4,3,"[2, 1, 4, 3, 0]",40-120
30,43,9,25,40,17,47,30,1,3,"[2, 1, 4, 3, 0]",10-50
30,43,10,58,74,119,75,69,2,2,"[2, 1, 4, 3, 0]",40-120
30,43,11,41,10,24,22,38,3,0,"[2, 1, 4, 3, 0]",10-50
30,43,12,96,81,52,57,74,0,0,"[2, 1, 4, 3, 0]",40-120
30,43,13,250,177,337,324,257,2,2,"[2, 1, 4, 3, 0]",150-400
30,43,14,21,31,34,15,39,4,4,"[2, 1, 4, 3, 0]",10-50
30,43,15,45,16,30,50,13,3,3,"[2, 1, 4, 3, 0]",10-50
30,43,16,45,25,28,25,27,0,0,"[2, 1, 4, 3, 0]",10-50
30,43,17,104,97,93,40,117,4,4,"[2, 1, 4, 3, 0]",40-120
30,43,18,20,11,21,10,12,0,0,"[2, 1, 4, 3, 0]",10-50
30,43,19,11,38,43,47,19,2,3,"[2, 1, 4, 3, 0]",10-50
30,43,20,34,32,21,42,43,4,4,"[2, 1, 4, 3, 0]",10-50
30,43,21,138,130,118,199,196,3,3,"[2, 1, 4, 3, 0]",100-200
30,43,22,164,144,137,167,196,4,4,"[2, 1, 4, 3, 0]",100-200
30,43,23,88,70,67,119,70,3,3,"[2, 1, 4, 3, 0]",40-120
30,43,24,207,233,198,313,200,4,3,"[2, 1, 4, 3, 0]",150-400
30,43,25,92,90,62,84,79,3,0,"[2, 1, 4, 3, 0]",40-120
30,43,26,317,384,309,170,159,1,1,"[2, 1, 4, 3, 0]",150-400
30,43,27,159,104,189,146,191,2,2,"[2, 1, 4, 3, 0]",100-200
30,43,28,80,96,87,49,94,1,1,"[2, 1, 4, 3, 0]",40-120
30,43,29,22,48,33,18,50,1,4,"[2, 1, 4, 3, 0]",10-50
30,44,0,48,106,61,101,74,1,1,"[2, 0, 3, 1, 4]",40-120
30,44,1,38,49,14,38,44,1,1,"[2, 0, 3, 1, 4]",10-50
30,44,2,136,182,179,116,142,1,1,"[2, 0, 3, 1, 4]",100-200
30,44,3,70,91,51,51,101,2,2,"[2, 0, 3, 1, 4]",40-120
30,44,4,294,284,188,215,201,0,0,"[2, 0, 3, 1, 4]",150-400
30,44,5,111,49,78,61,57,0,0,"[2, 0, 3, 1, 4]",40-120
30,44,6,99,68,107,74,46,2,2,"[2, 0, 3, 1, 4]",40-120
30,44,7,14,10,19,34,44,4,4,"[2, 0, 3, 1, 4]",10-50
30,44,8,25,16,42,33,48,4,4,"[2, 0, 3, 1, 4]",10-50
30,44,9,16,47,32,45,11,3,3,"[2, 0, 3, 1, 4]",10-50
30,44,10,57,103,103,97,61,3,3,"[2, 0, 3, 1, 4]",40-120
30,44,11,324,369,396,347,278,2,2,"[2, 0, 3, 1, 4]",150-400
30,44,12,165,193,306,258,385,3,3,"[2, 0, 3, 1, 4]",150-400
30,44,13,88,106,106,69,99,1,1,"[2, 0, 3, 1, 4]",40-120
30,44,14,106,162,115,186,179,3,3,"[2, 0, 3, 1, 4]",100-200
30,44,15,32,21,19,40,37,1,1,"[2, 0, 3, 1, 4]",10-50
30,44,16,267,353,268,180,388,1,1,"[2, 0, 3, 1, 4]",150-400
30,44,17,109,101,168,121,158,2,2,"[2, 0, 3, 1, 4]",100-200
30,44,18,128,198,175,120,181,4,4,"[2, 0, 3, 1, 4]",100-200
30,44,19,50,13,50,41,41,0,0,"[2, 0, 3, 1, 4]",10-50
30,44,20,86,62,64,67,111,4,4,"[2, 0, 3, 1, 4]",40-120
30,44,21,46,28,13,35,35,0,0,"[2, 0, 3, 1, 4]",10-50
30,44,22,165,182,138,181,144,0,0,"[2, 0, 3, 1, 4]",100-200
30,44,23,39,38,50,47,29,3,3,"[2, 0, 3, 1, 4]",10-50
30,44,24,119,60,56,107,120,3,3,"[2, 0, 3, 1, 4]",40-120
30,44,25,97,70,46,78,110,4,4,"[2, 0, 3, 1, 4]",40-120
30,44,26,20,45,48,36,25,2,2,"[2, 0, 3, 1, 4]",10-50
30,44,27,169,131,186,166,146,2,2,"[2, 0, 3, 1, 4]",100-200
30,44,28,148,162,137,153,165,4,4,"[2, 0, 3, 1, 4]",100-200
30,44,29,176,166,117,104,155,0,0,"[2, 0, 3, 1, 4]",100-200
30,45,0,23,48,41,14,27,1,1,"[3, 0, 1, 2, 4]",10-50
30,45,1,275,223,365,241,339,1,2,"[3, 0, 1, 2, 4]",150-400
30,45,2,319,392,316,153,195,0,1,"[3, 0, 1, 2, 4]",150-400
30,45,3,115,120,123,183,191,4,4,"[3, 0, 1, 2, 4]",100-200
30,45,4,16,21,23,21,17,2,2,"[3, 0, 1, 2, 4]",10-50
30,45,5,27,18,23,23,12,4,0,"[3, 0, 1, 2, 4]",10-50
30,45,6,112,88,111,75,67,2,0,"[3, 0, 1, 2, 4]",40-120
30,45,7,105,116,111,62,49,1,1,"[3, 0, 1, 2, 4]",40-120
30,45,8,106,64,47,88,63,3,0,"[3, 0, 1, 2, 4]",40-120
30,45,9,50,29,49,24,29,0,0,"[3, 0, 1, 2, 4]",10-50
30,45,10,67,94,46,65,109,1,4,"[3, 0, 1, 2, 4]",40-120
30,45,11,115,147,156,169,161,3,3,"[3, 0, 1, 2, 4]",100-200
30,45,12,20,23,25,19,24,4,4,"[3, 0, 1, 2, 4]",10-50
30,45,13,28,42,49,26,23,1,2,"[3, 0, 1, 2, 4]",10-50
30,45,14,92,109,82,94,113,4,4,"[3, 0, 1, 2, 4]",40-120
30,45,15,82,60,88,54,82,4,4,"[3, 0, 1, 2, 4]",40-120
30,45,16,39,23,41,37,11,3,0,"[3, 0, 1, 2, 4]",10-50
30,45,17,182,178,153,190,191,0,3,"[3, 0, 1, 2, 4]",100-200
30,45,18,275,300,166,290,186,3,1,"[3, 0, 1, 2, 4]",150-400
30,45,19,110,150,155,191,173,3,3,"[3, 0, 1, 2, 4]",100-200
30,45,20,123,103,145,178,181,4,3,"[3, 0, 1, 2, 4]",100-200
30,45,21,300,179,311,185,223,2,0,"[3, 0, 1, 2, 4]",150-400
30,45,22,41,11,28,15,24,0,0,"[3, 0, 1, 2, 4]",10-50
30,45,23,132,156,172,116,157,0,2,"[3, 0, 1, 2, 4]",100-200
30,45,24,29,47,50,33,23,2,2,"[3, 0, 1, 2, 4]",10-50
30,45,25,179,111,186,174,136,2,2,"[3, 0, 1, 2, 4]",100-200
30,45,26,53,87,89,96,94,3,3,"[3, 0, 1, 2, 4]",40-120
30,45,27,117,81,44,58,64,0,0,"[3, 0, 1, 2, 4]",40-120
30,45,28,48,61,115,53,119,2,4,"[3, 0, 1, 2, 4]",40-120
30,45,29,151,171,165,102,165,1,4,"[3, 0, 1, 2, 4]",100-200
30,46,0,95,43,74,112,70,3,3,"[1, 0, 4, 2, 3]",40-120
30,46,1,183,146,195,197,150,2,0,"[1, 0, 4, 2, 3]",100-200
30,46,2,335,373,369,326,353,1,1,"[1, 0, 4, 2, 3]",150-400
30,46,3,155,208,393,300,345,2,2,"[1, 0, 4, 2, 3]",150-400
30,46,4,22,22,29,31,44,4,4,"[1, 0, 4, 2, 3]",10-50
30,46,5,32,10,10,22,14,3,0,"[1, 0, 4, 2, 3]",10-50
30,46,6,102,120,182,199,173,3,3,"[1, 0, 4, 2, 3]",100-200
30,46,7,47,72,105,94,111,4,4,"[1, 0, 4, 2, 3]",40-120
30,46,8,104,143,154,172,193,4,4,"[1, 0, 4, 2, 3]",100-200
30,46,9,75,65,49,76,83,1,4,"[1, 0, 4, 2, 3]",40-120
30,46,10,33,29,16,10,26,0,0,"[1, 0, 4, 2, 3]",10-50
30,46,11,338,330,235,291,358,0,4,"[1, 0, 4, 2, 3]",150-400
30,46,12,104,79,93,74,94,0,0,"[1, 0, 4, 2, 3]",40-120
30,46,13,101,42,95,80,63,2,0,"[1, 0, 4, 2, 3]",40-120
30,46,14,39,34,20,28,19,0,0,"[1, 0, 4, 2, 3]",10-50
30,46,15,14,38,31,22,27,1,1,"[1, 0, 4, 2, 3]",10-50
30,46,16,27,15,39,32,36,3,2,"[1, 0, 4, 2, 3]",10-50
30,46,17,10,49,40,35,20,2,1,"[1, 0, 4, 2, 3]",10-50
30,46,18,187,127,186,118,104,0,0,"[1, 0, 4, 2, 3]",100-200
30,46,19,54,93,116,68,45,2,2,"[1, 0, 4, 2, 3]",40-120
30,46,20,57,75,57,107,44,3,3,"[1, 0, 4, 2, 3]",40-120
30,46,21,20,13,35,10,27,2,2,"[1, 0, 4, 2, 3]",10-50
30,46,22,156,189,154,149,110,1,1,"[1, 0, 4, 2, 3]",100-200
30,46,23,26,26,32,17,48,4,4,"[1, 0, 4, 2, 3]",10-50
30,46,24,109,164,195,178,135,3,2,"[1, 0, 4, 2, 3]",100-200
30,46,25,164,128,155,127,115,0,0,"[1, 0, 4, 2, 3]",100-200
30,46,26,57,98,97,83,54,1,2,"[1, 0, 4, 2, 3]",40-120
30,46,27,138,187,101,128,129,1,1,"[1, 0, 4, 2, 3]",100-200
30,46,28,45,75,87,110,104,4,3,"[1, 0, 4, 2, 3]",40-120
30,46,29,215,246,345,340,360,4,3,"[1, 0, 4, 2, 3]",150-400
30,47,0,117,154,126,177,145,4,3,"[4, 1, 0, 3, 2]",100-200
30,47,1,106,106,114,52,67,2,2,"[4, 1, 0, 3, 2]",40-120
30,47,2,34,19,36,41,32,3,3,"[4, 1, 0, 3, 2]",10-50
30,47,3,169,131,197,143,166,2,2,"[4, 1, 0, 3, 2]",100-200
30,47,4,20,48,21,10,10,1,1,"[4, 1, 0, 3, 2]",10-50
30,47,5,104,198,155,109,139,1,1,"[4, 1, 0, 3, 2]",100-200
30,47,6,47,111,40,101,108,1,4,"[4, 1, 0, 3, 2]",40-120
30,47,7,224,214,220,318,204,3,3,"[4, 1, 0, 3, 2]",150-400
30,47,8,50,29,22,16,38,0,0,"[4, 1, 0, 3, 2]",10-50
30,47,9,144,171,103,164,134,1,1,"[4, 1, 0, 3, 2]",100-200
30,47,10,149,179,142,194,185,3,3,"[4, 1, 0, 3, 2]",100-200
30,47,11,66,54,52,74,64,4,3,"[4, 1, 0, 3, 2]",40-120
30,47,12,40,34,42,22,50,4,4,"[4, 1, 0, 3, 2]",10-50
30,47,13,130,150,181,112,128,2,2,"[4, 1, 0, 3, 2]",100-200
30,47,14,179,395,368,239,254,1,1,"[4, 1, 0, 3, 2]",150-400
30,47,15,14,21,42,17,10,3,2,"[4, 1, 0, 3, 2]",10-50
30,47,16,58,62,61,82,54,2,3,"[4, 1, 0, 3, 2]",40-120
30,47,17,37,12,38,15,14,0,0,"[4, 1, 0, 3, 2]",10-50
30,47,18,86,61,113,114,111,4,2,"[4, 1, 0, 3, 2]",40-120
30,47,19,166,107,150,139,189,4,4,"[4, 1, 0, 3, 2]",100-200
30,47,20,153,119,147,114,158,0,4,"[4, 1, 0, 3, 2]",100-200
30,47,21,366,251,251,372,254,0,0,"[4, 1, 0, 3, 2]",150-400
30,47,22,105,52,42,115,81,3,0,"[4, 1, 0, 3, 2]",40-120
30,47,23,15,46,34,17,19,1,1,"[4, 1, 0, 3, 2]",10-50
30,47,24,12,30,50,15,17,2,2,"[4, 1, 0, 3, 2]",10-50
30,47,25,78,85,110,98,102,3,2,"[4, 1, 0, 3, 2]",40-120
30,47,26,226,209,281,186,367,4,4,"[4, 1, 0, 3, 2]",150-400
30,47,27,19,11,45,15,23,2,2,"[4, 1, 0, 3, 2]",10-50
30,47,28,113,87,82,54,100,0,0,"[4, 1, 0, 3, 2]",40-120
30,47,29,92,92,50,47,43,0,0,"[4, 1, 0, 3, 2]",40-120
30,48,0,89,87,117,83,91,2,2,"[2, 4, 3, 1, 0]",40-120
30,48,1,13,22,24,37,10,3,3,"[2, 4, 3, 1, 0]",10-50
30,48,2,56,118,120,82,94,1,1,"[2, 4, 3, 1, 0]",40-120
30,48,3,397,310,343,351,158,2,0,"[2, 4, 3, 1, 0]",150-400
30,48,4,180,213,273,326,331,4,3,"[2, 4, 3, 1, 0]",150-400
30,48,5,141,132,200,182,108,2,2,"[2, 4, 3, 1, 0]",100-200
30,48,6,142,186,167,186,145,3,3,"[2, 4, 3, 1, 0]",100-200
30,48,7,101,68,90,90,65,3,0,"[2, 4, 3, 1, 0]",40-120
30,48,8,178,169,325,171,309,0,2,"[2, 4, 3, 1, 0]",150-400
30,48,9,101,153,110,109,115,4,1,"[2, 4, 3, 1, 0]",100-200
30,48,10,19,49,25,22,26,1,1,"[2, 4, 3, 1, 0]",10-50
30,48,11,177,188,192,197,126,1,3,"[2, 4, 3, 1, 0]",100-200
30,48,12,136,127,140,132,169,0,4,"[2, 4, 3, 1, 0]",100-200
30,48,13,104,51,47,58,66,0,0,"[2, 4, 3, 1, 0]",40-120
30,48,14,110,157,167,122,115,1,1,"[2, 4, 3, 1, 0]",100-200
30,48,15,19,33,36,14,20,2,2,"[2, 4, 3, 1, 0]",10-50
30,48,16,226,365,175,370,192,3,1,"[2, 4, 3, 1, 0]",150-400
30,48,17,58,73,95,53,59,1,2,"[2, 4, 3, 1, 0]",40-120
30,48,18,92,66,95,47,109,2,4,"[2, 4, 3, 1, 0]",40-120
30,48,19,49,48,15,40,27,0,0,"[2, 4, 3, 1, 0]",10-50
30,48,20,113,109,53,80,113,0,0,"[2, 4, 3, 1, 0]",40-120
30,48,21,19,47,50,45,32,3,3,"[2, 4, 3, 1, 0]",10-50
30,48,22,17,24,25,18,26,4,4,"[2, 4, 3, 1, 0]",10-50
30,48,23,148,151,179,124,194,4,4,"[2, 4, 3, 1, 0]",100-200
30,48,24,91,102,117,67,80,3,2,"[2, 4, 3, 1, 0]",40-120
30,48,25,36,36,10,46,34,4,3,"[2, 4, 3, 1, 0]",10-50
30,48,26,102,134,156,127,181,2,4,"[2, 4, 3, 1, 0]",100-200
30,48,27,80,100,75,41,112,4,4,"[2, 4, 3, 1, 0]",40-120
30,48,28,25,23,34,17,20,1,2,"[2, 4, 3, 1, 0]",10-50
30,48,29,19,11,15,17,25,0,4,"[2, 4, 3, 1, 0]",10-50
30,49,0,36,27,48,24,18,0,2,"[1, 3, 4, 0, 2]",10-50
30,49,1,213,362,150,326,171,1,1,"[1, 3, 4, 0, 2]",150-400
30,49,2,97,60,104,94,119,4,2,"[1, 3, 4, 0, 2]",40-120
30,49,3,159,129,121,168,194,0,3,"[1, 3, 4, 0, 2]",100-200
30,49,4,30,25,19,31,14,2,3,"[1, 3, 4, 0, 2]",10-50
30,49,5,48,21,46,31,50,4,0,"[1, 3, 4, 0, 2]",10-50
30,49,6,112,68,62,52,111,4,0,"[1, 3, 4, 0, 2]",40-120
30,49,7,136,101,164,100,158,2,2,"[1, 3, 4, 0, 2]",100-200
30,49,8,119,158,114,166,119,1,3,"[1, 3, 4, 0, 2]",100-200
30,49,9,101,129,156,144,158,3,2,"[1, 3, 4, 0, 2]",100-200
30,49,10,142,126,124,169,145,3,3,"[1, 3, 4, 0, 2]",100-200
30,49,11,111,114,66,93,117,1,1,"[1, 3, 4, 0, 2]",40-120
30,49,12,35,18,12,12,27,4,0,"[1, 3, 4, 0, 2]",10-50
30,49,13,324,257,217,216,397,4,4,"[1, 3, 4, 0, 2]",150-400
30,49,14,40,10,47,20,38,0,2,"[1, 3, 4, 0, 2]",10-50
30,49,15,186,130,200,125,198,2,2,"[1, 3, 4, 0, 2]",100-200
30,49,16,73,70,74,44,93,1,4,"[1, 3, 4, 0, 2]",40-120
30,49,17,26,43,24,15,48,1,1,"[1, 3, 4, 0, 2]",10-50
30,49,18,36,22,20,39,37,3,3,"[1, 3, 4, 0, 2]",10-50
30,49,19,109,42,110,114,67,3,3,"[1, 3, 4, 0, 2]",40-120
30,49,20,126,103,158,152,196,4,4,"[1, 3, 4, 0, 2]",100-200
30,49,21,104,110,104,88,43,2,1,"[1, 3, 4, 0, 2]",40-120
30,49,22,114,66,45,107,42,0,0,"[1, 3, 4, 0, 2]",40-120
30,49,23,246,284,232,253,322,3,4,"[1, 3, 4, 0, 2]",150-400
30,49,24,384,310,160,175,266,0,0,"[1, 3, 4, 0, 2]",150-400
30,49,25,69,44,118,113,48,2,3,"[1, 3, 4, 0, 2]",40-120
30,49,26,17,49,49,19,14,2,2,"[1, 3, 4, 0, 2]",10-50
30,49,27,106,163,150,105,161,1,1,"[1, 3, 4, 0, 2]",100-200
30,49,28,118,85,45,92,57,0,0,"[1, 3, 4, 0, 2]",40-120
30,49,29,20,32,43,33,32,3,2,"[1, 3, 4, 0, 2]",10-50
40,0,0,38,33,42,49,26,3,3,"[2, 0, 4, 1, 3]",10-50
40,0,1,274,324,280,351,316,0,0,"[2, 0, 4, 1, 3]",150-400
40,0,2,110,166,112,187,150,4,4,"[2, 0, 4, 1, 3]",100-200
40,0,3,48,31,35,25,49,0,0,"[2, 0, 4, 1, 3]",10-50
40,0,4,84,49,70,62,95,0,0,"[2, 0, 4, 1, 3]",40-120
40,0,5,74,53,61,104,60,3,3,"[2, 0, 4, 1, 3]",40-120
40,0,6,64,72,82,41,57,1,1,"[2, 0, 4, 1, 3]",40-120
40,0,7,122,159,138,188,195,4,4,"[2, 0, 4, 1, 3]",100-200
40,0,8,193,351,166,225,365,4,4,"[2, 0, 4, 1, 3]",150-400
40,0,9,104,110,99,99,65,1,1,"[2, 0, 4, 1, 3]",40-120
40,0,10,171,184,110,139,128,1,1,"[2, 0, 4, 1, 3]",100-200
40,0,11,117,111,186,109,127,3,3,"[2, 0, 4, 1, 3]",100-200
40,0,12,51,97,114,62,114,4,4,"[2, 0, 4, 1, 3]",40-120
40,0,13,43,19,17,44,42,0,0,"[2, 0, 4, 1, 3]",10-50
40,0,14,200,143,165,197,134,0,0,"[2, 0, 4, 1, 3]",100-200
40,0,15,160,215,275,237,250,1,1,"[2, 0, 4, 1, 3]",150-400
40,0,16,77,72,119,53,89,2,2,"[2, 0, 4, 1, 3]",40-120
40,0,17,10,29,32,48,14,3,3,"[2, 0, 4, 1, 3]",10-50
40,0,18,73,53,88,100,112,4,4,"[2, 0, 4, 1, 3]",40-120
40,0,19,71,110,62,62,120,4,4,"[2, 0, 4, 1, 3]",40-120
40,0,20,42,26,46,12,43,4,4,"[2, 0, 4, 1, 3]",10-50
40,0,21,208,163,346,341,352,3,3,"[2, 0, 4, 1, 3]",150-400
40,0,22,320,399,390,153,246,2,2,"[2, 0, 4, 1, 3]",150-400
40,0,23,39,36,48,18,35,2,2,"[2, 0, 4, 1, 3]",10-50
40,0,24,163,151,142,104,145,2,2,"[2, 0, 4, 1, 3]",100-200
40,0,25,30,26,28,26,50,4,4,"[2, 0, 4, 1, 3]",10-50
40,0,26,192,145,103,163,114,0,0,"[2, 0, 4, 1, 3]",100-200
40,0,27,48,30,47,25,32,2,2,"[2, 0, 4, 1, 3]",10-50
40,0,28,47,90,66,109,119,3,3,"[2, 0, 4, 1, 3]",40-120
40,0,29,248,155,382,323,280,2,2,"[2, 0, 4, 1, 3]",150-400
40,0,30,86,87,118,75,70,0,0,"[2, 0, 4, 1, 3]",40-120
40,0,31,100,122,200,104,191,2,2,"[2, 0, 4, 1, 3]",100-200
40,0,32,43,44,36,13,42,1,1,"[2, 0, 4, 1, 3]",10-50
40,0,33,17,47,18,18,33,1,1,"[2, 0, 4, 1, 3]",10-50
40,0,34,183,177,124,197,192,3,3,"[2, 0, 4, 1, 3]",100-200
40,0,35,113,115,41,99,92,0,0,"[2, 0, 4, 1, 3]",40-120
40,0,36,28,13,30,20,23,3,3,"[2, 0, 4, 1, 3]",10-50
40,0,37,71,65,117,98,67,2,2,"[2, 0, 4, 1, 3]",40-120
40,0,38,46,46,36,23,14,1,1,"[2, 0, 4, 1, 3]",10-50
40,0,39,123,156,156,180,106,1,1,"[2, 0, 4, 1, 3]",100-200
40,1,0,150,129,109,112,187,4,4,"[3, 0, 2, 4, 1]",100-200
40,1,1,100,187,101,180,101,1,1,"[3, 0, 2, 4, 1]",100-200
40,1,2,314,318,245,357,283,1,3,"[3, 0, 2, 4, 1]",150-400
40,1,3,212,313,369,335,376,2,2,"[3, 0, 2, 4, 1]",150-400
40,1,4,82,70,89,101,116,4,4,"[3, 0, 2, 4, 1]",40-120
40,1,5,352,260,271,278,293,0,0,"[3, 0, 2, 4, 1]",150-400
40,1,6,12,49,19,27,49,4,1,"[3, 0, 2, 4, 1]",10-50
40,1,7,154,105,140,161,191,2,4,"[3, 0, 2, 4, 1]",100-200
40,1,8,249,341,349,158,303,4,2,"[3, 0, 2, 4, 1]",150-400
40,1,9,93,40,80,110,111,3,3,"[3, 0, 2, 4, 1]",40-120
40,1,10,205,163,356,377,395,3,4,"[3, 0, 2, 4, 1]",150-400
40,1,11,166,164,200,193,199,2,2,"[3, 0, 2, 4, 1]",100-200
40,1,12,86,106,65,64,110,4,1,"[3, 0, 2, 4, 1]",40-120
40,1,13,30,49,45,28,49,1,1,"[3, 0, 2, 4, 1]",10-50
40,1,14,43,29,25,37,23,0,0,"[3, 0, 2, 4, 1]",10-50
40,1,15,31,47,24,31,16,4,1,"[3, 0, 2, 4, 1]",10-50
40,1,16,35,40,37,23,30,2,1,"[3, 0, 2, 4, 1]",10-50
40,1,17,100,123,130,166,150,3,3,"[3, 0, 2, 4, 1]",100-200
40,1,18,119,128,136,197,184,3,3,"[3, 0, 2, 4, 1]",100-200
40,1,19,92,60,113,111,55,2,2,"[3, 0, 2, 4, 1]",40-120
40,1,20,11,47,17,38,18,3,1,"[3, 0, 2, 4, 1]",10-50
40,1,21,61,48,57,43,71,2,4,"[3, 0, 2, 4, 1]",40-120
40,1,22,86,70,67,44,55,0,0,"[3, 0, 2, 4, 1]",40-120
40,1,23,35,16,45,18,45,2,4,"[3, 0, 2, 4, 1]",10-50
40,1,24,47,119,106,68,115,1,1,"[3, 0, 2, 4, 1]",40-120
40,1,25,198,122,129,119,109,0,0,"[3, 0, 2, 4, 1]",100-200
40,1,26,116,46,44,60,52,0,0,"[3, 0, 2, 4, 1]",40-120
40,1,27,50,31,44,16,10,0,0,"[3, 0, 2, 4, 1]",10-50
40,1,28,14,31,15,17,44,4,4,"[3, 0, 2, 4, 1]",10-50
40,1,29,92,76,113,83,61,0,2,"[3, 0, 2, 4, 1]",40-120
40,1,30,49,86,83,67,75,3,1,"[3, 0, 2, 4, 1]",40-120
40,1,31,88,117,65,66,105,1,1,"[3, 0, 2, 4, 1]",40-120
40,1,32,13,48,12,38,29,3,1,"[3, 0, 2, 4, 1]",10-50
40,1,33,117,194,163,177,130,1,1,"[3, 0, 2, 4, 1]",100-200
40,1,34,177,153,143,108,194,4,4,"[3, 0, 2, 4, 1]",100-200
40,1,35,15,33,23,18,15,1,1,"[3, 0, 2, 4, 1]",10-50
40,1,36,194,130,145,187,124,0,0,"[3, 0, 2, 4, 1]",100-200
40,1,37,275,175,357,352,189,3,3,"[3, 0, 2, 4, 1]",150-400
40,1,38,29,49,24,33,40,1,1,"[3, 0, 2, 4, 1]",10-50
40,1,39,62,74,85,73,82,2,2,"[3, 0, 2, 4, 1]",40-120
40,2,0,118,70,75,114,82,3,3,"[0, 1, 3, 4, 2]",40-120
40,2,1,49,40,27,39,37,0,0,"[0, 1, 3, 4, 2]",10-50
40,2,2,50,106,77,82,85,1,1,"[0, 1, 3, 4, 2]",40-120
40,2,3,106,62,104,53,60,0,0,"[0, 1, 3, 4, 2]",40-120
40,2,4,36,20,18,10,31,2,2,"[0, 1, 3, 4, 2]",10-50
40,2,5,184,160,143,139,147,1,1,"[0, 1, 3, 4, 2]",100-200
40,2,6,200,159,115,132,143,0,0,"[0, 1, 3, 4, 2]",100-200
40,2,7,365,223,361,249,186,0,0,"[0, 1, 3, 4, 2]",150-400
40,2,8,35,32,36,43,24,1,1,"[0, 1, 3, 4, 2]",10-50
40,2,9,48,88,59,41,53,1,1,"[0, 1, 3, 4, 2]",40-120
40,2,10,24,20,41,44,23,3,3,"[0, 1, 3, 4, 2]",10-50
40,2,11,48,39,50,15,49,4,4,"[0, 1, 3, 4, 2]",10-50
40,2,12,48,108,45,80,111,4,4,"[0, 1, 3, 4, 2]",40-120
40,2,13,25,18,12,40,43,3,3,"[0, 1, 3, 4, 2]",10-50
40,2,14,15,43,10,36,29,1,1,"[0, 1, 3, 4, 2]",10-50
40,2,15,114,65,116,56,53,2,2,"[0, 1, 3, 4, 2]",40-120
40,2,16,27,20,40,14,41,2,2,"[0, 1, 3, 4, 2]",10-50
40,2,17,50,45,64,50,108,4,4,"[0, 1, 3, 4, 2]",40-120
40,2,18,152,119,158,159,190,3,3,"[0, 1, 3, 4, 2]",100-200
40,2,19,152,157,178,112,172,4,4,"[0, 1, 3, 4, 2]",100-200
40,2,20,46,93,109,95,71,3,3,"[0, 1, 3, 4, 2]",40-120
40,2,21,12,22,28,35,44,4,4,"[0, 1, 3, 4, 2]",10-50
40,2,22,310,213,198,256,182,0,0,"[0, 1, 3, 4, 2]",150-400
40,2,23,27,20,48,45,15,2,2,"[0, 1, 3, 4, 2]",10-50
40,2,24,185,189,127,167,134,1,1,"[0, 1, 3, 4, 2]",100-200
40,2,25,47,29,14,17,14,0,0,"[0, 1, 3, 4, 2]",10-50
40,2,26,164,124,114,106,152,0,0,"[0, 1, 3, 4, 2]",100-200
40,2,27,117,113,199,114,185,2,2,"[0, 1, 3, 4, 2]",100-200
40,2,28,205,292,373,324,184,2,2,"[0, 1, 3, 4, 2]",150-400
40,2,29,104,66,62,48,55,0,0,"[0, 1, 3, 4, 2]",40-120
40,2,30,135,133,179,157,155,3,3,"[0, 1, 3, 4, 2]",100-200
40,2,31,46,14,28,17,48,4,4,"[0, 1, 3, 4, 2]",10-50
40,2,32,163,358,283,186,362,1,1,"[0, 1, 3, 4, 2]",150-400
40,2,33,108,131,130,102,144,2,2,"[0, 1, 3, 4, 2]",100-200
40,2,34,69,104,113,94,71,2,2,"[0, 1, 3, 4, 2]",40-120
40,2,35,216,354,390,250,316,4,4,"[0, 1, 3, 4, 2]",150-400
40,2,36,140,186,101,110,197,4,4,"[0, 1, 3, 4, 2]",100-200
40,2,37,187,227,362,371,333,3,3,"[0, 1, 3, 4, 2]",150-400
40,2,38,75,79,112,50,98,3,3,"[0, 1, 3, 4, 2]",40-120
40,2,39,75,116,67,54,112,1,1,"[0, 1, 3, 4, 2]",40-120
40,3,0,63,87,79,78,104,4,4,"[1, 4, 0, 3, 2]",40-120
40,3,1,217,322,195,198,281,1,1,"[1, 4, 0, 3, 2]",150-400
40,3,2,192,174,156,103,119,0,0,"[1, 4, 0, 3, 2]",100-200
40,3,3,51,62,56,105,87,0,3,"[1, 4, 0, 3, 2]",40-120
40,3,4,27,17,32,35,39,4,4,"[1, 4, 0, 3, 2]",10-50
40,3,5,87,114,45,75,74,1,1,"[1, 4, 0, 3, 2]",40-120
40,3,6,200,153,195,193,158,0,0,"[1, 4, 0, 3, 2]",100-200
40,3,7,47,49,49,37,10,2,2,"[1, 4, 0, 3, 2]",10-50
40,3,8,12,47,18,36,22,1,1,"[1, 4, 0, 3, 2]",10-50
40,3,9,67,75,83,72,43,2,2,"[1, 4, 0, 3, 2]",40-120
40,3,10,374,339,394,303,260,0,2,"[1, 4, 0, 3, 2]",150-400
40,3,11,142,131,126,113,130,1,0,"[1, 4, 0, 3, 2]",100-200
40,3,12,45,64,112,100,71,2,2,"[1, 4, 0, 3, 2]",40-120
40,3,13,100,107,49,104,71,0,1,"[1, 4, 0, 3, 2]",40-120
40,3,14,19,46,21,37,34,1,1,"[1, 4, 0, 3, 2]",10-50
40,3,15,48,99,65,68,59,1,1,"[1, 4, 0, 3, 2]",40-120
40,3,16,115,179,113,119,184,1,4,"[1, 4, 0, 3, 2]",100-200
40,3,17,96,51,53,110,87,0,3,"[1, 4, 0, 3, 2]",40-120
40,3,18,37,22,38,24,24,2,2,"[1, 4, 0, 3, 2]",10-50
40,3,19,33,34,38,42,28,3,3,"[1, 4, 0, 3, 2]",10-50
40,3,20,270,303,363,239,389,4,4,"[1, 4, 0, 3, 2]",150-400
40,3,21,24,33,13,23,22,3,1,"[1, 4, 0, 3, 2]",10-50
40,3,22,112,147,128,152,153,2,3,"[1, 4, 0, 3, 2]",100-200
40,3,23,13,32,25,18,13,2,1,"[1, 4, 0, 3, 2]",10-50
40,3,24,156,143,147,126,185,4,4,"[1, 4, 0, 3, 2]",100-200
40,3,25,58,109,84,104,95,4,1,"[1, 4, 0, 3, 2]",40-120
40,3,26,30,43,22,15,19,0,1,"[1, 4, 0, 3, 2]",10-50
40,3,27,181,155,120,164,104,3,0,"[1, 4, 0, 3, 2]",100-200
40,3,28,76,65,81,57,90,4,4,"[1, 4, 0, 3, 2]",40-120
40,3,29,355,162,281,265,238,3,0,"[1, 4, 0, 3, 2]",150-400
40,3,30,175,142,182,199,122,3,3,"[1, 4, 0, 3, 2]",100-200
40,3,31,15,11,22,46,49,4,4,"[1, 4, 0, 3, 2]",10-50
40,3,32,52,102,81,115,79,3,3,"[1, 4, 0, 3, 2]",40-120
40,3,33,161,192,166,182,151,2,1,"[1, 4, 0, 3, 2]",100-200
40,3,34,254,222,344,245,257,2,2,"[1, 4, 0, 3, 2]",150-400
40,3,35,45,29,18,26,35,0,0,"[1, 4, 0, 3, 2]",10-50
40,3,36,34,13,50,48,38,3,2,"[1, 4, 0, 3, 2]",10-50
40,3,37,119,120,137,142,186,4,4,"[1, 4, 0, 3, 2]",100-200
40,3,38,185,357,368,388,364,1,3,"[1, 4, 0, 3, 2]",150-400
40,3,39,82,97,83,113,63,3,3,"[1, 4, 0, 3, 2]",40-120
40,4,0,69,44,119,66,56,2,2,"[4, 2, 1, 0, 3]",40-120
40,4,1,30,17,42,44,10,3,3,"[4, 2, 1, 0, 3]",10-50
40,4,2,157,174,200,183,167,2,2,"[4, 2, 1, 0, 3]",100-200
40,4,3,191,175,146,128,192,0,0,"[4, 2, 1, 0, 3]",100-200
40,4,4,53,54,91,59,102,4,4,"[4, 2, 1, 0, 3]",40-120
40,4,5,118,113,53,73,75,0,1,"[4, 2, 1, 0, 3]",40-120
40,4,6,335,232,297,156,299,4,0,"[4, 2, 1, 0, 3]",150-400
40,4,7,133,132,168,200,157,3,3,"[4, 2, 1, 0, 3]",100-200
40,4,8,29,43,41,18,34,0,1,"[4, 2, 1, 0, 3]",10-50
40,4,9,14,48,48,23,39,1,1,"[4, 2, 1, 0, 3]",10-50
40,4,10,105,89,54,67,96,1,0,"[4, 2, 1, 0, 3]",40-120
40,4,11,13,41,45,40,19,2,1,"[4, 2, 1, 0, 3]",10-50
40,4,12,44,16,46,21,36,0,0,"[4, 2, 1, 0, 3]",10-50
40,4,13,195,198,116,128,185,1,1,"[4, 2, 1, 0, 3]",100-200
40,4,14,265,258,281,243,190,1,2,"[4, 2, 1, 0, 3]",150-400
40,4,15,28,23,34,40,26,3,3,"[4, 2, 1, 0, 3]",10-50
40,4,16,99,42,102,58,106,4,4,"[4, 2, 1, 0, 3]",40-120
40,4,17,30,28,36,21,41,4,4,"[4, 2, 1, 0, 3]",10-50
40,4,18,32,43,41,47,28,3,3,"[4, 2, 1, 0, 3]",10-50
40,4,19,109,43,53,69,67,0,0,"[4, 2, 1, 0, 3]",40-120
40,4,20,79,78,72,118,103,3,3,"[4, 2, 1, 0, 3]",40-120
40,4,21,31,13,49,26,35,2,2,"[4, 2, 1, 0, 3]",10-50
40,4,22,43,51,75,100,45,3,3,"[4, 2, 1, 0, 3]",40-120
40,4,23,178,124,148,178,110,3,3,"[4, 2, 1, 0, 3]",100-200
40,4,24,365,206,388,164,179,2,2,"[4, 2, 1, 0, 3]",150-400
40,4,25,124,170,136,119,181,4,1,"[4, 2, 1, 0, 3]",100-200
40,4,26,342,245,254,182,171,0,0,"[4, 2, 1, 0, 3]",150-400
40,4,27,172,112,176,150,166,4,2,"[4, 2, 1, 0, 3]",100-200
40,4,28,96,106,106,76,103,2,1,"[4, 2, 1, 0, 3]",40-120
40,4,29,36,47,26,37,24,1,1,"[4, 2, 1, 0, 3]",10-50
40,4,30,185,140,142,189,174,0,3,"[4, 2, 1, 0, 3]",100-200
40,4,31,47,33,12,11,48,0,4,"[4, 2, 1, 0, 3]",10-50
40,4,32,303,165,219,308,362,4,4,"[4, 2, 1, 0, 3]",150-400
40,4,33,58,114,84,118,51,1,3,"[4, 2, 1, 0, 3]",40-120
40,4,34,62,92,44,111,73,1,3,"[4, 2, 1, 0, 3]",40-120
40,4,35,193,199,207,282,358,3,4,"[4, 2, 1, 0, 3]",150-400
40,4,36,149,196,199,195,169,2,1,"[4, 2, 1, 0, 3]",100-200
40,4,37,42,75,67,85,89,2,4,"[4, 2, 1, 0, 3]",40-120
40,4,38,20,18,28,45,50,4,4,"[4, 2, 1, 0, 3]",10-50
40,4,39,140,160,159,111,136,1,1,"[4, 2, 1, 0, 3]",100-200
40,5,0,101,139,123,131,197,4,4,"[2, 0, 1, 3, 4]",100-200
40,5,1,21,18,26,33,43,4,4,"[2, 0, 1, 3, 4]",10-50
40,5,2,57,102,98,84,66,2,1,"[2, 0, 1, 3, 4]",40-120
40,5,3,37,31,22,49,36,4,3,"[2, 0, 1, 3, 4]",10-50
40,5,4,116,91,56,53,47,0,0,"[2, 0, 1, 3, 4]",40-120
40,5,5,254,227,367,305,172,2,2,"[2, 0, 1, 3, 4]",150-400
40,5,6,43,39,24,10,17,0,0,"[2, 0, 1, 3, 4]",10-50
40,5,7,40,39,19,27,11,1,1,"[2, 0, 1, 3, 4]",10-50
40,5,8,178,192,116,188,143,1,1,"[2, 0, 1, 3, 4]",100-200
40,5,9,120,166,127,199,116,3,3,"[2, 0, 1, 3, 4]",100-200
40,5,10,109,48,62,64,61,3,0,"[2, 0, 1, 3, 4]",40-120
40,5,11,108,115,90,119,77,1,3,"[2, 0, 1, 3, 4]",40-120
40,5,12,114,61,56,87,58,0,0,"[2, 0, 1, 3, 4]",40-120
40,5,13,110,175,104,179,107,1,3,"[2, 0, 1, 3, 4]",100-200
40,5,14,85,101,85,117,116,3,3,"[2, 0, 1, 3, 4]",40-120
40,5,15,50,103,55,96,60,1,1,"[2, 0, 1, 3, 4]",40-120
40,5,16,161,171,135,172,193,0,4,"[2, 0, 1, 3, 4]",100-200
40,5,17,131,190,129,173,200,4,4,"[2, 0, 1, 3, 4]",100-200
40,5,18,29,18,38,35,36,3,2,"[2, 0, 1, 3, 4]",10-50
40,5,19,47,24,25,48,18,0,3,"[2, 0, 1, 3, 4]",10-50
40,5,20,106,48,70,41,92,4,0,"[2, 0, 1, 3, 4]",40-120
40,5,21,233,354,180,298,352,4,1,"[2, 0, 1, 3, 4]",150-400
40,5,22,39,20,13,50,14,3,3,"[2, 0, 1, 3, 4]",10-50
40,5,23,100,115,115,92,55,2,2,"[2, 0, 1, 3, 4]",40-120
40,5,24,100,138,190,102,130,2,2,"[2, 0, 1, 3, 4]",100-200
40,5,25,195,120,172,137,178,0,0,"[2, 0, 1, 3, 4]",100-200
40,5,26,34,33,30,21,17,4,0,"[2, 0, 1, 3, 4]",10-50
40,5,27,66,103,41,57,108,4,4,"[2, 0, 1, 3, 4]",40-120
40,5,28,114,49,61,77,71,0,0,"[2, 0, 1, 3, 4]",40-120
40,5,29,189,380,257,195,222,1,1,"[2, 0, 1, 3, 4]",150-400
40,5,30,35,41,25,50,19,1,3,"[2, 0, 1, 3, 4]",10-50
40,5,31,216,286,172,326,341,3,3,"[2, 0, 1, 3, 4]",150-400
40,5,32,145,137,118,138,163,3,4,"[2, 0, 1, 3, 4]",100-200
40,5,33,25,15,49,23,32,2,2,"[2, 0, 1, 3, 4]",10-50
40,5,34,24,50,18,26,33,1,1,"[2, 0, 1, 3, 4]",10-50
40,5,35,36,34,42,28,20,2,2,"[2, 0, 1, 3, 4]",10-50
40,5,36,108,57,113,114,85,3,2,"[2, 0, 1, 3, 4]",40-120
40,5,37,139,103,190,132,167,2,2,"[2, 0, 1, 3, 4]",100-200
40,5,38,271,165,181,163,363,0,4,"[2, 0, 1, 3, 4]",150-400
40,5,39,389,394,389,232,351,2,0,"[2, 0, 1, 3, 4]",150-400
40,6,0,35,22,44,26,21,3,3,"[4, 3, 1, 0, 2]",10-50
40,6,1,38,31,22,31,46,4,4,"[4, 3, 1, 0, 2]",10-50
40,6,2,185,197,247,243,357,4,4,"[4, 3, 1, 0, 2]",150-400
40,6,3,120,138,145,143,159,2,2,"[4, 3, 1, 0, 2]",100-200
40,6,4,157,187,130,112,151,1,1,"[4, 3, 1, 0, 2]",100-200
40,6,5,60,105,45,49,64,1,1,"[4, 3, 1, 0, 2]",40-120
40,6,6,316,384,374,377,213,3,3,"[4, 3, 1, 0, 2]",150-400
40,6,7,87,86,69,83,103,2,2,"[4, 3, 1, 0, 2]",40-120
40,6,8,34,39,22,41,39,3,3,"[4, 3, 1, 0, 2]",10-50
40,6,9,300,290,356,271,264,2,2,"[4, 3, 1, 0, 2]",150-400
40,6,10,126,120,199,151,133,2,2,"[4, 3, 1, 0, 2]",100-200
40,6,11,119,77,66,51,91,0,0,"[4, 3, 1, 0, 2]",40-120
40,6,12,126,109,121,116,161,4,4,"[4, 3, 1, 0, 2]",100-200
40,6,13,252,322,360,296,263,1,1,"[4, 3, 1, 0, 2]",150-400
40,6,14,91,66,114,99,112,3,3,"[4, 3, 1, 0, 2]",40-120
40,6,15,149,175,189,164,104,3,3,"[4, 3, 1, 0, 2]",100-200
40,6,16,267,359,365,157,365,4,4,"[4, 3, 1, 0, 2]",150-400
40,6,17,59,50,118,63,77,2,2,"[4, 3, 1, 0, 2]",40-120
40,6,18,65,110,67,67,73,1,1,"[4, 3, 1, 0, 2]",40-120
40,6,19,45,107,86,103,61,3,3,"[4, 3, 1, 0, 2]",40-120
40,6,20,26,27,32,19,48,4,4,"[4, 3, 1, 0, 2]",10-50
40,6,21,115,86,87,52,120,4,4,"[4, 3, 1, 0, 2]",40-120
40,6,22,36,16,17,19,46,0,0,"[4, 3, 1, 0, 2]",10-50
40,6,23,170,192,199,134,124,1,1,"[4, 3, 1, 0, 2]",100-200
40,6,24,33,21,40,22,19,2,2,"[4, 3, 1, 0, 2]",10-50
40,6,25,62,89,66,51,54,3,3,"[4, 3, 1, 0, 2]",40-120
40,6,26,116,130,112,155,107,3,3,"[4, 3, 1, 0, 2]",100-200
40,6,27,41,38,27,29,34,1,1,"[4, 3, 1, 0, 2]",10-50
40,6,28,116,145,134,128,178,4,4,"[4, 3, 1, 0, 2]",100-200
40,6,29,167,147,117,105,133,0,0,"[4, 3, 1, 0, 2]",100-200
40,6,30,187,183,113,119,154,0,0,"[4, 3, 1, 0, 2]",100-200
40,6,31,100,66,83,60,104,0,0,"[4, 3, 1, 0, 2]",40-120
40,6,32,50,10,17,15,22,0,0,"[4, 3, 1, 0, 2]",10-50
40,6,33,312,242,171,309,172,0,0,"[4, 3, 1, 0, 2]",150-400
40,6,34,47,24,11,26,24,0,0,"[4, 3, 1, 0, 2]",10-50
40,6,35,40,25,49,11,33,2,2,"[4, 3, 1, 0, 2]",10-50
40,6,36,17,11,50,50,43,2,2,"[4, 3, 1, 0, 2]",10-50
40,6,37,73,72,43,90,115,4,4,"[4, 3, 1, 0, 2]",40-120
40,6,38,19,35,42,21,10,1,1,"[4, 3, 1, 0, 2]",10-50
40,6,39,46,44,40,40,89,1,1,"[4, 3, 1, 0, 2]",40-120
40,7,0,62,47,91,93,100,3,4,"[1, 3, 4, 2, 0]",40-120
40,7,1,75,112,100,62,101,2,1,"[1, 3, 4, 2, 0]",40-120
40,7,2,26,40,19,34,29,1,1,"[1, 3, 4, 2, 0]",10-50
40,7,3,120,81,76,85,114,4,0,"[1, 3, 4, 2, 0]",40-120
40,7,4,171,191,184,157,190,1,4,"[1, 3, 4, 2, 0]",100-200
40,7,5,161,170,185,141,196,4,4,"[1, 3, 4, 2, 0]",100-200
40,7,6,326,226,379,336,206,2,2,"[1, 3, 4, 2, 0]",150-400
40,7,7,34,25,24,27,35,3,4,"[1, 3, 4, 2, 0]",10-50
40,7,8,191,135,150,160,181,0,0,"[1, 3, 4, 2, 0]",100-200
40,7,9,78,103,97,44,112,4,4,"[1, 3, 4, 2, 0]",40-120
40,7,10,31,45,46,45,24,3,1,"[1, 3, 4, 2, 0]",10-50
40,7,11,78,83,82,47,43,2,1,"[1, 3, 4, 2, 0]",40-120
40,7,12,32,24,30,26,19,0,0,"[1, 3, 4, 2, 0]",10-50
40,7,13,41,21,32,25,50,4,4,"[1, 3, 4, 2, 0]",10-50
40,7,14,12,50,36,41,24,1,1,"[1, 3, 4, 2, 0]",10-50
40,7,15,180,139,149,114,148,4,0,"[1, 3, 4, 2, 0]",100-200
40,7,16,142,188,139,164,126,1,1,"[1, 3, 4, 2, 0]",100-200
40,7,17,243,285,395,360,283,3,3,"[1, 3, 4, 2, 0]",150-400
40,7,18,47,21,25,28,30,0,0,"[1, 3, 4, 2, 0]",10-50
40,7,19,80,115,78,69,72,1,1,"[1, 3, 4, 2, 0]",40-120
40,7,20,46,50,10,23,20,0,1,"[1, 3, 4, 2, 0]",10-50
40,7,21,317,155,377,288,264,0,2,"[1, 3, 4, 2, 0]",150-400
40,7,22,341,386,361,155,281,1,1,"[1, 3, 4, 2, 0]",150-400
40,7,23,125,155,197,179,142,2,3,"[1, 3, 4, 2, 0]",100-200
40,7,24,164,245,289,248,394,4,4,"[1, 3, 4, 2, 0]",150-400
40,7,25,182,142,126,120,136,0,0,"[1, 3, 4, 2, 0]",100-200
40,7,26,13,33,36,10,29,4,2,"[1, 3, 4, 2, 0]",10-50
40,7,27,101,132,150,117,126,2,2,"[1, 3, 4, 2, 0]",100-200
40,7,28,52,66,60,118,104,3,3,"[1, 3, 4, 2, 0]",40-120
40,7,29,58,73,113,101,46,3,2,"[1, 3, 4, 2, 0]",40-120
40,7,30,182,104,129,194,192,3,3,"[1, 3, 4, 2, 0]",100-200
40,7,31,42,76,115,91,72,2,2,"[1, 3, 4, 2, 0]",40-120
40,7,32,38,11,44,17,27,2,2,"[1, 3, 4, 2, 0]",10-50
40,7,33,178,140,164,180,157,3,0,"[1, 3, 4, 2, 0]",100-200
40,7,34,74,100,49,80,59,1,1,"[1, 3, 4, 2, 0]",40-120
40,7,35,233,279,247,353,222,1,3,"[1, 3, 4, 2, 0]",150-400
40,7,36,114,78,87,65,65,0,0,"[1, 3, 4, 2, 0]",40-120
40,7,37,23,18,37,14,37,4,4,"[1, 3, 4, 2, 0]",10-50
40,7,38,116,83,90,48,56,0,0,"[1, 3, 4, 2, 0]",40-120
40,7,39,11,11,47,26,11,2,2,"[1, 3, 4, 2, 0]",10-50
40,8,0,155,148,185,188,150,3,3,"[4, 3, 2, 1, 0]",100-200
40,8,1,165,149,168,152,123,2,0,"[4, 3, 2, 1, 0]",100-200
40,8,2,187,375,395,305,380,2,2,"[4, 3, 2, 1, 0]",150-400
40,8,3,118,115,92,54,40,0,0,"[4, 3, 2, 1, 0]",40-120
40,8,4,116,186,198,186,106,2,2,"[4, 3, 2, 1, 0]",100-200
40,8,5,146,148,157,112,176,4,4,"[4, 3, 2, 1, 0]",100-200
40,8,6,45,33,32,24,36,1,0,"[4, 3, 2, 1, 0]",10-50
40,8,7,68,87,58,101,43,1,3,"[4, 3, 2, 1, 0]",40-120
40,8,8,134,146,137,163,136,3,3,"[4, 3, 2, 1, 0]",100-200
40,8,9,183,129,119,103,171,0,0,"[4, 3, 2, 1, 0]",100-200
40,8,10,15,35,47,29,42,2,2,"[4, 3, 2, 1, 0]",10-50
40,8,11,110,182,122,144,163,4,1,"[4, 3, 2, 1, 0]",100-200
40,8,12,38,30,36,38,23,2,0,"[4, 3, 2, 1, 0]",10-50
40,8,13,101,117,72,62,101,1,1,"[4, 3, 2, 1, 0]",40-120
40,8,14,41,28,47,44,24,3,2,"[4, 3, 2, 1, 0]",10-50
40,8,15,56,108,50,111,63,3,3,"[4, 3, 2, 1, 0]",40-120
40,8,16,62,49,59,116,112,3,3,"[4, 3, 2, 1, 0]",40-120
40,8,17,247,170,324,159,186,4,2,"[4, 3, 2, 1, 0]",150-400
40,8,18,116,104,102,45,46,2,0,"[4, 3, 2, 1, 0]",40-120
40,8,19,108,52,114,113,85,2,3,"[4, 3, 2, 1, 0]",40-120
40,8,20,25,13,47,27,47,4,4,"[4, 3, 2, 1, 0]",10-50
40,8,21,138,195,161,125,147,1,1,"[4, 3, 2, 1, 0]",100-200
40,8,22,116,53,51,74,68,0,0,"[4, 3, 2, 1, 0]",40-120
40,8,23,115,49,64,74,96,4,0,"[4, 3, 2, 1, 0]",40-120
40,8,24,315,199,208,299,341,0,4,"[4, 3, 2, 1, 0]",150-400
40,8,25,314,367,355,356,331,3,3,"[4, 3, 2, 1, 0]",150-400
40,8,26,49,15,34,29,24,0,0,"[4, 3, 2, 1, 0]",10-50
40,8,27,273,181,383,267,388,4,4,"[4, 3, 2, 1, 0]",150-400
40,8,28,28,21,21,10,41,4,4,"[4, 3, 2, 1, 0]",10-50
40,8,29,183,107,164,113,157,0,0,"[4, 3, 2, 1, 0]",100-200
40,8,30,22,48,40,36,37,1,1,"[4, 3, 2, 1, 0]",10-50
40,8,31,46,30,28,13,30,0,0,"[4, 3, 2, 1, 0]",10-50
40,8,32,32,14,12,41,23,0,3,"[4, 3, 2, 1, 0]",10-50
40,8,33,66,75,71,46,110,4,4,"[4, 3, 2, 1, 0]",40-120
40,8,34,131,195,147,102,171,1,1,"[4, 3, 2, 1, 0]",100-200
40,8,35,78,69,100,56,49,2,2,"[4, 3, 2, 1, 0]",40-120
40,8,36,53,52,87,71,77,3,2,"[4, 3, 2, 1, 0]",40-120
40,8,37,267,393,154,291,378,1,1,"[4, 3, 2, 1, 0]",150-400
40,8,38,42,25,33,46,40,3,3,"[4, 3, 2, 1, 0]",10-50
40,8,39,38,45,11,26,46,1,4,"[4, 3, 2, 1, 0]",10-50
40,9,0,25,49,36,44,44,4,4,"[3, 4, 1, 0, 2]",10-50
40,9,1,293,280,195,256,266,2,2,"[3, 4, 1, 0, 2]",150-400
40,9,2,73,120,65,79,107,1,1,"[3, 4, 1, 0, 2]",40-120
40,9,3,161,147,181,198,150,2,2,"[3, 4, 1, 0, 2]",100-200
40,9,4,86,119,43,113,114,4,4,"[3, 4, 1, 0, 2]",40-120
40,9,5,152,194,169,129,147,1,1,"[3, 4, 1, 0, 2]",100-200
40,9,6,34,47,13,45,48,3,3,"[3, 4, 1, 0, 2]",10-50
40,9,7,107,119,169,156,147,2,2,"[3, 4, 1, 0, 2]",100-200
40,9,8,187,119,138,153,170,4,4,"[3, 4, 1, 0, 2]",100-200
40,9,9,15,47,28,25,41,1,1,"[3, 4, 1, 0, 2]",10-50
40,9,10,43,95,99,86,69,2,2,"[3, 4, 1, 0, 2]",40-120
40,9,11,48,81,65,76,110,4,4,"[3, 4, 1, 0, 2]",40-120
40,9,12,16,38,50,36,17,2,2,"[3, 4, 1, 0, 2]",10-50
40,9,13,91,112,71,107,73,3,3,"[3, 4, 1, 0, 2]",40-120
40,9,14,11,50,49,10,30,1,1,"[3, 4, 1, 0, 2]",10-50
40,9,15,182,257,344,325,166,3,3,"[3, 4, 1, 0, 2]",150-400
40,9,16,41,10,47,48,39,3,3,"[3, 4, 1, 0, 2]",10-50
40,9,17,30,28,36,38,14,2,2,"[3, 4, 1, 0, 2]",10-50
40,9,18,192,195,163,179,200,4,4,"[3, 4, 1, 0, 2]",100-200
40,9,19,101,120,52,76,68,1,1,"[3, 4, 1, 0, 2]",40-120
40,9,20,43,20,49,12,44,2,2,"[3, 4, 1, 0, 2]",10-50
40,9,21,75,40,41,40,79,4,4,"[3, 4, 1, 0, 2]",40-120
40,9,22,132,121,133,116,166,0,0,"[3, 4, 1, 0, 2]",100-200
40,9,23,124,154,124,125,138,3,3,"[3, 4, 1, 0, 2]",100-200
40,9,24,400,282,256,154,393,4,4,"[3, 4, 1, 0, 2]",150-400
40,9,25,47,16,19,36,23,0,0,"[3, 4, 1, 0, 2]",10-50
40,9,26,252,340,188,306,350,3,3,"[3, 4, 1, 0, 2]",150-400
40,9,27,33,27,28,30,49,4,4,"[3, 4, 1, 0, 2]",10-50
40,9,28,188,194,140,132,171,0,0,"[3, 4, 1, 0, 2]",100-200
40,9,29,110,119,62,83,40,0,0,"[3, 4, 1, 0, 2]",40-120
40,9,30,69,44,57,54,46,0,0,"[3, 4, 1, 0, 2]",40-120
40,9,31,63,86,79,85,86,3,3,"[3, 4, 1, 0, 2]",40-120
40,9,32,43,13,42,13,15,0,0,"[3, 4, 1, 0, 2]",10-50
40,9,33,313,371,266,226,351,1,1,"[3, 4, 1, 0, 2]",150-400
40,9,34,176,186,167,171,115,3,3,"[3, 4, 1, 0, 2]",100-200
40,9,35,93,89,43,59,88,0,0,"[3, 4, 1, 0, 2]",40-120
40,9,36,154,196,179,132,101,1,1,"[3, 4, 1, 0, 2]",100-200
40,9,37,40,50,24,45,14,1,1,"[3, 4, 1, 0, 2]",10-50
40,9,38,387,177,324,277,212,0,0,"[3, 4, 1, 0, 2]",150-400
40,9,39,49,108,80,75,102,2,2,"[3, 4, 1, 0, 2]",40-120
40,10,0,191,109,193,184,108,3,2,"[4, 2, 1, 3, 0]",100-200
40,10,1,132,199,154,116,122,1,1,"[4, 2, 1, 3, 0]",100-200
40,10,2,21,28,30,38,21,3,3,"[4, 2, 1, 3, 0]",10-50
40,10,3,120,103,77,110,65,0,0,"[4, 2, 1, 3, 0]",40-120
40,10,4,47,61,46,111,89,3,3,"[4, 2, 1, 3, 0]",40-120
40,10,5,131,105,141,120,142,4,4,"[4, 2, 1, 3, 0]",100-200
40,10,6,227,244,210,283,230,3,3,"[4, 2, 1, 3, 0]",150-400
40,10,7,39,29,50,31,11,2,2,"[4, 2, 1, 3, 0]",10-50
40,10,8,179,359,258,316,318,4,3,"[4, 2, 1, 3, 0]",150-400
40,10,9,49,43,69,50,43,2,2,"[4, 2, 1, 3, 0]",40-120
40,10,10,46,28,25,38,30,0,0,"[4, 2, 1, 3, 0]",10-50
40,10,11,103,162,187,142,169,4,2,"[4, 2, 1, 3, 0]",100-200
40,10,12,35,23,40,18,40,4,4,"[4, 2, 1, 3, 0]",10-50
40,10,13,181,146,132,138,151,3,0,"[4, 2, 1, 3, 0]",100-200
40,10,14,73,114,96,106,40,2,3,"[4, 2, 1, 3, 0]",40-120
40,10,15,94,52,82,111,87,4,3,"[4, 2, 1, 3, 0]",40-120
40,10,16,205,351,170,188,242,4,1,"[4, 2, 1, 3, 0]",150-400
40,10,17,105,199,195,184,154,2,2,"[4, 2, 1, 3, 0]",100-200
40,10,18,68,73,55,119,120,3,4,"[4, 2, 1, 3, 0]",40-120
40,10,19,39,16,27,22,38,2,4,"[4, 2, 1, 3, 0]",10-50
40,10,20,332,391,201,303,209,1,1,"[4, 2, 1, 3, 0]",150-400
40,10,21,80,65,43,55,112,4,4,"[4, 2, 1, 3, 0]",40-120
40,10,22,83,104,116,107,101,2,2,"[4, 2, 1, 3, 0]",40-120
40,10,23,17,37,34,24,39,4,4,"[4, 2, 1, 3, 0]",10-50
40,10,24,36,36,19,31,33,1,4,"[4, 2, 1, 3, 0]",10-50
40,10,25,72,73,48,53,41,1,0,"[4, 2, 1, 3, 0]",40-120
40,10,26,37,17,20,21,27,0,0,"[4, 2, 1, 3, 0]",10-50
40,10,27,39,47,21,36,40,1,4,"[4, 2, 1, 3, 0]",10-50
40,10,28,139,142,122,125,137,0,4,"[4, 2, 1, 3, 0]",100-200
40,10,29,41,30,18,35,34,0,0,"[4, 2, 1, 3, 0]",10-50
40,10,30,278,218,329,236,180,2,2,"[4, 2, 1, 3, 0]",150-400
40,10,31,102,108,40,41,60,1,0,"[4, 2, 1, 3, 0]",40-120
40,10,32,184,106,167,115,102,2,0,"[4, 2, 1, 3, 0]",100-200
40,10,33,31,38,18,43,30,3,3,"[4, 2, 1, 3, 0]",10-50
40,10,34,310,171,226,171,237,0,0,"[4, 2, 1, 3, 0]",150-400
40,10,35,116,152,126,114,119,1,1,"[4, 2, 1, 3, 0]",100-200
40,10,36,97,118,100,54,67,1,1,"[4, 2, 1, 3, 0]",40-120
40,10,37,104,42,72,53,108,0,4,"[4, 2, 1, 3, 0]",40-120
40,10,38,186,128,118,174,195,0,4,"[4, 2, 1, 3, 0]",100-200
40,10,39,27,33,21,22,15,3,1,"[4, 2, 1, 3, 0]",10-50
40,11,0,47,56,105,102,88,2,2,"[4, 1, 3, 2, 0]",40-120
40,11,1,239,338,190,342,306,1,1,"[4, 1, 3, 2, 0]",150-400
40,11,2,70,120,80,80,60,1,1,"[4, 1, 3, 2, 0]",40-120
40,11,3,37,40,29,39,20,1,1,"[4, 1, 3, 2, 0]",10-50
40,11,4,37,19,50,43,26,2,2,"[4, 1, 3, 2, 0]",10-50
40,11,5,59,88,73,97,85,1,1,"[4, 1, 3, 2, 0]",40-120
40,11,6,76,58,92,92,66,2,2,"[4, 1, 3, 2, 0]",40-120
40,11,7,35,35,48,45,31,3,3,"[4, 1, 3, 2, 0]",10-50
40,11,8,104,41,102,107,58,0,0,"[4, 1, 3, 2, 0]",40-120
40,11,9,15,22,49,26,24,2,2,"[4, 1, 3, 2, 0]",10-50
40,11,10,42,21,39,12,31,0,0,"[4, 1, 3, 2, 0]",10-50
40,11,11,40,25,48,41,32,4,4,"[4, 1, 3, 2, 0]",10-50
40,11,12,158,125,109,191,131,3,3,"[4, 1, 3, 2, 0]",100-200
40,11,13,161,191,186,159,120,2,2,"[4, 1, 3, 2, 0]",100-200
40,11,14,50,14,26,19,15,0,0,"[4, 1, 3, 2, 0]",10-50
40,11,15,12,30,26,23,12,3,3,"[4, 1, 3, 2, 0]",10-50
40,11,16,57,48,85,105,102,3,3,"[4, 1, 3, 2, 0]",40-120
40,11,17,154,119,166,143,189,2,2,"[4, 1, 3, 2, 0]",100-200
40,11,18,134,146,106,157,101,3,3,"[4, 1, 3, 2, 0]",100-200
40,11,19,16,40,28,21,15,1,1,"[4, 1, 3, 2, 0]",10-50
40,11,20,92,54,43,88,117,4,4,"[4, 1, 3, 2, 0]",40-120
40,11,21,82,71,50,96,50,3,3,"[4, 1, 3, 2, 0]",40-120
40,11,22,369,249,294,204,178,2,2,"[4, 1, 3, 2, 0]",150-400
40,11,23,25,34,36,48,41,4,4,"[4, 1, 3, 2, 0]",10-50
40,11,24,168,129,184,182,199,4,4,"[4, 1, 3, 2, 0]",100-200
40,11,25,212,340,283,257,378,4,4,"[4, 1, 3, 2, 0]",150-400
40,11,26,324,219,265,333,350,3,3,"[4, 1, 3, 2, 0]",150-400
40,11,27,143,186,139,173,110,1,1,"[4, 1, 3, 2, 0]",100-200
40,11,28,123,200,154,187,158,1,1,"[4, 1, 3, 2, 0]",100-200
40,11,29,283,238,227,198,261,4,4,"[4, 1, 3, 2, 0]",150-400
40,11,30,95,71,42,109,116,4,4,"[4, 1, 3, 2, 0]",40-120
40,11,31,66,60,58,97,112,4,4,"[4, 1, 3, 2, 0]",40-120
40,11,32,190,150,129,187,117,0,0,"[4, 1, 3, 2, 0]",100-200
40,11,33,302,279,195,318,221,0,0,"[4, 1, 3, 2, 0]",150-400
40,11,34,93,78,49,94,69,0,0,"[4, 1, 3, 2, 0]",40-120
40,11,35,155,119,133,130,115,3,3,"[4, 1, 3, 2, 0]",100-200
40,11,36,18,22,19,17,10,0,0,"[4, 1, 3, 2, 0]",10-50
40,11,37,164,151,119,117,140,0,0,"[4, 1, 3, 2, 0]",100-200
40,11,38,104,101,100,52,108,1,1,"[4, 1, 3, 2, 0]",40-120
40,11,39,30,17,40,21,31,2,2,"[4, 1, 3, 2, 0]",10-50
40,12,0,88,80,51,48,90,1,4,"[1, 4, 2, 3, 0]",40-120
40,12,1,27,37,16,16,43,1,4,"[1, 4, 2, 3, 0]",10-50
40,12,2,21,36,25,36,21,2,1,"[1, 4, 2, 3, 0]",10-50
40,12,3,76,109,68,81,71,1,1,"[1, 4, 2, 3, 0]",40-120
40,12,4,120,91,97,42,103,0,0,"[1, 4, 2, 3, 0]",40-120
40,12,5,66,52,76,97,105,4,4,"[1, 4, 2, 3, 0]",40-120
40,12,6,32,16,13,12,35,0,4,"[1, 4, 2, 3, 0]",10-50
40,12,7,55,41,74,75,80,4,4,"[1, 4, 2, 3, 0]",40-120
40,12,8,136,189,149,181,148,3,1,"[1, 4, 2, 3, 0]",100-200
40,12,9,118,112,155,145,117,1,2,"[1, 4, 2, 3, 0]",100-200
40,12,10,40,23,37,11,17,0,2,"[1, 4, 2, 3, 0]",10-50
40,12,11,75,56,63,70,53,2,3,"[1, 4, 2, 3, 0]",40-120
40,12,12,69,55,83,67,101,2,4,"[1, 4, 2, 3, 0]",40-120
40,12,13,23,20,50,44,24,2,2,"[1, 4, 2, 3, 0]",10-50
40,12,14,12,37,35,37,36,4,4,"[1, 4, 2, 3, 0]",10-50
40,12,15,66,76,91,117,48,3,3,"[1, 4, 2, 3, 0]",40-120
40,12,16,110,51,76,54,62,0,0,"[1, 4, 2, 3, 0]",40-120
40,12,17,154,138,188,101,170,4,2,"[1, 4, 2, 3, 0]",100-200
40,12,18,43,16,22,48,22,0,3,"[1, 4, 2, 3, 0]",10-50
40,12,19,148,200,139,138,118,1,1,"[1, 4, 2, 3, 0]",100-200
40,12,20,135,116,106,157,119,3,3,"[1, 4, 2, 3, 0]",100-200
40,12,21,167,104,199,124,179,4,2,"[1, 4, 2, 3, 0]",100-200
40,12,22,177,194,155,124,139,0,1,"[1, 4, 2, 3, 0]",100-200
40,12,23,24,41,39,45,46,1,4,"[1, 4, 2, 3, 0]",10-50
40,12,24,392,361,227,330,365,0,0,"[1, 4, 2, 3, 0]",150-400
40,12,25,78,52,120,62,67,2,2,"[1, 4, 2, 3, 0]",40-120
40,12,26,33,34,14,21,28,3,1,"[1, 4, 2, 3, 0]",10-50
40,12,27,98,75,83,112,106,4,4,"[1, 4, 2, 3, 0]",40-120
40,12,28,90,75,69,80,41,3,0,"[1, 4, 2, 3, 0]",40-120
40,12,29,16,20,27,23,45,4,4,"[1, 4, 2, 3, 0]",10-50
40,12,30,390,349,315,261,373,4,4,"[1, 4, 2, 3, 0]",150-400
40,12,31,330,384,201,355,319,1,1,"[1, 4, 2, 3, 0]",150-400
40,12,32,182,169,299,378,288,2,3,"[1, 4, 2, 3, 0]",150-400
40,12,33,200,108,106,173,133,0,0,"[1, 4, 2, 3, 0]",100-200
40,12,34,172,149,193,103,165,2,2,"[1, 4, 2, 3, 0]",100-200
40,12,35,18,34,32,38,25,3,3,"[1, 4, 2, 3, 0]",10-50
40,12,36,206,313,198,353,268,3,3,"[1, 4, 2, 3, 0]",150-400
40,12,37,143,121,185,112,109,2,2,"[1, 4, 2, 3, 0]",100-200
40,12,38,374,330,223,159,197,1,0,"[1, 4, 2, 3, 0]",150-400
40,12,39,11,19,42,49,47,3,4,"[1, 4, 2, 3, 0]",10-50
40,13,0,108,130,174,150,147,4,4,"[0, 4, 2, 1, 3]",100-200
40,13,1,120,117,74,57,57,0,0,"[0, 4, 2, 1, 3]",40-120
40,13,2,42,46,44,21,41,0,0,"[0, 4, 2, 1, 3]",10-50
40,13,3,110,56,109,44,101,0,0,"[0, 4, 2, 1, 3]",40-120
40,13,4,161,115,138,174,128,3,3,"[0, 4, 2, 1, 3]",100-200
40,13,5,275,204,208,287,239,0,0,"[0, 4, 2, 1, 3]",150-400
40,13,6,65,41,86,115,63,3,3,"[0, 4, 2, 1, 3]",40-120
40,13,7,82,78,92,90,102,4,4,"[0, 4, 2, 1, 3]",40-120
40,13,8,25,29,15,49,17,3,3,"[0, 4, 2, 1, 3]",10-50
40,13,9,273,322,215,340,354,4,4,"[0, 4, 2, 1, 3]",150-400
40,13,10,10,39,42,32,27,2,2,"[0, 4, 2, 1, 3]",10-50
40,13,11,71,58,119,64,80,2,2,"[0, 4, 2, 1, 3]",40-120
40,13,12,15,43,33,11,38,4,4,"[0, 4, 2, 1, 3]",10-50
40,13,13,113,65,116,69,70,0,0,"[0, 4, 2, 1, 3]",40-120
40,13,14,61,108,116,52,80,2,2,"[0, 4, 2, 1, 3]",40-120
40,13,15,101,188,183,119,181,4,4,"[0, 4, 2, 1, 3]",100-200
40,13,16,386,179,367,384,325,3,3,"[0, 4, 2, 1, 3]",150-400
40,13,17,14,40,49,28,37,2,2,"[0, 4, 2, 1, 3]",10-50
40,13,18,119,160,192,193,123,2,2,"[0, 4, 2, 1, 3]",100-200
40,13,19,388,362,288,262,323,0,0,"[0, 4, 2, 1, 3]",150-400
40,13,20,18,39,42,35,38,4,4,"[0, 4, 2, 1, 3]",10-50
40,13,21,12,35,35,38,33,1,1,"[0, 4, 2, 1, 3]",10-50
40,13,22,385,317,281,297,231,1,1,"[0, 4, 2, 1, 3]",150-400
40,13,23,89,50,104,83,40,2,2,"[0, 4, 2, 1, 3]",40-120
40,13,24,16,47,25,33,11,1,1,"[0, 4, 2, 1, 3]",10-50
40,13,25,73,104,87,118,57,3,3,"[0, 4, 2, 1, 3]",40-120
40,13,26,14,20,13,20,37,3,3,"[0, 4, 2, 1, 3]",10-50
40,13,27,182,168,187,147,188,4,4,"[0, 4, 2, 1, 3]",100-200
40,13,28,22,31,25,47,49,4,4,"[0, 4, 2, 1, 3]",10-50
40,13,29,193,172,116,121,133,0,0,"[0, 4, 2, 1, 3]",100-200
40,13,30,177,163,183,188,142,3,3,"[0, 4, 2, 1, 3]",100-200
40,13,31,134,197,118,175,120,1,1,"[0, 4, 2, 1, 3]",100-200
40,13,32,158,141,114,159,148,1,1,"[0, 4, 2, 1, 3]",100-200
40,13,33,99,50,43,67,45,1,1,"[0, 4, 2, 1, 3]",40-120
40,13,34,252,312,399,173,153,2,2,"[0, 4, 2, 1, 3]",150-400
40,13,35,87,116,78,96,52,1,1,"[0, 4, 2, 1, 3]",40-120
40,13,36,10,41,23,44,15,3,3,"[0, 4, 2, 1, 3]",10-50
40,13,37,87,98,92,58,55,1,1,"[0, 4, 2, 1, 3]",40-120
40,13,38,20,18,11,39,33,0,0,"[0, 4, 2, 1, 3]",10-50
40,13,39,106,114,182,150,107,2,2,"[0, 4, 2, 1, 3]",100-200
40,14,0,180,119,104,182,135,3,0,"[4, 1, 0, 3, 2]",100-200
40,14,1,36,34,31,27,44,4,4,"[4, 1, 0, 3, 2]",10-50
40,14,2,296,314,233,320,385,1,4,"[4, 1, 0, 3, 2]",150-400
40,14,3,40,33,49,23,40,2,2,"[4, 1, 0, 3, 2]",10-50
40,14,4,203,192,371,329,393,4,4,"[4, 1, 0, 3, 2]",150-400
40,14,5,184,177,109,103,158,0,1,"[4, 1, 0, 3, 2]",100-200
40,14,6,27,24,43,42,44,0,2,"[4, 1, 0, 3, 2]",10-50
40,14,7,69,95,112,89,81,2,2,"[4, 1, 0, 3, 2]",40-120
40,14,8,25,41,46,45,46,3,2,"[4, 1, 0, 3, 2]",10-50
40,14,9,380,258,277,383,232,0,3,"[4, 1, 0, 3, 2]",150-400
40,14,10,15,23,23,30,13,2,3,"[4, 1, 0, 3, 2]",10-50
40,14,11,20,43,15,13,30,1,1,"[4, 1, 0, 3, 2]",10-50
40,14,12,140,199,111,139,167,1,1,"[4, 1, 0, 3, 2]",100-200
40,14,13,19,10,20,44,31,3,3,"[4, 1, 0, 3, 2]",10-50
40,14,14,77,85,97,64,60,1,2,"[4, 1, 0, 3, 2]",40-120
40,14,15,191,164,149,196,200,0,3,"[4, 1, 0, 3, 2]",100-200
40,14,16,346,272,200,339,274,4,0,"[4, 1, 0, 3, 2]",150-400
40,14,17,135,112,133,157,149,2,3,"[4, 1, 0, 3, 2]",100-200
40,14,18,188,249,362,372,190,3,2,"[4, 1, 0, 3, 2]",150-400
40,14,19,94,74,91,78,46,1,0,"[4, 1, 0, 3, 2]",40-120
40,14,20,111,148,150,195,180,3,3,"[4, 1, 0, 3, 2]",100-200
40,14,21,174,169,128,189,195,4,4,"[4, 1, 0, 3, 2]",100-200
40,14,22,103,88,66,49,114,4,4,"[4, 1, 0, 3, 2]",40-120
40,14,23,14,35,31,46,27,3,3,"[4, 1, 0, 3, 2]",10-50
40,14,24,29,30,21,26,49,4,4,"[4, 1, 0, 3, 2]",10-50
40,14,25,113,47,63,71,81,0,0,"[4, 1, 0, 3, 2]",40-120
40,14,26,80,68,70,76,102,4,4,"[4, 1, 0, 3, 2]",40-120
40,14,27,212,244,382,318,240,2,2,"[4, 1, 0, 3, 2]",150-400
40,14,28,45,32,48,29,25,2,2,"[4, 1, 0, 3, 2]",10-50
40,14,29,87,64,45,94,85,3,3,"[4, 1, 0, 3, 2]",40-120
40,14,30,45,103,93,97,82,3,1,"[4, 1, 0, 3, 2]",40-120
40,14,31,113,59,104,52,93,2,0,"[4, 1, 0, 3, 2]",40-120
40,14,32,49,25,18,20,44,0,0,"[4, 1, 0, 3, 2]",10-50
40,14,33,142,188,132,191,108,1,1,"[4, 1, 0, 3, 2]",100-200
40,14,34,91,114,50,105,84,1,1,"[4, 1, 0, 3, 2]",40-120
40,14,35,120,72,82,47,57,0,0,"[4, 1, 0, 3, 2]",40-120
40,14,36,21,27,36,44,25,1,3,"[4, 1, 0, 3, 2]",10-50
40,14,37,176,193,135,139,143,2,1,"[4, 1, 0, 3, 2]",100-200
40,14,38,151,162,105,113,131,4,1,"[4, 1, 0, 3, 2]",100-200
40,14,39,119,65,43,58,108,0,0,"[4, 1, 0, 3, 2]",40-120
40,15,0,107,99,56,100,113,0,4,"[0, 2, 1, 4, 3]",40-120
40,15,1,91,44,60,65,98,4,4,"[0, 2, 1, 4, 3]",40-120
40,15,2,92,77,110,47,51,2,2,"[0, 2, 1, 4, 3]",40-120
40,15,3,268,306,167,336,196,1,1,"[0, 2, 1, 4, 3]",150-400
40,15,4,180,146,196,159,112,2,2,"[0, 2, 1, 4, 3]",100-200
40,15,5,199,129,172,193,197,3,0,"[0, 2, 1, 4, 3]",100-200
40,15,6,88,102,87,55,82,2,1,"[0, 2, 1, 4, 3]",40-120
40,15,7,82,97,92,114,63,3,3,"[0, 2, 1, 4, 3]",40-120
40,15,8,62,86,73,52,57,1,1,"[0, 2, 1, 4, 3]",40-120
40,15,9,41,20,31,21,31,3,0,"[0, 2, 1, 4, 3]",10-50
40,15,10,15,13,10,19,36,4,4,"[0, 2, 1, 4, 3]",10-50
40,15,11,175,146,171,150,156,4,2,"[0, 2, 1, 4, 3]",100-200
40,15,12,24,12,12,24,45,4,4,"[0, 2, 1, 4, 3]",10-50
40,15,13,42,42,12,40,15,0,1,"[0, 2, 1, 4, 3]",10-50
40,15,14,240,245,313,270,228,0,2,"[0, 2, 1, 4, 3]",150-400
40,15,15,43,45,46,16,20,1,2,"[0, 2, 1, 4, 3]",10-50
40,15,16,17,25,47,29,29,2,2,"[0, 2, 1, 4, 3]",10-50
40,15,17,279,235,282,358,157,3,3,"[0, 2, 1, 4, 3]",150-400
40,15,18,131,170,165,173,117,1,1,"[0, 2, 1, 4, 3]",100-200
40,15,19,38,23,13,18,24,1,0,"[0, 2, 1, 4, 3]",10-50
40,15,20,48,33,39,26,12,0,0,"[0, 2, 1, 4, 3]",10-50
40,15,21,12,29,36,42,35,3,3,"[0, 2, 1, 4, 3]",10-50
40,15,22,150,150,105,160,105,3,3,"[0, 2, 1, 4, 3]",100-200
40,15,23,70,114,56,70,74,1,1,"[0, 2, 1, 4, 3]",40-120
40,15,24,165,176,102,137,106,1,1,"[0, 2, 1, 4, 3]",100-200
40,15,25,382,315,250,204,332,0,0,"[0, 2, 1, 4, 3]",150-400
40,15,26,161,205,324,399,160,2,3,"[0, 2, 1, 4, 3]",150-400
40,15,27,89,86,60,40,50,0,0,"[0, 2, 1, 4, 3]",40-120
40,15,28,179,139,126,158,107,0,0,"[0, 2, 1, 4, 3]",100-200
40,15,29,195,285,300,232,346,4,4,"[0, 2, 1, 4, 3]",150-400
40,15,30,181,111,104,118,161,0,0,"[0, 2, 1, 4, 3]",100-200
40,15,31,15,23,42,30,45,4,2,"[0, 2, 1, 4, 3]",10-50
40,15,32,61,64,119,56,63,2,2,"[0, 2, 1, 4, 3]",40-120
40,15,33,25,34,37,44,42,3,3,"[0, 2, 1, 4, 3]",10-50
40,15,34,29,28,34,21,17,2,2,"[0, 2, 1, 4, 3]",10-50
40,15,35,61,94,95,47,117,4,4,"[0, 2, 1, 4, 3]",40-120
40,15,36,78,118,68,97,66,1,1,"[0, 2, 1, 4, 3]",40-120
40,15,37,97,101,64,119,84,3,3,"[0, 2, 1, 4, 3]",40-120
40,15,38,170,135,185,124,194,2,4,"[0, 2, 1, 4, 3]",100-200
40,15,39,146,128,165,161,198,4,4,"[0, 2, 1, 4, 3]",100-200
40,16,0,47,79,61,59,73,4,4,"[2, 3, 4, 1, 0]",40-120
40,16,1,168,121,178,154,150,4,4,"[2, 3, 4, 1, 0]",100-200
40,16,2,166,125,184,107,144,2,2,"[2, 3, 4, 1, 0]",100-200
40,16,3,50,25,48,26,18,0,0,"[2, 3, 4, 1, 0]",10-50
40,16,4,113,119,118,115,89,1,1,"[2, 3, 4, 1, 0]",40-120
40,16,5,21,11,45,10,13,2,2,"[2, 3, 4, 1, 0]",10-50
40,16,6,115,87,64,54,45,0,0,"[2, 3, 4, 1, 0]",40-120
40,16,7,99,84,87,104,43,0,0,"[2, 3, 4, 1, 0]",40-120
40,16,8,39,35,30,28,23,0,0,"[2, 3, 4, 1, 0]",10-50
40,16,9,23,33,29,18,11,1,1,"[2, 3, 4, 1, 0]",10-50
40,16,10,166,300,299,308,305,1,1,"[2, 3, 4, 1, 0]",150-400
40,16,11,59,66,60,73,90,4,4,"[2, 3, 4, 1, 0]",40-120
40,16,12,163,362,323,300,272,2,2,"[2, 3, 4, 1, 0]",150-400
40,16,13,50,37,22,26,12,1,1,"[2, 3, 4, 1, 0]",10-50
40,16,14,164,149,159,200,143,3,3,"[2, 3, 4, 1, 0]",100-200
40,16,15,135,195,142,156,182,4,4,"[2, 3, 4, 1, 0]",100-200
40,16,16,185,190,115,143,104,1,1,"[2, 3, 4, 1, 0]",100-200
40,16,17,125,173,154,135,127,2,2,"[2, 3, 4, 1, 0]",100-200
40,16,18,17,26,27,19,48,4,4,"[2, 3, 4, 1, 0]",10-50
40,16,19,373,358,314,219,343,4,4,"[2, 3, 4, 1, 0]",150-400
40,16,20,97,67,44,119,81,3,3,"[2, 3, 4, 1, 0]",40-120
40,16,21,196,112,157,109,151,0,0,"[2, 3, 4, 1, 0]",100-200
40,16,22,251,197,264,161,302,2,2,"[2, 3, 4, 1, 0]",150-400
40,16,23,80,67,47,104,74,3,3,"[2, 3, 4, 1, 0]",40-120
40,16,24,105,75,90,76,118,4,4,"[2, 3, 4, 1, 0]",40-120
40,16,25,67,46,78,89,64,2,2,"[2, 3, 4, 1, 0]",40-120
40,16,26,19,36,41,11,20,2,2,"[2, 3, 4, 1, 0]",10-50
40,16,27,29,13,16,11,23,0,0,"[2, 3, 4, 1, 0]",10-50
40,16,28,46,41,33,31,32,1,1,"[2, 3, 4, 1, 0]",10-50
40,16,29,46,33,23,43,13,3,3,"[2, 3, 4, 1, 0]",10-50
40,16,30,194,167,174,174,102,0,0,"[2, 3, 4, 1, 0]",100-200
40,16,31,97,62,83,106,105,3,3,"[2, 3, 4, 1, 0]",40-120
40,16,32,174,115,125,194,134,3,3,"[2, 3, 4, 1, 0]",100-200
40,16,33,396,393,317,351,262,3,3,"[2, 3, 4, 1, 0]",150-400
40,16,34,134,198,184,138,107,1,1,"[2, 3, 4, 1, 0]",100-200
40,16,35,83,100,74,102,69,1,1,"[2, 3, 4, 1, 0]",40-120
40,16,36,36,34,32,31,27,3,3,"[2, 3, 4, 1, 0]",10-50
40,16,37,50,116,120,91,73,2,2,"[2, 3, 4, 1, 0]",40-120
40,16,38,353,178,311,223,316,0,0,"[2, 3, 4, 1, 0]",150-400
40,16,39,17,16,39,21,28,4,4,"[2, 3, 4, 1, 0]",10-50
40,17,0,33,33,18,33,35,4,4,"[1, 4, 3, 0, 2]",10-50
40,17,1,41,38,34,38,16,3,3,"[1, 4, 3, 0, 2]",10-50
40,17,2,98,76,105,109,114,4,4,"[1, 4, 3, 0, 2]",40-120
40,17,3,27,33,37,48,45,4,4,"[1, 4, 3, 0, 2]",10-50
40,17,4,56,84,92,68,104,2,2,"[1, 4, 3, 0, 2]",40-120
40,17,5,43,28,14,39,10,0,0,"[1, 4, 3, 0, 2]",10-50
40,17,6,117,174,102,118,132,1,1,"[1, 4, 3, 0, 2]",100-200
40,17,7,42,27,28,17,32,0,0,"[1, 4, 3, 0, 2]",10-50
40,17,8,230,208,162,165,386,1,1,"[1, 4, 3, 0, 2]",150-400
40,17,9,78,40,51,115,110,3,3,"[1, 4, 3, 0, 2]",40-120
40,17,10,163,124,193,144,137,2,2,"[1, 4, 3, 0, 2]",100-200
40,17,11,34,21,46,38,25,3,3,"[1, 4, 3, 0, 2]",10-50
40,17,12,156,107,162,161,156,3,3,"[1, 4, 3, 0, 2]",100-200
40,17,13,58,83,45,101,66,3,3,"[1, 4, 3, 0, 2]",40-120
40,17,14,300,208,208,160,232,2,2,"[1, 4, 3, 0, 2]",150-400
40,17,15,345,161,342,193,339,0,0,"[1, 4, 3, 0, 2]",150-400
40,17,16,136,172,133,160,194,1,1,"[1, 4, 3, 0, 2]",100-200
40,17,17,175,144,115,160,198,4,4,"[1, 4, 3, 0, 2]",100-200
40,17,18,62,105,62,87,54,1,1,"[1, 4, 3, 0, 2]",40-120
40,17,19,114,173,133,116,197,4,4,"[1, 4, 3, 0, 2]",100-200
40,17,20,277,383,303,277,323,1,1,"[1, 4, 3, 0, 2]",150-400
40,17,21,268,337,157,301,398,4,4,"[1, 4, 3, 0, 2]",150-400
40,17,22,12,38,13,12,24,1,1,"[1, 4, 3, 0, 2]",10-50
40,17,23,130,160,197,200,136,3,3,"[1, 4, 3, 0, 2]",100-200
40,17,24,199,120,124,132,170,0,0,"[1, 4, 3, 0, 2]",100-200
40,17,25,117,116,88,93,42,0,0,"[1, 4, 3, 0, 2]",40-120
40,17,26,16,26,48,16,19,2,2,"[1, 4, 3, 0, 2]",10-50
40,17,27,97,118,40,90,53,1,1,"[1, 4, 3, 0, 2]",40-120
40,17,28,150,114,161,120,166,2,2,"[1, 4, 3, 0, 2]",100-200
40,17,29,63,99,67,103,90,3,3,"[1, 4, 3, 0, 2]",40-120
40,17,30,21,41,50,36,45,2,2,"[1, 4, 3, 0, 2]",10-50
40,17,31,197,126,131,132,135,0,0,"[1, 4, 3, 0, 2]",100-200
40,17,32,60,90,45,52,94,4,4,"[1, 4, 3, 0, 2]",40-120
40,17,33,59,64,42,52,119,4,4,"[1, 4, 3, 0, 2]",40-120
40,17,34,34,46,43,46,43,1,1,"[1, 4, 3, 0, 2]",10-50
40,17,35,84,72,104,93,83,0,0,"[1, 4, 3, 0, 2]",40-120
40,17,36,205,242,378,311,327,3,3,"[1, 4, 3, 0, 2]",150-400
40,17,37,43,29,25,16,27,0,0,"[1, 4, 3, 0, 2]",10-50
40,17,38,37,38,45,32,28,2,2,"[1, 4, 3, 0, 2]",10-50
40,17,39,46,68,114,50,52,2,2,"[1, 4, 3, 0, 2]",40-120
40,18,0,36,41,28,17,29,1,1,"[2, 3, 4, 1, 0]",10-50
40,18,1,328,400,260,320,334,3,3,"[2, 3, 4, 1, 0]",150-400
40,18,2,120,99,107,69,50,0,0,"[2, 3, 4, 1, 0]",40-120
40,18,3,166,165,193,121,103,2,2,"[2, 3, 4, 1, 0]",100-200
40,18,4,371,253,356,229,251,0,0,"[2, 3, 4, 1, 0]",150-400
40,18,5,45,12,14,24,28,0,0,"[2, 3, 4, 1, 0]",10-50
40,18,6,12,45,13,24,14,1,1,"[2, 3, 4, 1, 0]",10-50
40,18,7,102,185,104,136,171,1,1,"[2, 3, 4, 1, 0]",100-200
40,18,8,79,44,62,60,105,4,4,"[2, 3, 4, 1, 0]",40-120
40,18,9,151,106,120,100,159,0,0,"[2, 3, 4, 1, 0]",100-200
40,18,10,184,161,111,196,176,3,3,"[2, 3, 4, 1, 0]",100-200
40,18,11,85,43,81,84,66,0,0,"[2, 3, 4, 1, 0]",40-120
40,18,12,178,122,174,175,179,3,3,"[2, 3, 4, 1, 0]",100-200
40,18,13,93,60,98,115,90,3,3,"[2, 3, 4, 1, 0]",40-120
40,18,14,49,95,78,53,42,2,2,"[2, 3, 4, 1, 0]",40-120
40,18,15,11,38,26,37,47,3,3,"[2, 3, 4, 1, 0]",10-50
40,18,16,184,102,194,192,131,0,0,"[2, 3, 4, 1, 0]",100-200
40,18,17,173,288,189,303,293,4,4,"[2, 3, 4, 1, 0]",150-400
40,18,18,37,22,50,32,25,2,2,"[2, 3, 4, 1, 0]",10-50
40,18,19,62,96,78,53,60,1,1,"[2, 3, 4, 1, 0]",40-120
40,18,20,235,337,384,311,358,2,2,"[2, 3, 4, 1, 0]",150-400
40,18,21,49,82,114,59,117,4,4,"[2, 3, 4, 1, 0]",40-120
40,18,22,119,101,137,104,123,2,2,"[2, 3, 4, 1, 0]",100-200
40,18,23,40,22,30,25,33,0,0,"[2, 3, 4, 1, 0]",10-50
40,18,24,330,170,229,319,190,2,2,"[2, 3, 4, 1, 0]",150-400
40,18,25,143,185,140,164,107,1,1,"[2, 3, 4, 1, 0]",100-200
40,18,26,258,347,272,200,163,1,1,"[2, 3, 4, 1, 0]",150-400
40,18,27,123,155,135,116,199,4,4,"[2, 3, 4, 1, 0]",100-200
40,18,28,166,118,126,146,194,4,4,"[2, 3, 4, 1, 0]",100-200
40,18,29,20,46,48,39,11,1,1,"[2, 3, 4, 1, 0]",10-50
40,18,30,49,115,73,100,49,3,3,"[2, 3, 4, 1, 0]",40-120
40,18,31,29,42,40,31,45,3,3,"[2, 3, 4, 1, 0]",10-50
40,18,32,83,85,53,66,83,3,3,"[2, 3, 4, 1, 0]",40-120
40,18,33,29,12,33,15,43,4,4,"[2, 3, 4, 1, 0]",10-50
40,18,34,50,40,43,94,108,4,4,"[2, 3, 4, 1, 0]",40-120
40,18,35,102,117,56,102,52,1,1,"[2, 3, 4, 1, 0]",40-120
40,18,36,64,84,105,100,47,2,2,"[2, 3, 4, 1, 0]",40-120
40,18,37,17,13,47,25,28,0,0,"[2, 3, 4, 1, 0]",10-50
40,18,38,13,36,49,37,46,4,4,"[2, 3, 4, 1, 0]",10-50
40,18,39,40,27,48,29,34,2,2,"[2, 3, 4, 1, 0]",10-50
40,19,0,112,52,56,45,63,0,0,"[3, 1, 0, 2, 4]",40-120
40,19,1,13,34,42,39,26,2,2,"[3, 1, 0, 2, 4]",10-50
40,19,2,174,209,388,158,211,2,2,"[3, 1, 0, 2, 4]",150-400
40,19,3,101,42,52,65,106,4,4,"[3, 1, 0, 2, 4]",40-120
40,19,4,38,17,41,23,21,0,2,"[3, 1, 0, 2, 4]",10-50
40,19,5,36,14,39,39,13,2,2,"[3, 1, 0, 2, 4]",10-50
40,19,6,172,135,190,110,132,0,2,"[3, 1, 0, 2, 4]",100-200
40,19,7,112,114,170,154,184,4,4,"[3, 1, 0, 2, 4]",100-200
40,19,8,126,168,140,172,183,1,4,"[3, 1, 0, 2, 4]",100-200
40,19,9,49,18,23,32,11,0,0,"[3, 1, 0, 2, 4]",10-50
40,19,10,32,34,14,14,39,4,4,"[3, 1, 0, 2, 4]",10-50
40,19,11,49,35,17,32,28,1,0,"[3, 1, 0, 2, 4]",10-50
40,19,12,124,104,159,123,137,3,2,"[3, 1, 0, 2, 4]",100-200
40,19,13,110,68,115,62,100,0,0,"[3, 1, 0, 2, 4]",40-120
40,19,14,153,165,140,187,126,3,3,"[3, 1, 0, 2, 4]",100-200
40,19,15,196,323,150,251,333,1,1,"[3, 1, 0, 2, 4]",150-400
40,19,16,152,178,178,135,117,2,1,"[3, 1, 0, 2, 4]",100-200
40,19,17,107,71,50,104,61,3,0,"[3, 1, 0, 2, 4]",40-120
40,19,18,123,141,167,153,163,2,2,"[3, 1, 0, 2, 4]",100-200
40,19,19,47,61,74,57,79,1,4,"[3, 1, 0, 2, 4]",40-120
40,19,20,68,42,57,50,81,0,4,"[3, 1, 0, 2, 4]",40-120
40,19,21,10,27,33,39,28,4,3,"[3, 1, 0, 2, 4]",10-50
40,19,22,326,212,350,290,194,3,0,"[3, 1, 0, 2, 4]",150-400
40,19,23,23,19,36,42,17,3,3,"[3, 1, 0, 2, 4]",10-50
40,19,24,199,381,206,348,356,3,1,"[3, 1, 0, 2, 4]",150-400
40,19,25,157,165,139,185,103,0,3,"[3, 1, 0, 2, 4]",100-200
40,19,26,25,17,47,48,36,3,3,"[3, 1, 0, 2, 4]",10-50
40,19,27,25,48,47,44,49,1,1,"[3, 1, 0, 2, 4]",10-50
40,19,28,111,197,160,133,199,4,1,"[3, 1, 0, 2, 4]",100-200
40,19,29,85,66,88,85,61,2,3,"[3, 1, 0, 2, 4]",40-120
40,19,30,193,274,261,276,167,1,3,"[3, 1, 0, 2, 4]",150-400
40,19,31,17,28,49,50,20,2,3,"[3, 1, 0, 2, 4]",10-50
40,19,32,335,214,254,201,320,0,0,"[3, 1, 0, 2, 4]",150-400
40,19,33,47,48,117,84,70,2,2,"[3, 1, 0, 2, 4]",40-120
40,19,34,57,60,48,98,43,3,3,"[3, 1, 0, 2, 4]",40-120
40,19,35,104,100,62,80,117,1,4,"[3, 1, 0, 2, 4]",40-120
40,19,36,71,57,55,103,111,4,4,"[3, 1, 0, 2, 4]",40-120
40,19,37,39,38,10,46,50,4,4,"[3, 1, 0, 2, 4]",10-50
40,19,38,93,80,48,100,45,1,3,"[3, 1, 0, 2, 4]",40-120
40,19,39,153,125,107,136,184,4,4,"[3, 1, 0, 2, 4]",100-200
40,20,0,77,106,78,49,44,1,1,"[3, 0, 4, 2, 1]",40-120
40,20,1,82,109,110,84,76,2,2,"[3, 0, 4, 2, 1]",40-120
40,20,2,71,46,45,97,83,3,3,"[3, 0, 4, 2, 1]",40-120
40,20,3,27,49,29,12,26,1,1,"[3, 0, 4, 2, 1]",10-50
40,20,4,164,111,108,135,151,4,4,"[3, 0, 4, 2, 1]",100-200
40,20,5,180,147,191,119,162,2,2,"[3, 0, 4, 2, 1]",100-200
40,20,6,118,85,54,57,74,0,0,"[3, 0, 4, 2, 1]",40-120
40,20,7,21,32,34,23,24,0,0,"[3, 0, 4, 2, 1]",10-50
40,20,8,174,139,169,159,120,0,0,"[3, 0, 4, 2, 1]",100-200
40,20,9,195,163,245,187,267,2,2,"[3, 0, 4, 2, 1]",150-400
40,20,10,35,49,14,22,50,4,4,"[3, 0, 4, 2, 1]",10-50
40,20,11,115,168,190,163,102,2,2,"[3, 0, 4, 2, 1]",100-200
40,20,12,40,33,41,13,19,0,0,"[3, 0, 4, 2, 1]",10-50
40,20,13,109,103,181,170,137,3,3,"[3, 0, 4, 2, 1]",100-200
40,20,14,117,136,175,120,121,1,1,"[3, 0, 4, 2, 1]",100-200
40,20,15,61,102,51,59,83,0,0,"[3, 0, 4, 2, 1]",40-120
40,20,16,329,178,234,283,356,3,3,"[3, 0, 4, 2, 1]",150-400
40,20,17,47,68,78,51,84,4,4,"[3, 0, 4, 2, 1]",40-120
40,20,18,171,155,125,172,195,4,4,"[3, 0, 4, 2, 1]",100-200
40,20,19,85,78,79,61,63,2,2,"[3, 0, 4, 2, 1]",40-120
40,20,20,25,21,29,40,38,3,3,"[3, 0, 4, 2, 1]",10-50
40,20,21,20,47,40,36,28,1,1,"[3, 0, 4, 2, 1]",10-50
40,20,22,88,104,71,102,89,3,3,"[3, 0, 4, 2, 1]",40-120
40,20,23,199,371,181,231,155,1,1,"[3, 0, 4, 2, 1]",150-400
40,20,24,19,17,37,19,32,2,2,"[3, 0, 4, 2, 1]",10-50
40,20,25,20,31,16,35,11,3,3,"[3, 0, 4, 2, 1]",10-50
40,20,26,160,138,179,186,193,3,3,"[3, 0, 4, 2, 1]",100-200
40,20,27,61,116,81,79,108,1,1,"[3, 0, 4, 2, 1]",40-120
40,20,28,41,81,92,116,120,4,4,"[3, 0, 4, 2, 1]",40-120
40,20,29,192,169,163,165,133,0,0,"[3, 0, 4, 2, 1]",100-200
40,20,30,10,23,12,22,19,1,1,"[3, 0, 4, 2, 1]",10-50
40,20,31,358,396,159,168,162,0,0,"[3, 0, 4, 2, 1]",150-400
40,20,32,169,356,280,204,377,4,4,"[3, 0, 4, 2, 1]",150-400
40,20,33,171,160,202,272,220,3,3,"[3, 0, 4, 2, 1]",150-400
40,20,34,12,25,28,14,39,4,4,"[3, 0, 4, 2, 1]",10-50
40,20,35,45,91,70,100,104,4,4,"[3, 0, 4, 2, 1]",40-120
40,20,36,25,48,46,44,17,2,2,"[3, 0, 4, 2, 1]",10-50
40,20,37,169,192,111,124,173,1,1,"[3, 0, 4, 2, 1]",100-200
40,20,38,109,112,44,98,62,0,0,"[3, 0, 4, 2, 1]",40-120
40,20,39,40,45,43,18,17,2,2,"[3, 0, 4, 2, 1]",10-50
40,21,0,363,314,236,161,177,0,0,"[2, 3, 0, 1, 4]",150-400
40,21,1,363,307,162,184,200,0,0,"[2, 3, 0, 1, 4]",150-400
40,21,2,45,29,42,18,25,0,0,"[2, 3, 0, 1, 4]",10-50
40,21,3,34,27,32,37,34,4,3,"[2, 3, 0, 1, 4]",10-50
40,21,4,99,55,47,78,120,4,4,"[2, 3, 0, 1, 4]",40-120
40,21,5,35,20,28,28,33,4,0,"[2, 3, 0, 1, 4]",10-50
40,21,6,110,123,151,195,104,3,3,"[2, 3, 0, 1, 4]",100-200
40,21,7,19,29,29,49,11,3,3,"[2, 3, 0, 1, 4]",10-50
40,21,8,24,15,10,39,47,4,4,"[2, 3, 0, 1, 4]",10-50
40,21,9,91,87,84,55,119,0,4,"[2, 3, 0, 1, 4]",40-120
40,21,10,97,91,76,73,63,1,1,"[2, 3, 0, 1, 4]",40-120
40,21,11,40,34,44,46,17,2,3,"[2, 3, 0, 1, 4]",10-50
40,21,12,107,64,120,85,56,2,2,"[2, 3, 0, 1, 4]",40-120
40,21,13,171,134,109,117,149,0,0,"[2, 3, 0, 1, 4]",100-200
40,21,14,121,114,133,112,139,2,4,"[2, 3, 0, 1, 4]",100-200
40,21,15,133,182,180,125,199,4,4,"[2, 3, 0, 1, 4]",100-200
40,21,16,327,153,391,306,188,2,2,"[2, 3, 0, 1, 4]",150-400
40,21,17,46,10,14,12,30,0,0,"[2, 3, 0, 1, 4]",10-50
40,21,18,41,18,43,35,22,2,2,"[2, 3, 0, 1, 4]",10-50
40,21,19,100,146,186,169,173,2,2,"[2, 3, 0, 1, 4]",100-200
40,21,20,24,41,39,17,30,1,1,"[2, 3, 0, 1, 4]",10-50
40,21,21,56,91,67,100,104,1,3,"[2, 3, 0, 1, 4]",40-120
40,21,22,214,360,272,174,181,1,1,"[2, 3, 0, 1, 4]",150-400
40,21,23,109,104,113,121,172,4,4,"[2, 3, 0, 1, 4]",100-200
40,21,24,164,190,102,135,106,1,1,"[2, 3, 0, 1, 4]",100-200
40,21,25,114,58,107,88,87,0,0,"[2, 3, 0, 1, 4]",40-120
40,21,26,192,182,139,168,119,3,1,"[2, 3, 0, 1, 4]",100-200
40,21,27,40,20,32,44,16,3,3,"[2, 3, 0, 1, 4]",10-50
40,21,28,354,209,221,342,292,3,3,"[2, 3, 0, 1, 4]",150-400
40,21,29,114,52,56,40,89,0,0,"[2, 3, 0, 1, 4]",40-120
40,21,30,105,56,42,107,94,3,3,"[2, 3, 0, 1, 4]",40-120
40,21,31,47,62,114,110,91,3,3,"[2, 3, 0, 1, 4]",40-120
40,21,32,103,71,117,101,114,2,2,"[2, 3, 0, 1, 4]",40-120
40,21,33,114,84,81,104,120,4,4,"[2, 3, 0, 1, 4]",40-120
40,21,34,109,161,134,111,197,1,4,"[2, 3, 0, 1, 4]",100-200
40,21,35,189,188,155,162,149,2,1,"[2, 3, 0, 1, 4]",100-200
40,21,36,42,56,102,79,118,3,4,"[2, 3, 0, 1, 4]",40-120
40,21,37,43,38,16,41,19,1,3,"[2, 3, 0, 1, 4]",10-50
40,21,38,44,37,37,32,11,1,0,"[2, 3, 0, 1, 4]",10-50
40,21,39,179,240,327,187,237,4,2,"[2, 3, 0, 1, 4]",150-400
40,22,0,15,37,30,24,25,1,1,"[0, 3, 2, 4, 1]",10-50
40,22,1,79,97,43,94,103,4,4,"[0, 3, 2, 4, 1]",40-120
40,22,2,129,166,145,104,105,2,2,"[0, 3, 2, 4, 1]",100-200
40,22,3,56,62,41,68,92,3,3,"[0, 3, 2, 4, 1]",40-120
40,22,4,321,268,286,153,205,1,1,"[0, 3, 2, 4, 1]",150-400
40,22,5,53,53,84,104,81,3,3,"[0, 3, 2, 4, 1]",40-120
40,22,6,37,28,24,34,18,2,2,"[0, 3, 2, 4, 1]",10-50
40,22,7,31,11,45,29,36,2,2,"[0, 3, 2, 4, 1]",10-50
40,22,8,68,106,110,74,103,0,0,"[0, 3, 2, 4, 1]",40-120
40,22,9,103,195,115,113,190,4,4,"[0, 3, 2, 4, 1]",100-200
40,22,10,192,182,120,144,111,0,0,"[0, 3, 2, 4, 1]",100-200
40,22,11,40,21,36,47,37,4,4,"[0, 3, 2, 4, 1]",10-50
40,22,12,208,233,325,283,196,0,0,"[0, 3, 2, 4, 1]",150-400
40,22,13,165,197,189,119,134,1,1,"[0, 3, 2, 4, 1]",100-200
40,22,14,106,114,71,48,68,1,1,"[0, 3, 2, 4, 1]",40-120
40,22,15,99,63,111,48,73,2,2,"[0, 3, 2, 4, 1]",40-120
40,22,16,184,194,128,161,178,3,3,"[0, 3, 2, 4, 1]",100-200
40,22,17,35,11,41,43,48,4,4,"[0, 3, 2, 4, 1]",10-50
40,22,18,141,192,102,123,124,1,1,"[0, 3, 2, 4, 1]",100-200
40,22,19,34,31,15,47,14,3,3,"[0, 3, 2, 4, 1]",10-50
40,22,20,67,118,75,72,64,1,1,"[0, 3, 2, 4, 1]",40-120
40,22,21,58,81,85,56,51,2,2,"[0, 3, 2, 4, 1]",40-120
40,22,22,29,15,11,21,25,4,4,"[0, 3, 2, 4, 1]",10-50
40,22,23,56,118,112,46,93,2,2,"[0, 3, 2, 4, 1]",40-120
40,22,24,164,195,125,188,175,3,3,"[0, 3, 2, 4, 1]",100-200
40,22,25,50,42,33,37,27,1,1,"[0, 3, 2, 4, 1]",10-50
40,22,26,148,171,143,167,197,4,4,"[0, 3, 2, 4, 1]",100-200
40,22,27,42,34,25,11,10,0,0,"[0, 3, 2, 4, 1]",10-50
40,22,28,313,329,170,227,211,4,4,"[0, 3, 2, 4, 1]",150-400
40,22,29,120,154,194,173,172,2,2,"[0, 3, 2, 4, 1]",100-200
40,22,30,194,193,100,171,173,0,0,"[0, 3, 2, 4, 1]",100-200
40,22,31,180,240,175,345,346,3,3,"[0, 3, 2, 4, 1]",150-400
40,22,32,30,31,35,49,27,3,3,"[0, 3, 2, 4, 1]",10-50
40,22,33,95,51,67,55,106,4,4,"[0, 3, 2, 4, 1]",40-120
40,22,34,23,34,16,44,24,1,1,"[0, 3, 2, 4, 1]",10-50
40,22,35,85,91,66,112,49,3,3,"[0, 3, 2, 4, 1]",40-120
40,22,36,110,72,109,67,64,0,0,"[0, 3, 2, 4, 1]",40-120
40,22,37,353,217,377,307,278,2,2,"[0, 3, 2, 4, 1]",150-400
40,22,38,375,305,366,291,287,0,0,"[0, 3, 2, 4, 1]",150-400
40,22,39,48,26,15,44,13,0,0,"[0, 3, 2, 4, 1]",10-50
40,23,0,86,64,83,98,72,0,3,"[4, 0, 1, 2, 3]",40-120
40,23,1,194,145,148,190,181,4,0,"[4, 0, 1, 2, 3]",100-200
40,23,2,76,78,97,41,50,2,2,"[4, 0, 1, 2, 3]",40-120
40,23,3,21,34,32,15,31,1,1,"[4, 0, 1, 2, 3]",10-50
40,23,4,122,198,153,164,127,1,1,"[4, 0, 1, 2, 3]",100-200
40,23,5,16,22,32,18,15,3,2,"[4, 0, 1, 2, 3]",10-50
40,23,6,91,97,87,50,96,4,4,"[4, 0, 1, 2, 3]",40-120
40,23,7,79,108,58,65,85,1,1,"[4, 0, 1, 2, 3]",40-120
40,23,8,71,72,91,80,86,2,2,"[4, 0, 1, 2, 3]",40-120
40,23,9,101,107,56,85,63,0,1,"[4, 0, 1, 2, 3]",40-120
40,23,10,61,79,91,103,58,3,3,"[4, 0, 1, 2, 3]",40-120
40,23,11,30,18,36,36,16,2,2,"[4, 0, 1, 2, 3]",10-50
40,23,12,21,31,44,26,48,4,4,"[4, 0, 1, 2, 3]",10-50
40,23,13,121,165,103,199,100,3,3,"[4, 0, 1, 2, 3]",100-200
40,23,14,67,50,56,66,87,1,4,"[4, 0, 1, 2, 3]",40-120
40,23,15,10,47,11,50,13,3,3,"[4, 0, 1, 2, 3]",10-50
40,23,16,177,184,168,137,104,0,1,"[4, 0, 1, 2, 3]",100-200
40,23,17,112,145,102,167,122,3,3,"[4, 0, 1, 2, 3]",100-200
40,23,18,355,195,399,153,324,0,2,"[4, 0, 1, 2, 3]",150-400
40,23,19,45,42,29,11,27,1,0,"[4, 0, 1, 2, 3]",10-50
40,23,20,269,317,287,206,296,1,1,"[4, 0, 1, 2, 3]",150-400
40,23,21,297,198,256,293,275,3,0,"[4, 0, 1, 2, 3]",150-400
40,23,22,136,152,142,100,160,1,4,"[4, 0, 1, 2, 3]",100-200
40,23,23,244,231,254,162,323,4,4,"[4, 0, 1, 2, 3]",150-400
40,23,24,198,185,137,161,143,0,0,"[4, 0, 1, 2, 3]",100-200
40,23,25,65,92,54,103,113,3,4,"[4, 0, 1, 2, 3]",40-120
40,23,26,153,139,139,141,178,2,4,"[4, 0, 1, 2, 3]",100-200
40,23,27,47,11,43,24,40,2,0,"[4, 0, 1, 2, 3]",10-50
40,23,28,41,25,40,25,16,0,2,"[4, 0, 1, 2, 3]",10-50
40,23,29,48,44,24,47,32,0,0,"[4, 0, 1, 2, 3]",10-50
40,23,30,119,87,104,52,57,0,0,"[4, 0, 1, 2, 3]",40-120
40,23,31,268,307,268,329,278,2,3,"[4, 0, 1, 2, 3]",150-400
40,23,32,30,36,19,47,11,3,3,"[4, 0, 1, 2, 3]",10-50
40,23,33,44,19,23,36,33,4,0,"[4, 0, 1, 2, 3]",10-50
40,23,34,319,358,335,293,332,4,2,"[4, 0, 1, 2, 3]",150-400
40,23,35,189,108,174,185,165,2,0,"[4, 0, 1, 2, 3]",100-200
40,23,36,33,15,45,46,37,2,2,"[4, 0, 1, 2, 3]",10-50
40,23,37,111,83,51,88,117,4,4,"[4, 0, 1, 2, 3]",40-120
40,23,38,44,118,70,81,80,1,1,"[4, 0, 1, 2, 3]",40-120
40,23,39,151,109,111,154,139,4,3,"[4, 0, 1, 2, 3]",100-200
40,24,0,26,36,46,34,32,2,2,"[1, 4, 0, 3, 2]",10-50
40,24,1,44,19,38,23,14,0,0,"[1, 4, 0, 3, 2]",10-50
40,24,2,45,47,33,48,24,3,3,"[1, 4, 0, 3, 2]",10-50
40,24,3,22,33,40,28,18,2,2,"[1, 4, 0, 3, 2]",10-50
40,24,4,41,11,29,48,33,3,3,"[1, 4, 0, 3, 2]",10-50
40,24,5,101,69,41,45,104,4,0,"[1, 4, 0, 3, 2]",40-120
40,24,6,118,99,115,117,40,0,2,"[1, 4, 0, 3, 2]",40-120
40,24,7,106,88,89,91,69,1,0,"[1, 4, 0, 3, 2]",40-120
40,24,8,85,67,78,45,118,4,4,"[1, 4, 0, 3, 2]",40-120
40,24,9,11,17,27,37,47,4,4,"[1, 4, 0, 3, 2]",10-50
40,24,10,136,106,180,176,195,2,4,"[1, 4, 0, 3, 2]",100-200
40,24,11,221,200,186,375,389,4,3,"[1, 4, 0, 3, 2]",150-400
40,24,12,187,203,352,165,327,2,2,"[1, 4, 0, 3, 2]",150-400
40,24,13,179,346,162,188,196,1,1,"[1, 4, 0, 3, 2]",150-400
40,24,14,191,117,151,145,126,0,0,"[1, 4, 0, 3, 2]",100-200
40,24,15,28,27,20,33,32,3,3,"[1, 4, 0, 3, 2]",10-50
40,24,16,62,77,89,57,43,0,2,"[1, 4, 0, 3, 2]",40-120
40,24,17,107,112,67,77,109,1,1,"[1, 4, 0, 3, 2]",40-120
40,24,18,94,60,104,75,88,2,2,"[1, 4, 0, 3, 2]",40-120
40,24,19,19,30,40,24,40,4,2,"[1, 4, 0, 3, 2]",10-50
40,24,20,60,81,63,117,92,3,3,"[1, 4, 0, 3, 2]",40-120
40,24,21,315,274,269,203,331,0,4,"[1, 4, 0, 3, 2]",150-400
40,24,22,168,178,112,129,170,4,1,"[1, 4, 0, 3, 2]",100-200
40,24,23,198,191,148,151,172,1,0,"[1, 4, 0, 3, 2]",100-200
40,24,24,276,363,275,324,154,1,1,"[1, 4, 0, 3, 2]",150-400
40,24,25,93,76,71,98,44,3,3,"[1, 4, 0, 3, 2]",40-120
40,24,26,184,110,168,126,197,4,4,"[1, 4, 0, 3, 2]",100-200
40,24,27,34,43,45,19,13,1,2,"[1, 4, 0, 3, 2]",10-50
40,24,28,199,170,127,171,103,0,0,"[1, 4, 0, 3, 2]",100-200
40,24,29,147,181,161,115,169,2,1,"[1, 4, 0, 3, 2]",100-200
40,24,30,34,17,47,32,47,2,2,"[1, 4, 0, 3, 2]",10-50
40,24,31,107,94,95,70,73,1,0,"[1, 4, 0, 3, 2]",40-120
40,24,32,111,78,55,46,41,0,0,"[1, 4, 0, 3, 2]",40-120
40,24,33,164,161,152,164,165,3,3,"[1, 4, 0, 3, 2]",100-200
40,24,34,260,286,192,232,362,3,4,"[1, 4, 0, 3, 2]",150-400
40,24,35,101,109,133,124,126,4,2,"[1, 4, 0, 3, 2]",100-200
40,24,36,44,15,10,37,32,0,0,"[1, 4, 0, 3, 2]",10-50
40,24,37,10,43,23,36,25,1,1,"[1, 4, 0, 3, 2]",10-50
40,24,38,170,157,118,178,186,3,3,"[1, 4, 0, 3, 2]",100-200
40,24,39,100,68,103,93,94,2,2,"[1, 4, 0, 3, 2]",40-120
40,25,0,130,158,146,162,179,3,4,"[4, 2, 1, 0, 3]",100-200
40,25,1,119,166,187,149,152,2,2,"[4, 2, 1, 0, 3]",100-200
40,25,2,45,95,41,83,69,1,1,"[4, 2, 1, 0, 3]",40-120
40,25,3,67,96,65,112,106,3,3,"[4, 2, 1, 0, 3]",40-120
40,25,4,20,15,16,20,45,4,4,"[4, 2, 1, 0, 3]",10-50
40,25,5,13,50,45,34,46,4,1,"[4, 2, 1, 0, 3]",10-50
40,25,6,101,53,109,111,105,2,2,"[4, 2, 1, 0, 3]",40-120
40,25,7,198,141,113,179,181,0,0,"[4, 2, 1, 0, 3]",100-200
40,25,8,377,355,315,347,331,1,0,"[4, 2, 1, 0, 3]",150-400
40,25,9,14,16,20,33,25,1,3,"[4, 2, 1, 0, 3]",10-50
40,25,10,38,43,35,17,38,2,1,"[4, 2, 1, 0, 3]",10-50
40,25,11,193,155,128,107,179,0,0,"[4, 2, 1, 0, 3]",100-200
40,25,12,135,160,195,125,136,2,2,"[4, 2, 1, 0, 3]",100-200
40,25,13,187,109,124,105,151,4,0,"[4, 2, 1, 0, 3]",100-200
40,25,14,50,36,50,47,21,2,2,"[4, 2, 1, 0, 3]",10-50
40,25,15,43,118,65,55,81,1,1,"[4, 2, 1, 0, 3]",40-120
40,25,16,360,280,348,353,215,0,3,"[4, 2, 1, 0, 3]",150-400
40,25,17,154,162,146,173,134,3,3,"[4, 2, 1, 0, 3]",100-200
40,25,18,27,16,16,46,27,0,3,"[4, 2, 1, 0, 3]",10-50
40,25,19,90,54,107,85,69,2,2,"[4, 2, 1, 0, 3]",40-120
40,25,20,262,315,384,186,240,2,2,"[4, 2, 1, 0, 3]",150-400
40,25,21,19,40,19,32,45,1,4,"[4, 2, 1, 0, 3]",10-50
40,25,22,108,191,177,128,199,1,1,"[4, 2, 1, 0, 3]",100-200
40,25,23,36,26,15,49,35,3,3,"[4, 2, 1, 0, 3]",10-50
40,25,24,105,87,75,77,72,0,0,"[4, 2, 1, 0, 3]",40-120
40,25,25,164,151,260,181,386,4,4,"[4, 2, 1, 0, 3]",150-400
40,25,26,47,31,36,27,20,0,0,"[4, 2, 1, 0, 3]",10-50
40,25,27,175,350,243,292,204,4,1,"[4, 2, 1, 0, 3]",150-400
40,25,28,96,105,93,106,85,1,1,"[4, 2, 1, 0, 3]",40-120
40,25,29,95,99,67,85,50,3,1,"[4, 2, 1, 0, 3]",40-120
40,25,30,107,97,98,93,85,0,2,"[4, 2, 1, 0, 3]",40-120
40,25,31,47,35,10,12,18,0,0,"[4, 2, 1, 0, 3]",10-50
40,25,32,20,11,19,47,28,3,3,"[4, 2, 1, 0, 3]",10-50
40,25,33,70,66,94,68,100,4,4,"[4, 2, 1, 0, 3]",40-120
40,25,34,176,140,119,153,180,4,4,"[4, 2, 1, 0, 3]",100-200
40,25,35,45,73,50,58,97,3,4,"[4, 2, 1, 0, 3]",40-120
40,25,36,76,68,45,112,110,4,4,"[4, 2, 1, 0, 3]",40-120
40,25,37,43,35,23,17,11,2,0,"[4, 2, 1, 0, 3]",10-50
40,25,38,193,229,321,341,261,3,3,"[4, 2, 1, 0, 3]",150-400
40,25,39,146,176,163,148,132,1,1,"[4, 2, 1, 0, 3]",100-200
40,26,0,40,21,31,35,46,4,4,"[1, 0, 2, 3, 4]",10-50
40,26,1,152,199,114,160,110,1,1,"[1, 0, 2, 3, 4]",100-200
40,26,2,116,105,107,148,124,4,3,"[1, 0, 2, 3, 4]",100-200
40,26,3,41,43,37,45,14,0,3,"[1, 0, 2, 3, 4]",10-50
40,26,4,64,57,65,52,40,2,0,"[1, 0, 2, 3, 4]",40-120
40,26,5,40,31,24,47,39,3,3,"[1, 0, 2, 3, 4]",10-50
40,26,6,137,183,113,131,101,1,1,"[1, 0, 2, 3, 4]",100-200
40,26,7,85,80,83,103,67,3,3,"[1, 0, 2, 3, 4]",40-120
40,26,8,104,66,109,94,117,4,4,"[1, 0, 2, 3, 4]",40-120
40,26,9,44,31,45,13,40,0,0,"[1, 0, 2, 3, 4]",10-50
40,26,10,89,90,42,72,41,0,1,"[1, 0, 2, 3, 4]",40-120
40,26,11,260,285,391,204,300,1,2,"[1, 0, 2, 3, 4]",150-400
40,26,12,106,118,168,149,167,2,2,"[1, 0, 2, 3, 4]",100-200
40,26,13,44,14,33,18,50,4,4,"[1, 0, 2, 3, 4]",10-50
40,26,14,44,46,48,19,31,2,1,"[1, 0, 2, 3, 4]",10-50
40,26,15,39,23,30,47,21,3,3,"[1, 0, 2, 3, 4]",10-50
40,26,16,169,185,172,281,283,0,4,"[1, 0, 2, 3, 4]",150-400
40,26,17,169,157,121,118,146,0,0,"[1, 0, 2, 3, 4]",100-200
40,26,18,22,25,48,10,26,2,2,"[1, 0, 2, 3, 4]",10-50
40,26,19,62,78,118,95,92,2,2,"[1, 0, 2, 3, 4]",40-120
40,26,20,79,91,46,113,95,3,3,"[1, 0, 2, 3, 4]",40-120
40,26,21,120,162,140,127,102,1,1,"[1, 0, 2, 3, 4]",100-200
40,26,22,27,30,15,42,21,3,3,"[1, 0, 2, 3, 4]",10-50
40,26,23,113,101,55,69,99,0,0,"[1, 0, 2, 3, 4]",40-120
40,26,24,53,118,117,113,83,2,1,"[1, 0, 2, 3, 4]",40-120
40,26,25,111,78,42,52,100,4,0,"[1, 0, 2, 3, 4]",40-120
40,26,26,307,214,230,338,279,3,0,"[1, 0, 2, 3, 4]",150-400
40,26,27,63,95,80,80,76,1,1,"[1, 0, 2, 3, 4]",40-120
40,26,28,137,118,105,165,163,3,4,"[1, 0, 2, 3, 4]",100-200
40,26,29,28,50,32,26,10,1,1,"[1, 0, 2, 3, 4]",10-50
40,26,30,195,260,278,152,380,4,4,"[1, 0, 2, 3, 4]",150-400
40,26,31,162,118,162,114,121,2,0,"[1, 0, 2, 3, 4]",100-200
40,26,32,70,120,67,79,57,1,1,"[1, 0, 2, 3, 4]",40-120
40,26,33,117,86,83,94,71,0,0,"[1, 0, 2, 3, 4]",40-120
40,26,34,134,154,108,172,174,4,4,"[1, 0, 2, 3, 4]",100-200
40,26,35,36,34,30,42,17,4,3,"[1, 0, 2, 3, 4]",10-50
40,26,36,364,260,384,367,237,0,2,"[1, 0, 2, 3, 4]",150-400
40,26,37,44,45,19,31,13,1,1,"[1, 0, 2, 3, 4]",10-50
40,26,38,156,154,130,197,114,3,3,"[1, 0, 2, 3, 4]",100-200
40,26,39,313,203,346,372,281,2,3,"[1, 0, 2, 3, 4]",150-400
40,27,0,88,99,101,111,59,3,3,"[0, 1, 2, 4, 3]",40-120
40,27,1,24,27,15,31,43,4,4,"[0, 1, 2, 4, 3]",10-50
40,27,2,97,120,45,118,50,1,1,"[0, 1, 2, 4, 3]",40-120
40,27,3,142,177,138,101,166,1,1,"[0, 1, 2, 4, 3]",100-200
40,27,4,43,98,91,49,89,4,4,"[0, 1, 2, 4, 3]",40-120
40,27,5,245,282,226,194,351,4,4,"[0, 1, 2, 4, 3]",150-400
40,27,6,64,57,88,57,83,1,1,"[0, 1, 2, 4, 3]",40-120
40,27,7,43,29,39,26,19,0,0,"[0, 1, 2, 4, 3]",10-50
40,27,8,98,80,66,102,72,3,3,"[0, 1, 2, 4, 3]",40-120
40,27,9,214,370,355,336,205,1,1,"[0, 1, 2, 4, 3]",150-400
40,27,10,107,71,92,64,67,0,0,"[0, 1, 2, 4, 3]",40-120
40,27,11,79,58,109,99,53,2,2,"[0, 1, 2, 4, 3]",40-120
40,27,12,165,129,135,122,114,0,0,"[0, 1, 2, 4, 3]",100-200
40,27,13,338,283,374,235,274,2,2,"[0, 1, 2, 4, 3]",150-400
40,27,14,113,192,163,159,132,1,1,"[0, 1, 2, 4, 3]",100-200
40,27,15,141,111,103,123,129,3,3,"[0, 1, 2, 4, 3]",100-200
40,27,16,17,11,43,29,43,2,2,"[0, 1, 2, 4, 3]",10-50
40,27,17,272,182,245,234,345,0,0,"[0, 1, 2, 4, 3]",150-400
40,27,18,44,104,96,91,91,2,2,"[0, 1, 2, 4, 3]",40-120
40,27,19,39,41,38,14,27,3,3,"[0, 1, 2, 4, 3]",10-50
40,27,20,42,44,23,31,41,1,1,"[0, 1, 2, 4, 3]",10-50
40,27,21,43,26,50,29,50,4,4,"[0, 1, 2, 4, 3]",10-50
40,27,22,31,27,37,19,32,4,4,"[0, 1, 2, 4, 3]",10-50
40,27,23,199,106,141,170,176,4,4,"[0, 1, 2, 4, 3]",100-200
40,27,24,68,43,93,64,84,2,2,"[0, 1, 2, 4, 3]",40-120
40,27,25,348,322,294,254,387,0,0,"[0, 1, 2, 4, 3]",150-400
40,27,26,118,63,97,77,80,0,0,"[0, 1, 2, 4, 3]",40-120
40,27,27,53,107,51,76,102,4,4,"[0, 1, 2, 4, 3]",40-120
40,27,28,31,18,50,39,17,2,2,"[0, 1, 2, 4, 3]",10-50
40,27,29,165,130,200,184,186,2,2,"[0, 1, 2, 4, 3]",100-200
40,27,30,18,43,46,25,41,1,1,"[0, 1, 2, 4, 3]",10-50
40,27,31,186,369,324,284,227,3,3,"[0, 1, 2, 4, 3]",150-400
40,27,32,76,112,78,81,66,1,1,"[0, 1, 2, 4, 3]",40-120
40,27,33,48,49,19,12,41,0,0,"[0, 1, 2, 4, 3]",10-50
40,27,34,17,30,35,32,29,3,3,"[0, 1, 2, 4, 3]",10-50
40,27,35,11,26,35,45,24,3,3,"[0, 1, 2, 4, 3]",10-50
40,27,36,137,139,101,117,133,0,0,"[0, 1, 2, 4, 3]",100-200
40,27,37,146,147,122,131,154,4,4,"[0, 1, 2, 4, 3]",100-200
40,27,38,152,153,189,155,138,3,3,"[0, 1, 2, 4, 3]",100-200
40,27,39,148,121,196,129,144,2,2,"[0, 1, 2, 4, 3]",100-200
40,28,0,170,157,112,125,151,0,0,"[1, 0, 4, 3, 2]",100-200
40,28,1,37,11,44,40,49,4,4,"[1, 0, 4, 3, 2]",10-50
40,28,2,15,20,32,41,35,3,3,"[1, 0, 4, 3, 2]",10-50
40,28,3,358,247,300,342,186,0,0,"[1, 0, 4, 3, 2]",150-400
40,28,4,37,42,22,48,11,3,3,"[1, 0, 4, 3, 2]",10-50
40,28,5,47,20,23,40,41,0,0,"[1, 0, 4, 3, 2]",10-50
40,28,6,50,74,82,98,76,3,3,"[1, 0, 4, 3, 2]",40-120
40,28,7,178,184,178,173,221,0,0,"[1, 0, 4, 3, 2]",150-400
40,28,8,112,138,139,186,182,3,3,"[1, 0, 4, 3, 2]",100-200
40,28,9,10,38,10,26,43,1,1,"[1, 0, 4, 3, 2]",10-50
40,28,10,78,47,97,105,82,3,3,"[1, 0, 4, 3, 2]",40-120
40,28,11,41,42,95,82,62,2,2,"[1, 0, 4, 3, 2]",40-120
40,28,12,110,133,185,104,187,4,4,"[1, 0, 4, 3, 2]",100-200
40,28,13,243,181,382,281,304,3,3,"[1, 0, 4, 3, 2]",150-400
40,28,14,15,47,45,20,44,2,2,"[1, 0, 4, 3, 2]",10-50
40,28,15,79,48,95,85,102,4,4,"[1, 0, 4, 3, 2]",40-120
40,28,16,114,56,61,120,56,0,0,"[1, 0, 4, 3, 2]",40-120
40,28,17,152,100,163,109,112,2,2,"[1, 0, 4, 3, 2]",100-200
40,28,18,161,163,109,161,128,1,1,"[1, 0, 4, 3, 2]",100-200
40,28,19,100,186,193,196,175,3,3,"[1, 0, 4, 3, 2]",100-200
40,28,20,56,87,49,58,56,4,4,"[1, 0, 4, 3, 2]",40-120
40,28,21,30,25,13,41,45,4,4,"[1, 0, 4, 3, 2]",10-50
40,28,22,165,198,133,118,169,1,1,"[1, 0, 4, 3, 2]",100-200
40,28,23,74,91,58,56,45,0,0,"[1, 0, 4, 3, 2]",40-120
40,28,24,107,112,191,100,158,2,2,"[1, 0, 4, 3, 2]",100-200
40,28,25,14,29,36,25,26,2,2,"[1, 0, 4, 3, 2]",10-50
40,28,26,87,40,99,40,98,2,2,"[1, 0, 4, 3, 2]",40-120
40,28,27,22,19,27,17,38,3,3,"[1, 0, 4, 3, 2]",10-50
40,28,28,105,174,181,134,172,1,1,"[1, 0, 4, 3, 2]",100-200
40,28,29,84,87,62,57,111,0,0,"[1, 0, 4, 3, 2]",40-120
40,28,30,30,26,24,15,25,2,2,"[1, 0, 4, 3, 2]",10-50
40,28,31,223,274,296,164,291,2,2,"[1, 0, 4, 3, 2]",150-400
40,28,32,278,203,286,295,330,4,4,"[1, 0, 4, 3, 2]",150-400
40,28,33,40,41,30,34,33,1,1,"[1, 0, 4, 3, 2]",10-50
40,28,34,82,116,63,55,72,1,1,"[1, 0, 4, 3, 2]",40-120
40,28,35,62,93,76,52,50,1,1,"[1, 0, 4, 3, 2]",40-120
40,28,36,34,10,15,11,20,0,0,"[1, 0, 4, 3, 2]",10-50
40,28,37,277,302,372,226,389,1,1,"[1, 0, 4, 3, 2]",150-400
40,28,38,170,155,131,109,199,4,4,"[1, 0, 4, 3, 2]",100-200
40,28,39,88,117,119,62,119,4,4,"[1, 0, 4, 3, 2]",40-120
40,29,0,20,41,46,32,37,2,2,"[4, 3, 0, 1, 2]",10-50
40,29,1,170,324,222,228,224,4,1,"[4, 3, 0, 1, 2]",150-400
40,29,2,11,27,40,18,24,2,2,"[4, 3, 0, 1, 2]",10-50
40,29,3,183,329,291,382,170,1,3,"[4, 3, 0, 1, 2]",150-400
40,29,4,46,38,45,31,43,0,0,"[4, 3, 0, 1, 2]",10-50
40,29,5,115,191,113,121,102,1,1,"[4, 3, 0, 1, 2]",100-200
40,29,6,385,358,242,394,338,3,3,"[4, 3, 0, 1, 2]",150-400
40,29,7,165,150,148,167,106,0,0,"[4, 3, 0, 1, 2]",100-200
40,29,8,99,52,82,109,77,3,3,"[4, 3, 0, 1, 2]",40-120
40,29,9,111,120,50,65,40,1,1,"[4, 3, 0, 1, 2]",40-120
40,29,10,14,16,17,48,32,3,3,"[4, 3, 0, 1, 2]",10-50
40,29,11,81,112,81,84,101,4,1,"[4, 3, 0, 1, 2]",40-120
40,29,12,40,86,75,85,59,1,3,"[4, 3, 0, 1, 2]",40-120
40,29,13,60,113,63,80,66,1,1,"[4, 3, 0, 1, 2]",40-120
40,29,14,129,183,130,112,147,4,1,"[4, 3, 0, 1, 2]",100-200
40,29,15,358,251,262,232,245,2,0,"[4, 3, 0, 1, 2]",150-400
40,29,16,112,78,82,112,97,0,0,"[4, 3, 0, 1, 2]",40-120
40,29,17,142,135,183,163,114,2,2,"[4, 3, 0, 1, 2]",100-200
40,29,18,25,11,15,36,19,3,3,"[4, 3, 0, 1, 2]",10-50
40,29,19,106,76,79,118,58,3,3,"[4, 3, 0, 1, 2]",40-120
40,29,20,18,14,15,13,13,1,0,"[4, 3, 0, 1, 2]",10-50
40,29,21,156,142,143,186,174,3,4,"[4, 3, 0, 1, 2]",100-200
40,29,22,119,155,155,131,130,0,2,"[4, 3, 0, 1, 2]",100-200
40,29,23,66,84,96,63,56,2,2,"[4, 3, 0, 1, 2]",40-120
40,29,24,102,109,104,58,75,2,2,"[4, 3, 0, 1, 2]",40-120
40,29,25,124,149,112,155,139,3,4,"[4, 3, 0, 1, 2]",100-200
40,29,26,388,248,351,178,358,0,0,"[4, 3, 0, 1, 2]",150-400
40,29,27,26,31,39,48,36,1,3,"[4, 3, 0, 1, 2]",10-50
40,29,28,43,37,15,44,26,0,0,"[4, 3, 0, 1, 2]",10-50
40,29,29,39,19,21,41,48,4,4,"[4, 3, 0, 1, 2]",10-50
40,29,30,109,147,183,121,134,2,2,"[4, 3, 0, 1, 2]",100-200
40,29,31,32,12,24,23,47,2,4,"[4, 3, 0, 1, 2]",10-50
40,29,32,112,187,177,147,112,3,2,"[4, 3, 0, 1, 2]",100-200
40,29,33,113,70,118,67,54,0,2,"[4, 3, 0, 1, 2]",40-120
40,29,34,146,195,102,180,108,1,1,"[4, 3, 0, 1, 2]",100-200
40,29,35,78,80,58,106,111,4,4,"[4, 3, 0, 1, 2]",40-120
40,29,36,11,20,38,10,50,4,4,"[4, 3, 0, 1, 2]",10-50
40,29,37,37,18,12,26,13,0,0,"[4, 3, 0, 1, 2]",10-50
40,29,38,228,191,206,206,376,4,4,"[4, 3, 0, 1, 2]",150-400
40,29,39,82,90,106,96,118,4,4,"[4, 3, 0, 1, 2]",40-120
40,30,0,365,322,296,366,229,1,3,"[1, 4, 0, 3, 2]",150-400
40,30,1,83,40,94,99,77,3,3,"[1, 4, 0, 3, 2]",40-120
40,30,2,15,13,13,18,11,3,3,"[1, 4, 0, 3, 2]",10-50
40,30,3,159,281,153,273,303,1,4,"[1, 4, 0, 3, 2]",150-400
40,30,4,52,109,94,54,102,1,1,"[1, 4, 0, 3, 2]",40-120
40,30,5,152,101,129,100,156,4,4,"[1, 4, 0, 3, 2]",100-200
40,30,6,144,153,127,117,147,3,1,"[1, 4, 0, 3, 2]",100-200
40,30,7,187,134,100,141,199,4,4,"[1, 4, 0, 3, 2]",100-200
40,30,8,27,11,46,47,33,3,2,"[1, 4, 0, 3, 2]",10-50
40,30,9,89,72,109,102,44,0,2,"[1, 4, 0, 3, 2]",40-120
40,30,10,36,23,27,17,37,4,4,"[1, 4, 0, 3, 2]",10-50
40,30,11,208,163,188,389,333,3,3,"[1, 4, 0, 3, 2]",150-400
40,30,12,43,42,36,45,30,2,3,"[1, 4, 0, 3, 2]",10-50
40,30,13,39,45,25,10,17,2,1,"[1, 4, 0, 3, 2]",10-50
40,30,14,80,62,47,54,79,4,0,"[1, 4, 0, 3, 2]",40-120
40,30,15,44,42,15,20,42,0,1,"[1, 4, 0, 3, 2]",10-50
40,30,16,50,98,93,90,62,1,1,"[1, 4, 0, 3, 2]",40-120
40,30,17,31,46,36,40,47,4,1,"[1, 4, 0, 3, 2]",10-50
40,30,18,76,108,116,59,80,2,2,"[1, 4, 0, 3, 2]",40-120
40,30,19,186,191,195,146,114,2,2,"[1, 4, 0, 3, 2]",100-200
40,30,20,139,191,187,176,118,1,1,"[1, 4, 0, 3, 2]",100-200
40,30,21,79,49,73,66,70,0,0,"[1, 4, 0, 3, 2]",40-120
40,30,22,34,47,13,10,28,1,1,"[1, 4, 0, 3, 2]",10-50
40,30,23,183,179,128,143,113,0,1,"[1, 4, 0, 3, 2]",100-200
40,30,24,164,143,107,192,128,3,3,"[1, 4, 0, 3, 2]",100-200
40,30,25,36,32,43,46,32,3,3,"[1, 4, 0, 3, 2]",10-50
40,30,26,10,32,44,43,19,2,2,"[1, 4, 0, 3, 2]",10-50
40,30,27,51,62,43,41,94,4,4,"[1, 4, 0, 3, 2]",40-120
40,30,28,378,211,213,356,162,0,0,"[1, 4, 0, 3, 2]",150-400
40,30,29,65,91,59,64,47,1,1,"[1, 4, 0, 3, 2]",40-120
40,30,30,179,158,146,113,110,2,0,"[1, 4, 0, 3, 2]",100-200
40,30,31,105,47,47,105,69,3,0,"[1, 4, 0, 3, 2]",40-120
40,30,32,40,73,106,78,83,2,2,"[1, 4, 0, 3, 2]",40-120
40,30,33,167,137,186,163,200,4,2,"[1, 4, 0, 3, 2]",100-200
40,30,34,16,50,22,33,42,1,1,"[1, 4, 0, 3, 2]",10-50
40,30,35,41,25,17,32,32,0,0,"[1, 4, 0, 3, 2]",10-50
40,30,36,199,105,100,109,130,0,0,"[1, 4, 0, 3, 2]",100-200
40,30,37,314,261,221,373,388,4,4,"[1, 4, 0, 3, 2]",150-400
40,30,38,212,187,309,321,150,2,2,"[1, 4, 0, 3, 2]",150-400
40,30,39,109,101,45,43,62,0,0,"[1, 4, 0, 3, 2]",40-120
40,31,0,49,96,103,73,77,4,2,"[3, 0, 2, 1, 4]",40-120
40,31,1,144,133,188,175,136,3,3,"[3, 0, 2, 1, 4]",100-200
40,31,2,357,263,396,216,198,0,2,"[3, 0, 2, 1, 4]",150-400
40,31,3,198,243,278,246,361,4,4,"[3, 0, 2, 1, 4]",150-400
40,31,4,176,176,116,170,105,0,3,"[3, 0, 2, 1, 4]",100-200
40,31,5,100,102,161,150,185,4,4,"[3, 0, 2, 1, 4]",100-200
40,31,6,399,169,356,364,263,3,0,"[3, 0, 2, 1, 4]",150-400
40,31,7,112,55,107,109,117,4,3,"[3, 0, 2, 1, 4]",40-120
40,31,8,32,16,12,30,22,4,0,"[3, 0, 2, 1, 4]",10-50
40,31,9,30,42,14,43,26,3,3,"[3, 0, 2, 1, 4]",10-50
40,31,10,24,38,40,42,43,1,4,"[3, 0, 2, 1, 4]",10-50
40,31,11,46,12,23,28,18,0,0,"[3, 0, 2, 1, 4]",10-50
40,31,12,103,53,81,46,71,0,0,"[3, 0, 2, 1, 4]",40-120
40,31,13,117,187,119,193,165,3,3,"[3, 0, 2, 1, 4]",100-200
40,31,14,11,44,24,22,27,1,1,"[3, 0, 2, 1, 4]",10-50
40,31,15,64,106,41,63,69,3,1,"[3, 0, 2, 1, 4]",40-120
40,31,16,70,84,63,47,57,2,1,"[3, 0, 2, 1, 4]",40-120
40,31,17,30,36,36,17,14,2,1,"[3, 0, 2, 1, 4]",10-50
40,31,18,199,368,184,159,184,1,1,"[3, 0, 2, 1, 4]",150-400
40,31,19,56,63,117,57,51,2,2,"[3, 0, 2, 1, 4]",40-120
40,31,20,74,116,79,85,56,1,1,"[3, 0, 2, 1, 4]",40-120
40,31,21,108,41,57,78,65,0,0,"[3, 0, 2, 1, 4]",40-120
40,31,22,106,50,41,50,59,0,0,"[3, 0, 2, 1, 4]",40-120
40,31,23,41,91,70,118,89,3,3,"[3, 0, 2, 1, 4]",40-120
40,31,24,103,165,132,136,112,3,1,"[3, 0, 2, 1, 4]",100-200
40,31,25,137,181,160,121,176,1,1,"[3, 0, 2, 1, 4]",100-200
40,31,26,343,179,215,187,231,0,0,"[3, 0, 2, 1, 4]",150-400
40,31,27,30,17,18,19,39,4,4,"[3, 0, 2, 1, 4]",10-50
40,31,28,46,14,34,43,21,3,0,"[3, 0, 2, 1, 4]",10-50
40,31,29,18,23,18,33,28,1,3,"[3, 0, 2, 1, 4]",10-50
40,31,30,164,136,198,156,174,2,2,"[3, 0, 2, 1, 4]",100-200
40,31,31,32,11,43,10,44,2,4,"[3, 0, 2, 1, 4]",10-50
40,31,32,102,110,72,53,109,4,4,"[3, 0, 2, 1, 4]",40-120
40,31,33,263,292,308,161,389,2,4,"[3, 0, 2, 1, 4]",150-400
40,31,34,130,127,198,174,161,2,3,"[3, 0, 2, 1, 4]",100-200
40,31,35,36,27,31,42,36,0,3,"[3, 0, 2, 1, 4]",10-50
40,31,36,13,22,50,47,48,4,3,"[3, 0, 2, 1, 4]",10-50
40,31,37,172,180,187,108,152,1,2,"[3, 0, 2, 1, 4]",100-200
40,31,38,103,108,49,71,94,1,1,"[3, 0, 2, 1, 4]",40-120
40,31,39,103,159,172,118,109,2,2,"[3, 0, 2, 1, 4]",100-200
40,32,0,42,39,45,42,11,2,2,"[2, 1, 3, 0, 4]",10-50
40,32,1,110,65,68,69,83,0,0,"[2, 1, 3, 0, 4]",40-120
40,32,2,326,384,315,322,222,1,1,"[2, 1, 3, 0, 4]",150-400
40,32,3,397,236,160,380,262,3,3,"[2, 1, 3, 0, 4]",150-400
40,32,4,122,103,134,122,197,4,4,"[2, 1, 3, 0, 4]",100-200
40,32,5,171,197,174,139,146,0,0,"[2, 1, 3, 0, 4]",100-200
40,32,6,73,48,117,116,90,3,3,"[2, 1, 3, 0, 4]",40-120
40,32,7,67,72,49,72,50,1,1,"[2, 1, 3, 0, 4]",40-120
40,32,8,82,45,47,55,47,3,3,"[2, 1, 3, 0, 4]",40-120
40,32,9,16,40,15,44,32,3,3,"[2, 1, 3, 0, 4]",10-50
40,32,10,394,384,221,261,295,0,0,"[2, 1, 3, 0, 4]",150-400
40,32,11,50,36,28,45,14,0,0,"[2, 1, 3, 0, 4]",10-50
40,32,12,190,199,152,164,172,1,1,"[2, 1, 3, 0, 4]",100-200
40,32,13,35,48,41,38,29,1,1,"[2, 1, 3, 0, 4]",10-50
40,32,14,94,108,51,64,99,4,4,"[2, 1, 3, 0, 4]",40-120
40,32,15,392,276,152,158,197,1,1,"[2, 1, 3, 0, 4]",150-400
40,32,16,154,142,108,109,191,4,4,"[2, 1, 3, 0, 4]",100-200
40,32,17,43,20,19,42,41,3,3,"[2, 1, 3, 0, 4]",10-50
40,32,18,44,20,12,39,37,0,0,"[2, 1, 3, 0, 4]",10-50
40,32,19,47,99,84,82,79,2,2,"[2, 1, 3, 0, 4]",40-120
40,32,20,46,19,13,36,49,4,4,"[2, 1, 3, 0, 4]",10-50
40,32,21,113,61,108,60,54,2,2,"[2, 1, 3, 0, 4]",40-120
40,32,22,336,393,384,323,192,2,2,"[2, 1, 3, 0, 4]",150-400
40,32,23,121,175,166,152,163,2,2,"[2, 1, 3, 0, 4]",100-200
40,32,24,117,46,100,46,54,0,0,"[2, 1, 3, 0, 4]",40-120
40,32,25,109,108,111,197,135,3,3,"[2, 1, 3, 0, 4]",100-200
40,32,26,112,93,99,94,99,3,3,"[2, 1, 3, 0, 4]",40-120
40,32,27,86,112,106,116,94,1,1,"[2, 1, 3, 0, 4]",40-120
40,32,28,114,77,59,106,118,4,4,"[2, 1, 3, 0, 4]",40-120
40,32,29,191,149,188,123,166,0,0,"[2, 1, 3, 0, 4]",100-200
40,32,30,112,198,190,165,153,2,2,"[2, 1, 3, 0, 4]",100-200
40,32,31,103,116,41,115,116,1,1,"[2, 1, 3, 0, 4]",40-120
40,32,32,17,19,39,26,49,4,4,"[2, 1, 3, 0, 4]",10-50
40,32,33,46,25,42,23,32,0,0,"[2, 1, 3, 0, 4]",10-50
40,32,34,34,27,12,29,12,4,4,"[2, 1, 3, 0, 4]",10-50
40,32,35,143,192,125,199,177,3,3,"[2, 1, 3, 0, 4]",100-200
40,32,36,105,198,193,136,152,2,2,"[2, 1, 3, 0, 4]",100-200
40,32,37,42,33,32,40,46,2,2,"[2, 1, 3, 0, 4]",10-50
40,32,38,27,40,24,36,48,1,1,"[2, 1, 3, 0, 4]",10-50
40,32,39,268,354,280,167,353,4,4,"[2, 1, 3, 0, 4]",150-400
40,33,0,222,183,288,345,378,3,3,"[1, 4, 3, 0, 2]",150-400
40,33,1,127,127,173,199,117,3,3,"[1, 4, 3, 0, 2]",100-200
40,33,2,67,42,85,97,94,3,3,"[1, 4, 3, 0, 2]",40-120
40,33,3,102,40,87,117,44,3,3,"[1, 4, 3, 0, 2]",40-120
40,33,4,160,197,139,130,190,4,4,"[1, 4, 3, 0, 2]",100-200
40,33,5,289,349,251,397,396,4,4,"[1, 4, 3, 0, 2]",150-400
40,33,6,48,40,26,26,41,0,0,"[1, 4, 3, 0, 2]",10-50
40,33,7,115,173,124,105,143,1,1,"[1, 4, 3, 0, 2]",100-200
40,33,8,111,164,161,101,180,4,4,"[1, 4, 3, 0, 2]",100-200
40,33,9,44,51,116,76,56,2,2,"[1, 4, 3, 0, 2]",40-120
40,33,10,200,124,163,127,151,0,0,"[1, 4, 3, 0, 2]",100-200
40,33,11,38,22,37,12,45,2,2,"[1, 4, 3, 0, 2]",10-50
40,33,12,32,46,18,23,42,1,1,"[1, 4, 3, 0, 2]",10-50
40,33,13,48,15,21,33,50,4,4,"[1, 4, 3, 0, 2]",10-50
40,33,14,228,353,268,315,178,1,1,"[1, 4, 3, 0, 2]",150-400
40,33,15,117,77,92,63,47,0,0,"[1, 4, 3, 0, 2]",40-120
40,33,16,17,15,33,25,14,3,3,"[1, 4, 3, 0, 2]",10-50
40,33,17,111,181,125,175,140,1,1,"[1, 4, 3, 0, 2]",100-200
40,33,18,279,150,336,170,366,2,2,"[1, 4, 3, 0, 2]",150-400
40,33,19,32,20,30,26,50,4,4,"[1, 4, 3, 0, 2]",10-50
40,33,20,22,23,20,32,37,1,1,"[1, 4, 3, 0, 2]",10-50
40,33,21,328,276,162,331,391,0,0,"[1, 4, 3, 0, 2]",150-400
40,33,22,127,173,132,139,151,0,0,"[1, 4, 3, 0, 2]",100-200
40,33,23,92,54,69,54,78,4,4,"[1, 4, 3, 0, 2]",40-120
40,33,24,70,42,90,57,59,3,3,"[1, 4, 3, 0, 2]",40-120
40,33,25,154,167,199,113,187,2,2,"[1, 4, 3, 0, 2]",100-200
40,33,26,42,12,19,22,46,0,0,"[1, 4, 3, 0, 2]",10-50
40,33,27,107,108,70,78,54,0,0,"[1, 4, 3, 0, 2]",40-120
40,33,28,182,160,121,190,143,3,3,"[1, 4, 3, 0, 2]",100-200
40,33,29,198,259,306,302,230,1,1,"[1, 4, 3, 0, 2]",150-400
40,33,30,17,10,47,26,19,2,2,"[1, 4, 3, 0, 2]",10-50
40,33,31,43,35,48,30,28,0,0,"[1, 4, 3, 0, 2]",10-50
40,33,32,83,108,101,80,110,4,4,"[1, 4, 3, 0, 2]",40-120
40,33,33,109,105,154,132,174,2,2,"[1, 4, 3, 0, 2]",100-200
40,33,34,96,104,116,46,49,2,2,"[1, 4, 3, 0, 2]",40-120
40,33,35,39,49,49,17,13,2,2,"[1, 4, 3, 0, 2]",10-50
40,33,36,66,112,91,46,55,1,1,"[1, 4, 3, 0, 2]",40-120
40,33,37,60,96,50,75,108,1,1,"[1, 4, 3, 0, 2]",40-120
40,33,38,12,32,32,47,31,3,3,"[1, 4, 3, 0, 2]",10-50
40,33,39,95,92,52,81,117,4,4,"[1, 4, 3, 0, 2]",40-120
40,34,0,189,129,129,163,123,1,0,"[1, 4, 3, 2, 0]",100-200
40,34,1,44,49,49,48,35,2,3,"[1, 4, 3, 2, 0]",10-50
40,34,2,105,157,115,195,168,3,3,"[1, 4, 3, 2, 0]",100-200
40,34,3,128,187,192,127,179,2,4,"[1, 4, 3, 2, 0]",100-200
40,34,4,240,400,271,380,194,1,1,"[1, 4, 3, 2, 0]",150-400
40,34,5,336,201,352,321,290,0,2,"[1, 4, 3, 2, 0]",150-400
40,34,6,120,93,115,99,113,0,0,"[1, 4, 3, 2, 0]",40-120
40,34,7,46,51,44,100,97,4,4,"[1, 4, 3, 2, 0]",40-120
40,34,8,175,365,363,336,178,3,1,"[1, 4, 3, 2, 0]",150-400
40,34,9,348,390,387,273,205,2,1,"[1, 4, 3, 2, 0]",150-400
40,34,10,179,173,165,134,173,2,4,"[1, 4, 3, 2, 0]",100-200
40,34,11,49,27,11,30,15,0,0,"[1, 4, 3, 2, 0]",10-50
40,34,12,86,90,91,105,116,4,4,"[1, 4, 3, 2, 0]",40-120
40,34,13,158,200,159,152,191,1,4,"[1, 4, 3, 2, 0]",100-200
40,34,14,42,44,23,34,40,3,0,"[1, 4, 3, 2, 0]",10-50
40,34,15,129,106,135,114,190,4,4,"[1, 4, 3, 2, 0]",100-200
40,34,16,49,29,14,19,22,0,0,"[1, 4, 3, 2, 0]",10-50
40,34,17,70,55,118,111,52,3,2,"[1, 4, 3, 2, 0]",40-120
40,34,18,31,15,29,22,24,4,0,"[1, 4, 3, 2, 0]",10-50
40,34,19,52,113,54,78,72,1,1,"[1, 4, 3, 2, 0]",40-120
40,34,20,48,77,87,87,42,3,3,"[1, 4, 3, 2, 0]",40-120
40,34,21,41,78,99,58,87,2,2,"[1, 4, 3, 2, 0]",40-120
40,34,22,39,39,47,23,36,2,2,"[1, 4, 3, 2, 0]",10-50
40,34,23,35,49,13,48,24,1,3,"[1, 4, 3, 2, 0]",10-50
40,34,24,24,41,39,32,18,3,2,"[1, 4, 3, 2, 0]",10-50
40,34,25,82,46,58,101,101,0,4,"[1, 4, 3, 2, 0]",40-120
40,34,26,192,190,183,142,162,1,0,"[1, 4, 3, 2, 0]",100-200
40,34,27,95,40,116,69,106,4,2,"[1, 4, 3, 2, 0]",40-120
40,34,28,200,183,102,163,160,0,0,"[1, 4, 3, 2, 0]",100-200
40,34,29,117,101,178,186,158,3,3,"[1, 4, 3, 2, 0]",100-200
40,34,30,21,38,30,13,18,2,1,"[1, 4, 3, 2, 0]",10-50
40,34,31,46,73,101,110,51,3,3,"[1, 4, 3, 2, 0]",40-120
40,34,32,48,49,15,18,10,1,0,"[1, 4, 3, 2, 0]",10-50
40,34,33,50,27,36,40,46,0,0,"[1, 4, 3, 2, 0]",10-50
40,34,34,200,172,115,134,128,0,0,"[1, 4, 3, 2, 0]",100-200
40,34,35,185,384,319,397,368,4,3,"[1, 4, 3, 2, 0]",150-400
40,34,36,80,48,117,89,60,2,2,"[1, 4, 3, 2, 0]",40-120
40,34,37,187,165,267,155,200,4,2,"[1, 4, 3, 2, 0]",150-400
40,34,38,80,91,53,102,65,1,3,"[1, 4, 3, 2, 0]",40-120
40,34,39,28,30,39,47,49,4,4,"[1, 4, 3, 2, 0]",10-50
40,35,0,44,45,30,22,38,0,0,"[1, 4, 2, 3, 0]",10-50
40,35,1,31,39,30,40,31,3,3,"[1, 4, 2, 3, 0]",10-50
40,35,2,87,57,112,105,91,2,2,"[1, 4, 2, 3, 0]",40-120
40,35,3,35,34,44,13,42,1,1,"[1, 4, 2, 3, 0]",10-50
40,35,4,163,130,149,126,155,0,0,"[1, 4, 2, 3, 0]",100-200
40,35,5,156,173,346,195,230,2,2,"[1, 4, 2, 3, 0]",150-400
40,35,6,363,330,321,192,325,0,0,"[1, 4, 2, 3, 0]",150-400
40,35,7,355,380,231,391,177,1,1,"[1, 4, 2, 3, 0]",150-400
40,35,8,33,22,50,29,29,2,2,"[1, 4, 2, 3, 0]",10-50
40,35,9,41,50,16,35,47,1,1,"[1, 4, 2, 3, 0]",10-50
40,35,10,101,183,143,178,169,1,1,"[1, 4, 2, 3, 0]",100-200
40,35,11,102,59,65,75,74,0,0,"[1, 4, 2, 3, 0]",40-120
40,35,12,40,71,100,83,70,2,2,"[1, 4, 2, 3, 0]",40-120
40,35,13,102,50,89,65,71,4,4,"[1, 4, 2, 3, 0]",40-120
40,35,14,104,58,79,92,114,4,4,"[1, 4, 2, 3, 0]",40-120
40,35,15,115,161,140,189,190,4,4,"[1, 4, 2, 3, 0]",100-200
40,35,16,157,116,178,108,188,4,4,"[1, 4, 2, 3, 0]",100-200
40,35,17,13,30,22,33,25,3,3,"[1, 4, 2, 3, 0]",10-50
40,35,18,361,157,187,251,180,3,3,"[1, 4, 2, 3, 0]",150-400
40,35,19,109,67,87,87,86,3,3,"[1, 4, 2, 3, 0]",40-120
40,35,20,119,45,56,102,44,3,3,"[1, 4, 2, 3, 0]",40-120
40,35,21,54,117,89,49,66,1,1,"[1, 4, 2, 3, 0]",40-120
40,35,22,67,64,103,62,86,2,2,"[1, 4, 2, 3, 0]",40-120
40,35,23,150,138,169,150,119,3,3,"[1, 4, 2, 3, 0]",100-200
40,35,24,115,88,96,95,70,0,0,"[1, 4, 2, 3, 0]",40-120
40,35,25,26,21,26,18,24,0,0,"[1, 4, 2, 3, 0]",10-50
40,35,26,155,138,187,168,150,2,2,"[1, 4, 2, 3, 0]",100-200
40,35,27,34,16,44,30,49,4,4,"[1, 4, 2, 3, 0]",10-50
40,35,28,345,333,233,351,267,3,3,"[1, 4, 2, 3, 0]",150-400
40,35,29,104,179,197,168,186,2,2,"[1, 4, 2, 3, 0]",100-200
40,35,30,324,286,389,222,335,4,4,"[1, 4, 2, 3, 0]",150-400
40,35,31,29,29,30,25,46,4,4,"[1, 4, 2, 3, 0]",10-50
40,35,32,188,134,102,183,116,0,0,"[1, 4, 2, 3, 0]",100-200
40,35,33,85,92,79,63,60,1,1,"[1, 4, 2, 3, 0]",40-120
40,35,34,125,154,159,112,107,1,1,"[1, 4, 2, 3, 0]",100-200
40,35,35,36,20,16,27,34,3,3,"[1, 4, 2, 3, 0]",10-50
40,35,36,113,90,77,71,88,4,4,"[1, 4, 2, 3, 0]",40-120
40,35,37,40,13,33,13,12,0,0,"[1, 4, 2, 3, 0]",10-50
40,35,38,125,164,121,178,179,1,1,"[1, 4, 2, 3, 0]",100-200
40,35,39,26,26,30,11,43,2,2,"[1, 4, 2, 3, 0]",10-50
40,36,0,173,103,153,194,193,4,4,"[3, 2, 1, 0, 4]",100-200
40,36,1,46,45,18,24,48,4,4,"[3, 2, 1, 0, 4]",10-50
40,36,2,116,56,70,84,106,0,0,"[3, 2, 1, 0, 4]",40-120
40,36,3,198,153,140,128,142,0,0,"[3, 2, 1, 0, 4]",100-200
40,36,4,347,266,172,199,400,1,1,"[3, 2, 1, 0, 4]",150-400
40,36,5,318,274,366,319,355,2,2,"[3, 2, 1, 0, 4]",150-400
40,36,6,82,49,118,119,69,2,2,"[3, 2, 1, 0, 4]",40-120
40,36,7,19,15,11,13,44,4,4,"[3, 2, 1, 0, 4]",10-50
40,36,8,31,42,25,15,34,1,1,"[3, 2, 1, 0, 4]",10-50
40,36,9,197,165,190,179,187,2,2,"[3, 2, 1, 0, 4]",100-200
40,36,10,253,205,179,261,258,0,0,"[3, 2, 1, 0, 4]",150-400
40,36,11,155,238,363,246,235,3,3,"[3, 2, 1, 0, 4]",150-400
40,36,12,107,78,109,67,104,2,2,"[3, 2, 1, 0, 4]",40-120
40,36,13,58,68,89,42,70,2,2,"[3, 2, 1, 0, 4]",40-120
40,36,14,20,28,41,28,41,2,2,"[3, 2, 1, 0, 4]",10-50
40,36,15,46,92,116,61,120,4,4,"[3, 2, 1, 0, 4]",40-120
40,36,16,20,29,12,41,36,3,3,"[3, 2, 1, 0, 4]",10-50
40,36,17,41,29,18,32,41,0,0,"[3, 2, 1, 0, 4]",10-50
40,36,18,161,147,113,158,164,4,4,"[3, 2, 1, 0, 4]",100-200
40,36,19,169,199,130,108,114,1,1,"[3, 2, 1, 0, 4]",100-200
40,36,20,12,40,21,41,38,4,4,"[3, 2, 1, 0, 4]",10-50
40,36,21,123,181,109,118,157,1,1,"[3, 2, 1, 0, 4]",100-200
40,36,22,81,52,57,43,65,1,1,"[3, 2, 1, 0, 4]",40-120
40,36,23,44,89,74,47,48,1,1,"[3, 2, 1, 0, 4]",40-120
40,36,24,22,24,48,20,45,2,2,"[3, 2, 1, 0, 4]",10-50
40,36,25,18,45,36,11,33,1,1,"[3, 2, 1, 0, 4]",10-50
40,36,26,96,45,77,45,72,4,4,"[3, 2, 1, 0, 4]",40-120
40,36,27,31,41,19,48,11,3,3,"[3, 2, 1, 0, 4]",10-50
40,36,28,149,100,119,187,102,3,3,"[3, 2, 1, 0, 4]",100-200
40,36,29,117,101,64,79,110,0,0,"[3, 2, 1, 0, 4]",40-120
40,36,30,115,114,113,118,82,1,1,"[3, 2, 1, 0, 4]",40-120
40,36,31,30,23,29,13,20,0,0,"[3, 2, 1, 0, 4]",10-50
40,36,32,202,175,169,211,323,4,4,"[3, 2, 1, 0, 4]",150-400
40,36,33,109,97,86,104,68,3,3,"[3, 2, 1, 0, 4]",40-120
40,36,34,117,134,188,162,193,2,2,"[3, 2, 1, 0, 4]",100-200
40,36,35,178,107,150,163,103,3,3,"[3, 2, 1, 0, 4]",100-200
40,36,36,195,153,103,183,118,0,0,"[3, 2, 1, 0, 4]",100-200
40,36,37,110,56,107,103,41,3,3,"[3, 2, 1, 0, 4]",40-120
40,36,38,49,16,32,30,46,0,0,"[3, 2, 1, 0, 4]",10-50
40,36,39,310,215,230,371,368,3,3,"[3, 2, 1, 0, 4]",150-400
40,37,0,113,186,199,107,121,1,2,"[2, 4, 0, 3, 1]",100-200
40,37,1,23,29,31,31,26,1,1,"[2, 4, 0, 3, 1]",10-50
40,37,2,220,333,249,224,267,1,1,"[2, 4, 0, 3, 1]",150-400
40,37,3,48,91,112,90,110,2,4,"[2, 4, 0, 3, 1]",40-120
40,37,4,82,82,118,49,46,2,2,"[2, 4, 0, 3, 1]",40-120
40,37,5,195,147,183,193,150,3,3,"[2, 4, 0, 3, 1]",100-200
40,37,6,37,17,42,25,33,2,2,"[2, 4, 0, 3, 1]",10-50
40,37,7,49,11,16,28,37,4,0,"[2, 4, 0, 3, 1]",10-50
40,37,8,106,102,46,106,120,4,4,"[2, 4, 0, 3, 1]",40-120
40,37,9,179,147,104,144,175,4,4,"[2, 4, 0, 3, 1]",100-200
40,37,10,118,106,96,77,86,1,0,"[2, 4, 0, 3, 1]",40-120
40,37,11,381,183,351,277,283,0,0,"[2, 4, 0, 3, 1]",150-400
40,37,12,139,124,111,148,110,0,3,"[2, 4, 0, 3, 1]",100-200
40,37,13,188,113,157,163,150,2,0,"[2, 4, 0, 3, 1]",100-200
40,37,14,71,45,59,63,84,0,4,"[2, 4, 0, 3, 1]",40-120
40,37,15,116,83,75,120,40,3,3,"[2, 4, 0, 3, 1]",40-120
40,37,16,50,22,40,35,18,0,0,"[2, 4, 0, 3, 1]",10-50
40,37,17,14,32,20,40,11,3,3,"[2, 4, 0, 3, 1]",10-50
40,37,18,88,61,41,52,117,4,4,"[2, 4, 0, 3, 1]",40-120
40,37,19,169,116,156,184,111,3,3,"[2, 4, 0, 3, 1]",100-200
40,37,20,49,13,24,36,36,4,0,"[2, 4, 0, 3, 1]",10-50
40,37,21,33,33,13,21,20,0,1,"[2, 4, 0, 3, 1]",10-50
40,37,22,24,48,37,24,16,1,1,"[2, 4, 0, 3, 1]",10-50
40,37,23,70,50,97,68,78,2,2,"[2, 4, 0, 3, 1]",40-120
40,37,24,10,23,38,15,19,2,2,"[2, 4, 0, 3, 1]",10-50
40,37,25,144,183,105,131,109,1,1,"[2, 4, 0, 3, 1]",100-200
40,37,26,21,18,28,49,36,3,3,"[2, 4, 0, 3, 1]",10-50
40,37,27,44,42,10,46,23,1,3,"[2, 4, 0, 3, 1]",10-50
40,37,28,336,316,378,174,248,2,2,"[2, 4, 0, 3, 1]",150-400
40,37,29,43,34,16,47,36,3,3,"[2, 4, 0, 3, 1]",10-50
40,37,30,40,68,46,87,117,3,4,"[2, 4, 0, 3, 1]",40-120
40,37,31,390,313,390,159,179,2,2,"[2, 4, 0, 3, 1]",150-400
40,37,32,80,77,65,42,45,1,1,"[2, 4, 0, 3, 1]",40-120
40,37,33,170,148,129,116,166,0,4,"[2, 4, 0, 3, 1]",100-200
40,37,34,197,158,180,180,167,0,3,"[2, 4, 0, 3, 1]",100-200
40,37,35,154,327,186,305,205,3,1,"[2, 4, 0, 3, 1]",150-400
40,37,36,387,187,207,331,321,4,0,"[2, 4, 0, 3, 1]",150-400
40,37,37,117,103,110,113,77,0,3,"[2, 4, 0, 3, 1]",40-120
40,37,38,114,158,150,117,167,4,4,"[2, 4, 0, 3, 1]",100-200
40,37,39,94,49,73,84,90,4,4,"[2, 4, 0, 3, 1]",40-120
40,38,0,105,99,85,112,98,3,3,"[3, 1, 2, 0, 4]",40-120
40,38,1,129,192,169,124,199,1,1,"[3, 1, 2, 0, 4]",100-200
40,38,2,71,93,54,62,90,4,4,"[3, 1, 2, 0, 4]",40-120
40,38,3,118,44,40,101,86,3,3,"[3, 1, 2, 0, 4]",40-120
40,38,4,52,116,102,72,45,1,1,"[3, 1, 2, 0, 4]",40-120
40,38,5,116,78,118,65,76,2,2,"[3, 1, 2, 0, 4]",40-120
40,38,6,255,252,303,280,279,3,3,"[3, 1, 2, 0, 4]",150-400
40,38,7,37,42,16,49,24,3,3,"[3, 1, 2, 0, 4]",10-50
40,38,8,59,83,110,105,108,2,2,"[3, 1, 2, 0, 4]",40-120
40,38,9,22,29,42,45,10,3,3,"[3, 1, 2, 0, 4]",10-50
40,38,10,300,190,372,218,337,4,4,"[3, 1, 2, 0, 4]",150-400
40,38,11,118,87,86,99,90,1,1,"[3, 1, 2, 0, 4]",40-120
40,38,12,167,129,102,158,183,4,4,"[3, 1, 2, 0, 4]",100-200
40,38,13,50,13,22,47,11,0,0,"[3, 1, 2, 0, 4]",10-50
40,38,14,14,28,14,43,50,4,4,"[3, 1, 2, 0, 4]",10-50
40,38,15,168,127,132,149,124,0,0,"[3, 1, 2, 0, 4]",100-200
40,38,16,150,368,316,345,385,3,3,"[3, 1, 2, 0, 4]",150-400
40,38,17,160,102,196,149,143,2,2,"[3, 1, 2, 0, 4]",100-200
40,38,18,127,183,121,103,133,1,1,"[3, 1, 2, 0, 4]",100-200
40,38,19,45,21,47,28,30,0,0,"[3, 1, 2, 0, 4]",10-50
40,38,20,87,102,53,106,42,1,1,"[3, 1, 2, 0, 4]",40-120
40,38,21,50,51,97,71,86,2,2,"[3, 1, 2, 0, 4]",40-120
40,38,22,17,14,31,12,35,4,4,"[3, 1, 2, 0, 4]",10-50
40,38,23,102,140,177,184,102,3,3,"[3, 1, 2, 0, 4]",100-200
40,38,24,164,172,133,191,170,4,4,"[3, 1, 2, 0, 4]",100-200
40,38,25,79,98,81,80,120,4,4,"[3, 1, 2, 0, 4]",40-120
40,38,26,282,209,385,343,284,2,2,"[3, 1, 2, 0, 4]",150-400
40,38,27,120,79,112,52,110,0,0,"[3, 1, 2, 0, 4]",40-120
40,38,28,120,45,75,54,53,0,0,"[3, 1, 2, 0, 4]",40-120
40,38,29,141,130,133,193,113,3,3,"[3, 1, 2, 0, 4]",100-200
40,38,30,42,27,24,20,19,0,0,"[3, 1, 2, 0, 4]",10-50
40,38,31,37,12,48,18,33,2,2,"[3, 1, 2, 0, 4]",10-50
40,38,32,45,28,36,24,27,2,2,"[3, 1, 2, 0, 4]",10-50
40,38,33,14,40,19,26,22,1,1,"[3, 1, 2, 0, 4]",10-50
40,38,34,37,24,32,17,41,4,4,"[3, 1, 2, 0, 4]",10-50
40,38,35,179,125,108,110,146,0,0,"[3, 1, 2, 0, 4]",100-200
40,38,36,126,168,191,134,162,2,2,"[3, 1, 2, 0, 4]",100-200
40,38,37,346,204,376,338,395,0,0,"[3, 1, 2, 0, 4]",150-400
40,38,38,26,40,25,40,37,1,1,"[3, 1, 2, 0, 4]",10-50
40,38,39,399,311,316,285,262,1,1,"[3, 1, 2, 0, 4]",150-400
40,39,0,39,20,42,49,44,3,3,"[1, 2, 4, 3, 0]",10-50
40,39,1,47,33,32,40,47,4,0,"[1, 2, 4, 3, 0]",10-50
40,39,2,192,190,143,122,171,1,1,"[1, 2, 4, 3, 0]",100-200
40,39,3,85,60,104,111,53,3,3,"[1, 2, 4, 3, 0]",40-120
40,39,4,117,64,104,74,57,2,0,"[1, 2, 4, 3, 0]",40-120
40,39,5,242,268,189,191,208,1,1,"[1, 2, 4, 3, 0]",150-400
40,39,6,50,27,19,31,43,0,0,"[1, 2, 4, 3, 0]",10-50
40,39,7,108,52,118,41,117,2,2,"[1, 2, 4, 3, 0]",40-120
40,39,8,130,141,102,120,123,1,1,"[1, 2, 4, 3, 0]",100-200
40,39,9,313,239,351,179,207,0,2,"[1, 2, 4, 3, 0]",150-400
40,39,10,162,197,146,192,107,3,3,"[1, 2, 4, 3, 0]",100-200
40,39,11,209,347,367,339,356,2,2,"[1, 2, 4, 3, 0]",150-400
40,39,12,10,26,22,13,26,4,1,"[1, 2, 4, 3, 0]",10-50
40,39,13,259,350,306,283,386,4,4,"[1, 2, 4, 3, 0]",150-400
40,39,14,20,41,47,39,24,2,2,"[1, 2, 4, 3, 0]",10-50
40,39,15,369,347,367,365,278,3,3,"[1, 2, 4, 3, 0]",150-400
40,39,16,100,120,67,93,45,1,1,"[1, 2, 4, 3, 0]",40-120
40,39,17,195,118,132,133,126,0,0,"[1, 2, 4, 3, 0]",100-200
40,39,18,46,39,17,21,46,0,0,"[1, 2, 4, 3, 0]",10-50
40,39,19,188,100,156,129,170,2,0,"[1, 2, 4, 3, 0]",100-200
40,39,20,47,22,45,47,20,3,3,"[1, 2, 4, 3, 0]",10-50
40,39,21,201,390,266,352,396,1,4,"[1, 2, 4, 3, 0]",150-400
40,39,22,90,78,88,57,112,4,4,"[1, 2, 4, 3, 0]",40-120
40,39,23,104,114,81,85,105,4,1,"[1, 2, 4, 3, 0]",40-120
40,39,24,194,172,103,126,105,0,0,"[1, 2, 4, 3, 0]",100-200
40,39,25,91,54,69,68,76,4,0,"[1, 2, 4, 3, 0]",40-120
40,39,26,164,127,126,154,124,3,0,"[1, 2, 4, 3, 0]",100-200
40,39,27,48,57,104,80,85,2,2,"[1, 2, 4, 3, 0]",40-120
40,39,28,191,108,168,193,128,2,3,"[1, 2, 4, 3, 0]",100-200
40,39,29,28,15,36,16,11,3,2,"[1, 2, 4, 3, 0]",10-50
40,39,30,14,50,27,21,25,1,1,"[1, 2, 4, 3, 0]",10-50
40,39,31,25,49,41,28,17,1,1,"[1, 2, 4, 3, 0]",10-50
40,39,32,154,137,155,146,191,4,4,"[1, 2, 4, 3, 0]",100-200
40,39,33,61,77,68,68,56,1,1,"[1, 2, 4, 3, 0]",40-120
40,39,34,63,91,92,99,44,3,3,"[1, 2, 4, 3, 0]",40-120
40,39,35,118,75,118,64,59,0,2,"[1, 2, 4, 3, 0]",40-120
40,39,36,14,40,25,10,23,0,1,"[1, 2, 4, 3, 0]",10-50
40,39,37,109,106,53,80,54,0,0,"[1, 2, 4, 3, 0]",40-120
40,39,38,135,119,102,151,186,4,4,"[1, 2, 4, 3, 0]",100-200
40,39,39,26,22,49,15,44,2,2,"[1, 2, 4, 3, 0]",10-50
40,40,0,194,186,114,199,108,0,0,"[3, 1, 2, 4, 0]",100-200
40,40,1,17,40,18,16,15,1,1,"[3, 1, 2, 4, 0]",10-50
40,40,2,78,87,62,105,84,3,3,"[3, 1, 2, 4, 0]",40-120
40,40,3,278,358,232,347,325,4,1,"[3, 1, 2, 4, 0]",150-400
40,40,4,33,17,23,42,29,3,3,"[3, 1, 2, 4, 0]",10-50
40,40,5,157,339,272,172,253,2,1,"[3, 1, 2, 4, 0]",150-400
40,40,6,166,177,133,179,138,4,3,"[3, 1, 2, 4, 0]",100-200
40,40,7,63,117,41,113,96,1,3,"[3, 1, 2, 4, 0]",40-120
40,40,8,80,58,65,115,111,3,4,"[3, 1, 2, 4, 0]",40-120
40,40,9,45,40,35,17,41,4,0,"[3, 1, 2, 4, 0]",10-50
40,40,10,86,58,91,82,119,4,4,"[3, 1, 2, 4, 0]",40-120
40,40,11,47,25,42,15,32,0,0,"[3, 1, 2, 4, 0]",10-50
40,40,12,28,44,11,42,30,3,1,"[3, 1, 2, 4, 0]",10-50
40,40,13,11,28,21,21,20,0,1,"[3, 1, 2, 4, 0]",10-50
40,40,14,122,193,164,119,183,1,4,"[3, 1, 2, 4, 0]",100-200
40,40,15,126,101,182,180,193,4,4,"[3, 1, 2, 4, 0]",100-200
40,40,16,111,103,113,99,92,0,2,"[3, 1, 2, 4, 0]",40-120
40,40,17,131,180,149,126,121,1,1,"[3, 1, 2, 4, 0]",100-200
40,40,18,37,12,18,25,32,4,0,"[3, 1, 2, 4, 0]",10-50
40,40,19,79,86,82,93,95,0,4,"[3, 1, 2, 4, 0]",40-120
40,40,20,109,46,107,70,48,2,0,"[3, 1, 2, 4, 0]",40-120
40,40,21,108,115,121,144,112,3,3,"[3, 1, 2, 4, 0]",100-200
40,40,22,22,48,35,22,17,1,1,"[3, 1, 2, 4, 0]",10-50
40,40,23,157,168,198,137,184,2,2,"[3, 1, 2, 4, 0]",100-200
40,40,24,168,364,342,355,328,1,2,"[3, 1, 2, 4, 0]",150-400
40,40,25,101,114,117,113,48,2,2,"[3, 1, 2, 4, 0]",40-120
40,40,26,125,147,133,120,100,0,1,"[3, 1, 2, 4, 0]",100-200
40,40,27,132,144,181,147,165,2,2,"[3, 1, 2, 4, 0]",100-200
40,40,28,115,118,146,181,128,3,3,"[3, 1, 2, 4, 0]",100-200
40,40,29,335,166,256,211,150,3,0,"[3, 1, 2, 4, 0]",150-400
40,40,30,51,55,93,65,108,4,4,"[3, 1, 2, 4, 0]",40-120
40,40,31,39,37,36,37,30,0,0,"[3, 1, 2, 4, 0]",10-50
40,40,32,306,190,206,389,267,3,3,"[3, 1, 2, 4, 0]",150-400
40,40,33,38,15,22,42,48,4,4,"[3, 1, 2, 4, 0]",10-50
40,40,34,41,105,81,72,102,1,4,"[3, 1, 2, 4, 0]",40-120
40,40,35,72,78,106,44,102,1,2,"[3, 1, 2, 4, 0]",40-120
40,40,36,340,231,246,219,289,0,0,"[3, 1, 2, 4, 0]",150-400
40,40,37,47,46,85,66,89,2,4,"[3, 1, 2, 4, 0]",40-120
40,40,38,15,10,34,36,41,2,4,"[3, 1, 2, 4, 0]",10-50
40,40,39,20,35,40,25,17,2,2,"[3, 1, 2, 4, 0]",10-50
40,41,0,181,104,199,197,167,2,2,"[4, 1, 2, 0, 3]",100-200
40,41,1,33,50,18,12,22,1,1,"[4, 1, 2, 0, 3]",10-50
40,41,2,111,103,161,199,197,3,4,"[4, 1, 2, 0, 3]",100-200
40,41,3,137,130,143,107,141,2,2,"[4, 1, 2, 0, 3]",100-200
40,41,4,117,61,61,59,85,0,0,"[4, 1, 2, 0, 3]",40-120
40,41,5,178,111,166,117,118,0,0,"[4, 1, 2, 0, 3]",100-200
40,41,6,93,58,53,111,112,3,4,"[4, 1, 2, 0, 3]",40-120
40,41,7,22,35,40,38,34,4,2,"[4, 1, 2, 0, 3]",10-50
40,41,8,109,65,115,61,65,2,2,"[4, 1, 2, 0, 3]",40-120
40,41,9,34,35,20,28,27,0,1,"[4, 1, 2, 0, 3]",10-50
40,41,10,50,100,67,63,115,4,4,"[4, 1, 2, 0, 3]",40-120
40,41,11,33,21,15,45,29,3,3,"[4, 1, 2, 0, 3]",10-50
40,41,12,365,337,178,334,173,0,0,"[4, 1, 2, 0, 3]",150-400
40,41,13,342,390,334,265,400,4,4,"[4, 1, 2, 0, 3]",150-400
40,41,14,45,50,25,39,11,0,1,"[4, 1, 2, 0, 3]",10-50
40,41,15,174,174,132,156,100,0,1,"[4, 1, 2, 0, 3]",100-200
40,41,16,81,69,105,75,50,1,2,"[4, 1, 2, 0, 3]",40-120
40,41,17,103,89,80,72,102,4,0,"[4, 1, 2, 0, 3]",40-120
40,41,18,128,100,163,173,164,4,3,"[4, 1, 2, 0, 3]",100-200
40,41,19,18,50,22,22,25,1,1,"[4, 1, 2, 0, 3]",10-50
40,41,20,130,145,101,199,161,3,3,"[4, 1, 2, 0, 3]",100-200
40,41,21,10,35,50,30,12,2,2,"[4, 1, 2, 0, 3]",10-50
40,41,22,90,81,41,91,66,3,0,"[4, 1, 2, 0, 3]",40-120
40,41,23,170,346,164,204,352,1,4,"[4, 1, 2, 0, 3]",150-400
40,41,24,62,101,77,95,79,1,1,"[4, 1, 2, 0, 3]",40-120
40,41,25,255,181,346,321,248,4,2,"[4, 1, 2, 0, 3]",150-400
40,41,26,172,109,128,164,161,4,0,"[4, 1, 2, 0, 3]",100-200
40,41,27,16,45,37,47,24,3,1,"[4, 1, 2, 0, 3]",10-50
40,41,28,102,61,104,46,101,2,0,"[4, 1, 2, 0, 3]",40-120
40,41,29,21,37,35,28,23,2,1,"[4, 1, 2, 0, 3]",10-50
40,41,30,171,188,146,130,145,1,1,"[4, 1, 2, 0, 3]",100-200
40,41,31,98,62,112,62,68,2,2,"[4, 1, 2, 0, 3]",40-120
40,41,32,28,27,42,20,36,4,2,"[4, 1, 2, 0, 3]",10-50
40,41,33,42,17,44,19,22,0,2,"[4, 1, 2, 0, 3]",10-50
40,41,34,115,77,75,62,109,0,0,"[4, 1, 2, 0, 3]",40-120
40,41,35,270,294,320,391,206,3,3,"[4, 1, 2, 0, 3]",150-400
40,41,36,74,112,44,45,85,1,1,"[4, 1, 2, 0, 3]",40-120
40,41,37,306,336,361,393,293,2,3,"[4, 1, 2, 0, 3]",150-400
40,41,38,14,46,30,41,11,3,1,"[4, 1, 2, 0, 3]",10-50
40,41,39,122,180,149,182,164,1,1,"[4, 1, 2, 0, 3]",100-200
40,42,0,198,152,351,208,271,4,2,"[4, 2, 0, 1, 3]",150-400
40,42,1,20,17,40,47,22,2,3,"[4, 2, 0, 1, 3]",10-50
40,42,2,25,43,25,15,10,1,1,"[4, 2, 0, 1, 3]",10-50
40,42,3,188,135,183,130,151,0,0,"[4, 2, 0, 1, 3]",100-200
40,42,4,33,27,16,35,44,4,4,"[4, 2, 0, 1, 3]",10-50
40,42,5,226,289,383,173,211,2,2,"[4, 2, 0, 1, 3]",150-400
40,42,6,113,116,43,107,87,0,0,"[4, 2, 0, 1, 3]",40-120
40,42,7,44,46,45,49,50,1,4,"[4, 2, 0, 1, 3]",10-50
40,42,8,199,177,113,199,148,0,0,"[4, 2, 0, 1, 3]",100-200
40,42,9,58,43,83,93,99,3,4,"[4, 2, 0, 1, 3]",40-120
40,42,10,94,106,102,54,40,2,1,"[4, 2, 0, 1, 3]",40-120
40,42,11,47,31,22,36,11,2,0,"[4, 2, 0, 1, 3]",10-50
40,42,12,376,316,326,298,211,0,0,"[4, 2, 0, 1, 3]",150-400
40,42,13,104,126,172,164,141,3,3,"[4, 2, 0, 1, 3]",100-200
40,42,14,126,170,172,141,160,4,4,"[4, 2, 0, 1, 3]",100-200
40,42,15,122,140,135,102,121,4,1,"[4, 2, 0, 1, 3]",100-200
40,42,16,89,106,91,95,58,1,1,"[4, 2, 0, 1, 3]",40-120
40,42,17,98,96,51,79,103,0,4,"[4, 2, 0, 1, 3]",40-120
40,42,18,75,86,40,47,83,4,4,"[4, 2, 0, 1, 3]",40-120
40,42,19,59,69,73,84,57,2,3,"[4, 2, 0, 1, 3]",40-120
40,42,20,127,167,186,127,142,2,2,"[4, 2, 0, 1, 3]",100-200
40,42,21,174,128,136,175,106,3,3,"[4, 2, 0, 1, 3]",100-200
40,42,22,15,30,31,13,41,4,4,"[4, 2, 0, 1, 3]",10-50
40,42,23,86,64,43,86,57,0,0,"[4, 2, 0, 1, 3]",40-120
40,42,24,197,381,260,283,276,1,1,"[4, 2, 0, 1, 3]",150-400
40,42,25,74,117,95,67,102,1,1,"[4, 2, 0, 1, 3]",40-120
40,42,26,87,85,105,113,86,3,3,"[4, 2, 0, 1, 3]",40-120
40,42,27,15,18,16,44,29,1,3,"[4, 2, 0, 1, 3]",10-50
40,42,28,36,15,16,30,30,0,0,"[4, 2, 0, 1, 3]",10-50
40,42,29,180,214,200,379,182,3,3,"[4, 2, 0, 1, 3]",150-400
40,42,30,48,42,40,24,44,0,0,"[4, 2, 0, 1, 3]",10-50
40,42,31,107,184,100,155,141,1,1,"[4, 2, 0, 1, 3]",100-200
40,42,32,104,76,94,62,119,4,4,"[4, 2, 0, 1, 3]",40-120
40,42,33,167,185,182,112,120,1,1,"[4, 2, 0, 1, 3]",100-200
40,42,34,52,54,116,52,97,2,2,"[4, 2, 0, 1, 3]",40-120
40,42,35,17,37,31,48,16,3,3,"[4, 2, 0, 1, 3]",10-50
40,42,36,48,39,25,50,33,3,3,"[4, 2, 0, 1, 3]",10-50
40,42,37,10,10,17,12,19,3,4,"[4, 2, 0, 1, 3]",10-50
40,42,38,277,197,203,229,313,4,4,"[4, 2, 0, 1, 3]",150-400
40,42,39,183,178,194,131,162,2,2,"[4, 2, 0, 1, 3]",100-200
40,43,0,43,35,41,46,20,0,3,"[0, 4, 3, 2, 1]",10-50
40,43,1,74,49,95,72,53,0,2,"[0, 4, 3, 2, 1]",40-120
40,43,2,377,308,268,189,321,0,0,"[0, 4, 3, 2, 1]",150-400
40,43,3,287,365,310,240,294,2,1,"[0, 4, 3, 2, 1]",150-400
40,43,4,171,142,177,151,133,2,2,"[0, 4, 3, 2, 1]",100-200
40,43,5,47,23,39,21,19,0,0,"[0, 4, 3, 2, 1]",10-50
40,43,6,199,144,139,168,145,0,0,"[0, 4, 3, 2, 1]",100-200
40,43,7,197,303,254,331,365,4,4,"[0, 4, 3, 2, 1]",150-400
40,43,8,112,117,93,47,117,4,4,"[0, 4, 3, 2, 1]",40-120
40,43,9,192,387,152,261,150,1,1,"[0, 4, 3, 2, 1]",150-400
40,43,10,30,12,44,47,24,2,3,"[0, 4, 3, 2, 1]",10-50
40,43,11,20,37,33,33,10,1,3,"[0, 4, 3, 2, 1]",10-50
40,43,12,44,35,44,47,31,3,3,"[0, 4, 3, 2, 1]",10-50
40,43,13,36,36,18,27,41,4,4,"[0, 4, 3, 2, 1]",10-50
40,43,14,10,10,26,30,21,3,3,"[0, 4, 3, 2, 1]",10-50
40,43,15,139,133,159,112,153,0,2,"[0, 4, 3, 2, 1]",100-200
40,43,16,33,26,25,15,24,1,0,"[0, 4, 3, 2, 1]",10-50
40,43,17,70,107,49,85,77,3,1,"[0, 4, 3, 2, 1]",40-120
40,43,18,46,41,92,69,115,4,4,"[0, 4, 3, 2, 1]",40-120
40,43,19,235,359,205,300,155,0,1,"[0, 4, 3, 2, 1]",150-400
40,43,20,190,143,160,102,148,1,0,"[0, 4, 3, 2, 1]",100-200
40,43,21,24,19,42,14,39,2,2,"[0, 4, 3, 2, 1]",10-50
40,43,22,115,56,115,60,60,2,2,"[0, 4, 3, 2, 1]",40-120
40,43,23,101,53,120,112,96,3,3,"[0, 4, 3, 2, 1]",40-120
40,43,24,131,126,163,190,127,3,3,"[0, 4, 3, 2, 1]",100-200
40,43,25,26,16,35,24,23,2,2,"[0, 4, 3, 2, 1]",10-50
40,43,26,142,111,123,158,120,3,3,"[0, 4, 3, 2, 1]",100-200
40,43,27,191,145,169,113,170,1,0,"[0, 4, 3, 2, 1]",100-200
40,43,28,199,169,200,100,181,2,2,"[0, 4, 3, 2, 1]",100-200
40,43,29,185,161,134,164,199,4,4,"[0, 4, 3, 2, 1]",100-200
40,43,30,115,109,72,85,115,1,4,"[0, 4, 3, 2, 1]",40-120
40,43,31,27,45,24,38,37,1,3,"[0, 4, 3, 2, 1]",10-50
40,43,32,112,49,107,78,67,2,2,"[0, 4, 3, 2, 1]",40-120
40,43,33,120,116,107,91,83,0,0,"[0, 4, 3, 2, 1]",40-120
40,43,34,14,21,42,23,25,4,2,"[0, 4, 3, 2, 1]",10-50
40,43,35,99,118,65,88,97,1,1,"[0, 4, 3, 2, 1]",40-120
40,43,36,195,119,130,178,198,4,4,"[0, 4, 3, 2, 1]",100-200
40,43,37,266,256,319,342,265,3,3,"[0, 4, 3, 2, 1]",150-400
40,43,38,70,58,78,46,89,4,4,"[0, 4, 3, 2, 1]",40-120
40,43,39,68,85,113,101,53,3,2,"[0, 4, 3, 2, 1]",40-120
40,44,0,67,112,102,93,70,2,1,"[3, 0, 4, 1, 2]",40-120
40,44,1,180,154,175,147,122,0,0,"[3, 0, 4, 1, 2]",100-200
40,44,2,10,14,44,46,27,2,3,"[3, 0, 4, 1, 2]",10-50
40,44,3,324,203,366,187,226,0,2,"[3, 0, 4, 1, 2]",150-400
40,44,4,218,262,318,161,396,4,4,"[3, 0, 4, 1, 2]",150-400
40,44,5,161,128,162,134,154,2,0,"[3, 0, 4, 1, 2]",100-200
40,44,6,84,116,83,105,71,1,1,"[3, 0, 4, 1, 2]",40-120
40,44,7,95,73,55,70,55,4,0,"[3, 0, 4, 1, 2]",40-120
40,44,8,194,341,276,162,275,1,1,"[3, 0, 4, 1, 2]",150-400
40,44,9,118,104,75,92,64,0,0,"[3, 0, 4, 1, 2]",40-120
40,44,10,119,44,108,47,64,0,0,"[3, 0, 4, 1, 2]",40-120
40,44,11,48,17,19,46,33,3,3,"[3, 0, 4, 1, 2]",10-50
40,44,12,45,76,82,48,67,2,2,"[3, 0, 4, 1, 2]",40-120
40,44,13,198,159,105,195,165,3,3,"[3, 0, 4, 1, 2]",100-200
40,44,14,296,303,314,294,318,3,2,"[3, 0, 4, 1, 2]",150-400
40,44,15,91,104,45,43,40,1,1,"[3, 0, 4, 1, 2]",40-120
40,44,16,145,173,195,137,105,2,2,"[3, 0, 4, 1, 2]",100-200
40,44,17,46,105,93,52,114,4,4,"[3, 0, 4, 1, 2]",40-120
40,44,18,145,138,145,174,196,4,4,"[3, 0, 4, 1, 2]",100-200
40,44,19,49,17,37,34,33,0,0,"[3, 0, 4, 1, 2]",10-50
40,44,20,243,212,223,179,176,0,0,"[3, 0, 4, 1, 2]",150-400
40,44,21,11,41,45,46,43,1,2,"[3, 0, 4, 1, 2]",10-50
40,44,22,33,18,17,11,17,2,0,"[3, 0, 4, 1, 2]",10-50
40,44,23,31,32,43,41,46,2,4,"[3, 0, 4, 1, 2]",10-50
40,44,24,191,194,185,136,101,1,1,"[3, 0, 4, 1, 2]",100-200
40,44,25,263,315,318,161,233,2,1,"[3, 0, 4, 1, 2]",150-400
40,44,26,105,51,58,119,95,3,3,"[3, 0, 4, 1, 2]",40-120
40,44,27,137,129,106,164,152,3,3,"[3, 0, 4, 1, 2]",100-200
40,44,28,12,30,27,13,20,1,1,"[3, 0, 4, 1, 2]",10-50
40,44,29,196,186,100,200,187,3,3,"[3, 0, 4, 1, 2]",100-200
40,44,30,27,20,40,24,32,4,2,"[3, 0, 4, 1, 2]",10-50
40,44,31,41,10,33,16,26,0,0,"[3, 0, 4, 1, 2]",10-50
40,44,32,130,113,133,175,185,4,4,"[3, 0, 4, 1, 2]",100-200
40,44,33,84,63,81,87,41,3,3,"[3, 0, 4, 1, 2]",40-120
40,44,34,17,31,20,49,42,3,3,"[3, 0, 4, 1, 2]",10-50
40,44,35,117,47,53,80,71,0,0,"[3, 0, 4, 1, 2]",40-120
40,44,36,16,38,43,21,28,1,2,"[3, 0, 4, 1, 2]",10-50
40,44,37,139,176,101,187,114,1,3,"[3, 0, 4, 1, 2]",100-200
40,44,38,20,24,29,25,47,4,4,"[3, 0, 4, 1, 2]",10-50
40,44,39,100,106,97,104,112,4,4,"[3, 0, 4, 1, 2]",40-120
40,45,0,133,185,181,120,158,1,1,"[4, 2, 3, 0, 1]",100-200
40,45,1,44,46,21,32,50,4,4,"[4, 2, 3, 0, 1]",10-50
40,45,2,243,168,203,209,329,4,4,"[4, 2, 3, 0, 1]",150-400
40,45,3,47,83,99,67,44,2,2,"[4, 2, 3, 0, 1]",40-120
40,45,4,31,44,28,31,44,1,1,"[4, 2, 3, 0, 1]",10-50
40,45,5,156,121,107,114,154,4,4,"[4, 2, 3, 0, 1]",100-200
40,45,6,90,43,99,55,105,2,2,"[4, 2, 3, 0, 1]",40-120
40,45,7,91,44,58,69,78,0,0,"[4, 2, 3, 0, 1]",40-120
40,45,8,40,20,34,11,29,0,0,"[4, 2, 3, 0, 1]",10-50
40,45,9,168,124,116,152,107,1,1,"[4, 2, 3, 0, 1]",100-200
40,45,10,13,36,43,46,41,2,2,"[4, 2, 3, 0, 1]",10-50
40,45,11,48,59,65,110,116,4,4,"[4, 2, 3, 0, 1]",40-120
40,45,12,234,262,364,338,254,1,1,"[4, 2, 3, 0, 1]",150-400
40,45,13,188,181,197,194,102,2,2,"[4, 2, 3, 0, 1]",100-200
40,45,14,231,317,252,375,256,3,3,"[4, 2, 3, 0, 1]",150-400
40,45,15,51,68,43,110,109,1,1,"[4, 2, 3, 0, 1]",40-120
40,45,16,127,119,117,197,138,3,3,"[4, 2, 3, 0, 1]",100-200
40,45,17,22,49,43,26,29,1,1,"[4, 2, 3, 0, 1]",10-50
40,45,18,21,14,25,46,31,3,3,"[4, 2, 3, 0, 1]",10-50
40,45,19,19,30,44,36,46,2,2,"[4, 2, 3, 0, 1]",10-50
40,45,20,100,56,118,69,90,2,2,"[4, 2, 3, 0, 1]",40-120
40,45,21,169,136,103,141,117,0,0,"[4, 2, 3, 0, 1]",100-200
40,45,22,174,182,177,158,165,4,4,"[4, 2, 3, 0, 1]",100-200
40,45,23,199,149,118,146,199,4,4,"[4, 2, 3, 0, 1]",100-200
40,45,24,85,53,87,71,112,3,3,"[4, 2, 3, 0, 1]",40-120
40,45,25,47,67,73,57,113,4,4,"[4, 2, 3, 0, 1]",40-120
40,45,26,375,245,316,271,282,0,0,"[4, 2, 3, 0, 1]",150-400
40,45,27,86,116,50,95,91,1,1,"[4, 2, 3, 0, 1]",40-120
40,45,28,71,66,44,111,47,3,3,"[4, 2, 3, 0, 1]",40-120
40,45,29,40,37,35,22,30,1,1,"[4, 2, 3, 0, 1]",10-50
40,45,30,282,176,267,180,173,2,2,"[4, 2, 3, 0, 1]",150-400
40,45,31,193,143,114,192,135,0,0,"[4, 2, 3, 0, 1]",100-200
40,45,32,99,91,93,105,69,0,0,"[4, 2, 3, 0, 1]",40-120
40,45,33,153,118,152,192,136,3,3,"[4, 2, 3, 0, 1]",100-200
40,45,34,49,12,44,37,33,0,0,"[4, 2, 3, 0, 1]",10-50
40,45,35,43,17,38,50,31,3,3,"[4, 2, 3, 0, 1]",10-50
40,45,36,46,41,33,40,47,0,0,"[4, 2, 3, 0, 1]",10-50
40,45,37,18,18,24,26,48,4,4,"[4, 2, 3, 0, 1]",10-50
40,45,38,222,235,369,280,326,2,2,"[4, 2, 3, 0, 1]",150-400
40,45,39,42,115,79,120,86,3,3,"[4, 2, 3, 0, 1]",40-120
40,46,0,19,39,12,14,40,0,1,"[2, 4, 1, 3, 0]",10-50
40,46,1,44,15,45,17,39,2,2,"[2, 4, 1, 3, 0]",10-50
40,46,2,34,45,17,22,25,1,1,"[2, 4, 1, 3, 0]",10-50
40,46,3,390,231,309,211,260,0,0,"[2, 4, 1, 3, 0]",150-400
40,46,4,90,91,101,101,102,2,3,"[2, 4, 1, 3, 0]",40-120
40,46,5,293,242,377,165,385,2,4,"[2, 4, 1, 3, 0]",150-400
40,46,6,38,25,48,26,28,2,2,"[2, 4, 1, 3, 0]",10-50
40,46,7,103,136,173,119,110,2,2,"[2, 4, 1, 3, 0]",100-200
40,46,8,70,73,58,80,81,3,3,"[2, 4, 1, 3, 0]",40-120
40,46,9,161,174,394,198,285,2,2,"[2, 4, 1, 3, 0]",150-400
40,46,10,151,168,200,120,103,2,2,"[2, 4, 1, 3, 0]",100-200
40,46,11,174,189,198,149,101,1,2,"[2, 4, 1, 3, 0]",100-200
40,46,12,100,77,87,80,84,4,0,"[2, 4, 1, 3, 0]",40-120
40,46,13,110,114,76,80,113,4,1,"[2, 4, 1, 3, 0]",40-120
40,46,14,125,167,131,171,146,3,3,"[2, 4, 1, 3, 0]",100-200
40,46,15,142,194,179,111,151,4,1,"[2, 4, 1, 3, 0]",100-200
40,46,16,390,305,233,299,313,3,0,"[2, 4, 1, 3, 0]",150-400
40,46,17,52,100,65,98,53,1,3,"[2, 4, 1, 3, 0]",40-120
40,46,18,118,84,63,47,79,0,0,"[2, 4, 1, 3, 0]",40-120
40,46,19,119,58,106,52,96,0,0,"[2, 4, 1, 3, 0]",40-120
40,46,20,30,37,27,23,40,3,4,"[2, 4, 1, 3, 0]",10-50
40,46,21,11,18,11,36,27,3,3,"[2, 4, 1, 3, 0]",10-50
40,46,22,58,46,66,102,110,3,3,"[2, 4, 1, 3, 0]",40-120
40,46,23,105,111,104,110,41,1,3,"[2, 4, 1, 3, 0]",40-120
40,46,24,165,199,185,131,103,1,1,"[2, 4, 1, 3, 0]",100-200
40,46,25,45,43,39,13,14,0,1,"[2, 4, 1, 3, 0]",10-50
40,46,26,44,20,27,15,50,4,4,"[2, 4, 1, 3, 0]",10-50
40,46,27,157,111,152,132,116,0,2,"[2, 4, 1, 3, 0]",100-200
40,46,28,39,44,26,27,11,1,1,"[2, 4, 1, 3, 0]",10-50
40,46,29,399,379,374,213,392,4,4,"[2, 4, 1, 3, 0]",150-400
40,46,30,176,168,115,129,175,0,4,"[2, 4, 1, 3, 0]",100-200
40,46,31,49,31,13,39,37,0,0,"[2, 4, 1, 3, 0]",10-50
40,46,32,91,66,90,66,71,1,0,"[2, 4, 1, 3, 0]",40-120
40,46,33,24,42,27,10,45,4,1,"[2, 4, 1, 3, 0]",10-50
40,46,34,87,93,92,66,44,2,1,"[2, 4, 1, 3, 0]",40-120
40,46,35,282,377,159,343,257,1,1,"[2, 4, 1, 3, 0]",150-400
40,46,36,79,47,55,85,87,4,3,"[2, 4, 1, 3, 0]",40-120
40,46,37,126,139,112,121,198,4,4,"[2, 4, 1, 3, 0]",100-200
40,46,38,194,109,102,199,185,3,3,"[2, 4, 1, 3, 0]",100-200
40,46,39,42,24,13,50,49,3,3,"[2, 4, 1, 3, 0]",10-50
40,47,0,62,106,89,50,41,1,1,"[4, 0, 1, 3, 2]",40-120
40,47,1,327,365,225,213,166,0,0,"[4, 0, 1, 3, 2]",150-400
40,47,2,24,10,11,15,43,4,4,"[4, 0, 1, 3, 2]",10-50
40,47,3,145,180,115,101,145,0,0,"[4, 0, 1, 3, 2]",100-200
40,47,4,218,375,163,215,343,4,4,"[4, 0, 1, 3, 2]",150-400
40,47,5,100,101,117,173,118,4,4,"[4, 0, 1, 3, 2]",100-200
40,47,6,155,180,329,361,303,2,2,"[4, 0, 1, 3, 2]",150-400
40,47,7,17,42,33,35,44,4,4,"[4, 0, 1, 3, 2]",10-50
40,47,8,174,174,131,122,164,0,0,"[4, 0, 1, 3, 2]",100-200
40,47,9,142,171,109,176,189,1,1,"[4, 0, 1, 3, 2]",100-200
40,47,10,193,223,156,379,318,3,3,"[4, 0, 1, 3, 2]",150-400
40,47,11,22,37,20,39,29,3,3,"[4, 0, 1, 3, 2]",10-50
40,47,12,101,156,108,166,113,1,1,"[4, 0, 1, 3, 2]",100-200
40,47,13,25,22,41,37,39,3,3,"[4, 0, 1, 3, 2]",10-50
40,47,14,61,65,82,111,52,0,0,"[4, 0, 1, 3, 2]",40-120
40,47,15,45,73,109,44,106,4,4,"[4, 0, 1, 3, 2]",40-120
40,47,16,105,188,150,198,195,4,4,"[4, 0, 1, 3, 2]",100-200
40,47,17,44,24,42,33,41,2,2,"[4, 0, 1, 3, 2]",10-50
40,47,18,36,21,12,30,14,0,0,"[4, 0, 1, 3, 2]",10-50
40,47,19,118,91,50,103,71,0,0,"[4, 0, 1, 3, 2]",40-120
40,47,20,42,70,55,114,48,3,3,"[4, 0, 1, 3, 2]",40-120
40,47,21,222,362,244,279,290,1,1,"[4, 0, 1, 3, 2]",150-400
40,47,22,25,49,37,29,40,1,1,"[4, 0, 1, 3, 2]",10-50
40,47,23,102,198,146,140,176,1,1,"[4, 0, 1, 3, 2]",100-200
40,47,24,118,103,117,182,171,3,3,"[4, 0, 1, 3, 2]",100-200
40,47,25,45,32,50,23,47,2,2,"[4, 0, 1, 3, 2]",10-50
40,47,26,18,21,24,10,38,2,2,"[4, 0, 1, 3, 2]",10-50
40,47,27,46,16,26,33,22,0,0,"[4, 0, 1, 3, 2]",10-50
40,47,28,70,70,119,85,107,2,2,"[4, 0, 1, 3, 2]",40-120
40,47,29,29,46,25,22,36,1,1,"[4, 0, 1, 3, 2]",10-50
40,47,30,110,45,89,65,68,0,0,"[4, 0, 1, 3, 2]",40-120
40,47,31,81,81,84,95,79,4,4,"[4, 0, 1, 3, 2]",40-120
40,47,32,54,96,117,116,95,2,2,"[4, 0, 1, 3, 2]",40-120
40,47,33,277,288,234,237,218,4,4,"[4, 0, 1, 3, 2]",150-400
40,47,34,33,22,33,47,33,3,3,"[4, 0, 1, 3, 2]",10-50
40,47,35,129,126,153,200,146,3,3,"[4, 0, 1, 3, 2]",100-200
40,47,36,51,54,95,97,64,2,2,"[4, 0, 1, 3, 2]",40-120
40,47,37,58,80,44,118,91,3,3,"[4, 0, 1, 3, 2]",40-120
40,47,38,120,161,181,141,180,2,2,"[4, 0, 1, 3, 2]",100-200
40,47,39,49,62,87,57,62,1,1,"[4, 0, 1, 3, 2]",40-120
40,48,0,31,28,20,12,28,1,0,"[4, 3, 2, 1, 0]",10-50
40,48,1,14,38,14,46,19,3,3,"[4, 3, 2, 1, 0]",10-50
40,48,2,38,26,38,44,46,4,4,"[4, 3, 2, 1, 0]",10-50
40,48,3,41,38,37,33,16,0,1,"[4, 3, 2, 1, 0]",10-50
40,48,4,24,26,46,18,13,3,2,"[4, 3, 2, 1, 0]",10-50
40,48,5,63,90,47,77,108,0,4,"[4, 3, 2, 1, 0]",40-120
40,48,6,35,25,48,45,28,2,3,"[4, 3, 2, 1, 0]",10-50
40,48,7,52,85,61,44,108,4,4,"[4, 3, 2, 1, 0]",40-120
40,48,8,170,131,189,159,126,3,2,"[4, 3, 2, 1, 0]",100-200
40,48,9,46,64,104,95,118,4,4,"[4, 3, 2, 1, 0]",40-120
40,48,10,57,89,50,43,96,2,4,"[4, 3, 2, 1, 0]",40-120
40,48,11,193,163,197,101,119,2,0,"[4, 3, 2, 1, 0]",100-200
40,48,12,388,285,388,219,368,0,2,"[4, 3, 2, 1, 0]",150-400
40,48,13,64,112,58,85,49,1,1,"[4, 3, 2, 1, 0]",40-120
40,48,14,369,240,223,383,395,4,3,"[4, 3, 2, 1, 0]",150-400
40,48,15,113,57,72,52,55,0,0,"[4, 3, 2, 1, 0]",40-120
40,48,16,43,65,73,110,57,3,3,"[4, 3, 2, 1, 0]",40-120
40,48,17,52,94,51,86,97,3,1,"[4, 3, 2, 1, 0]",40-120
40,48,18,51,96,72,94,51,1,3,"[4, 3, 2, 1, 0]",40-120
40,48,19,149,181,107,133,110,0,1,"[4, 3, 2, 1, 0]",100-200
40,48,20,103,99,112,43,116,2,4,"[4, 3, 2, 1, 0]",40-120
40,48,21,307,317,332,195,347,1,4,"[4, 3, 2, 1, 0]",150-400
40,48,22,163,198,191,178,189,3,1,"[4, 3, 2, 1, 0]",100-200
40,48,23,311,284,312,244,196,4,0,"[4, 3, 2, 1, 0]",150-400
40,48,24,25,20,17,15,45,4,4,"[4, 3, 2, 1, 0]",10-50
40,48,25,111,187,127,121,107,1,1,"[4, 3, 2, 1, 0]",100-200
40,48,26,185,141,194,125,151,2,2,"[4, 3, 2, 1, 0]",100-200
40,48,27,41,63,85,84,43,2,3,"[4, 3, 2, 1, 0]",40-120
40,48,28,26,46,27,15,27,1,1,"[4, 3, 2, 1, 0]",10-50
40,48,29,144,101,127,165,171,4,3,"[4, 3, 2, 1, 0]",100-200
40,48,30,110,114,107,73,120,4,4,"[4, 3, 2, 1, 0]",40-120
40,48,31,28,14,39,11,42,2,4,"[4, 3, 2, 1, 0]",10-50
40,48,32,103,115,101,136,105,3,3,"[4, 3, 2, 1, 0]",100-200
40,48,33,361,263,230,254,332,3,0,"[4, 3, 2, 1, 0]",150-400
40,48,34,34,12,41,44,41,0,3,"[4, 3, 2, 1, 0]",10-50
40,48,35,234,194,391,204,382,2,2,"[4, 3, 2, 1, 0]",150-400
40,48,36,181,190,168,106,171,1,1,"[4, 3, 2, 1, 0]",100-200
40,48,37,200,180,192,168,109,0,0,"[4, 3, 2, 1, 0]",100-200
40,48,38,40,46,46,10,39,1,1,"[4, 3, 2, 1, 0]",10-50
40,48,39,11,19,17,15,33,0,4,"[4, 3, 2, 1, 0]",10-50
40,49,0,362,239,247,273,224,0,0,"[3, 1, 2, 0, 4]",150-400
40,49,1,41,27,28,26,26,0,0,"[3, 1, 2, 0, 4]",10-50
40,49,2,199,146,153,200,188,0,3,"[3, 1, 2, 0, 4]",100-200
40,49,3,49,120,116,103,45,1,1,"[3, 1, 2, 0, 4]",40-120
40,49,4,68,108,68,103,58,4,3,"[3, 1, 2, 0, 4]",40-120
40,49,5,175,198,100,150,119,1,1,"[3, 1, 2, 0, 4]",100-200
40,49,6,61,64,117,42,113,2,4,"[3, 1, 2, 0, 4]",40-120
40,49,7,33,17,19,24,36,0,4,"[3, 1, 2, 0, 4]",10-50
40,49,8,105,81,58,63,42,0,0,"[3, 1, 2, 0, 4]",40-120
40,49,9,102,116,147,114,134,2,2,"[3, 1, 2, 0, 4]",100-200
40,49,10,63,42,98,63,56,2,2,"[3, 1, 2, 0, 4]",40-120
40,49,11,281,343,159,281,278,1,1,"[3, 1, 2, 0, 4]",150-400
40,49,12,10,13,20,43,23,3,3,"[3, 1, 2, 0, 4]",10-50
40,49,13,107,41,108,77,60,0,2,"[3, 1, 2, 0, 4]",40-120
40,49,14,25,31,22,38,38,4,4,"[3, 1, 2, 0, 4]",10-50
40,49,15,79,80,85,120,61,3,3,"[3, 1, 2, 0, 4]",40-120
40,49,16,47,38,11,29,23,0,0,"[3, 1, 2, 0, 4]",10-50
40,49,17,50,56,91,109,52,3,3,"[3, 1, 2, 0, 4]",40-120
40,49,18,14,19,13,16,33,1,4,"[3, 1, 2, 0, 4]",10-50
40,49,19,167,200,104,124,118,1,1,"[3, 1, 2, 0, 4]",100-200
40,49,20,331,170,325,231,207,4,0,"[3, 1, 2, 0, 4]",150-400
40,49,21,289,359,386,329,204,3,2,"[3, 1, 2, 0, 4]",150-400
40,49,22,169,191,157,118,185,2,4,"[3, 1, 2, 0, 4]",100-200
40,49,23,17,18,43,38,18,2,2,"[3, 1, 2, 0, 4]",10-50
40,49,24,367,255,364,227,203,2,2,"[3, 1, 2, 0, 4]",150-400
40,49,25,32,27,14,39,38,4,4,"[3, 1, 2, 0, 4]",10-50
40,49,26,171,194,106,169,116,3,1,"[3, 1, 2, 0, 4]",100-200
40,49,27,96,46,67,92,50,1,0,"[3, 1, 2, 0, 4]",40-120
40,49,28,34,11,23,43,36,3,3,"[3, 1, 2, 0, 4]",10-50
40,49,29,94,114,109,64,117,2,4,"[3, 1, 2, 0, 4]",40-120
40,49,30,235,223,262,312,191,3,3,"[3, 1, 2, 0, 4]",150-400
40,49,31,193,156,118,199,116,3,3,"[3, 1, 2, 0, 4]",100-200
40,49,32,35,37,42,25,21,1,2,"[3, 1, 2, 0, 4]",10-50
40,49,33,96,117,71,50,51,1,1,"[3, 1, 2, 0, 4]",40-120
40,49,34,11,12,22,19,36,4,4,"[3, 1, 2, 0, 4]",10-50
40,49,35,143,151,108,131,139,4,4,"[3, 1, 2, 0, 4]",100-200
40,49,36,182,113,106,150,199,4,4,"[3, 1, 2, 0, 4]",100-200
40,49,37,41,42,69,112,118,4,4,"[3, 1, 2, 0, 4]",40-120
40,49,38,14,10,23,38,38,2,4,"[3, 1, 2, 0, 4]",10-50
40,49,39,178,172,111,169,151,0,0,"[3, 1, 2, 0, 4]",100-200
50,0,0,164,128,153,130,173,2,2,"[2, 1, 4, 0, 3]",100-200
50,0,1,38,35,49,50,19,3,3,"[2, 1, 4, 0, 3]",10-50
50,0,2,114,197,172,132,143,1,1,"[2, 1, 4, 0, 3]",100-200
50,0,3,118,62,119,100,73,2,2,"[2, 1, 4, 0, 3]",40-120
50,0,4,35,31,37,39,16,0,0,"[2, 1, 4, 0, 3]",10-50
50,0,5,140,131,167,200,177,3,3,"[2, 1, 4, 0, 3]",100-200
50,0,6,42,29,46,13,47,4,4,"[2, 1, 4, 0, 3]",10-50
50,0,7,397,155,157,262,294,4,4,"[2, 1, 4, 0, 3]",150-400
50,0,8,111,62,105,103,95,0,0,"[2, 1, 4, 0, 3]",40-120
50,0,9,89,111,70,104,51,3,3,"[2, 1, 4, 0, 3]",40-120
50,0,10,110,193,180,197,122,3,3,"[2, 1, 4, 0, 3]",100-200
50,0,11,251,292,322,275,166,2,2,"[2, 1, 4, 0, 3]",150-400
50,0,12,37,34,42,43,50,4,4,"[2, 1, 4, 0, 3]",10-50
50,0,13,92,83,95,53,41,2,2,"[2, 1, 4, 0, 3]",40-120
50,0,14,31,42,50,17,21,2,2,"[2, 1, 4, 0, 3]",10-50
50,0,15,49,68,47,104,53,3,3,"[2, 1, 4, 0, 3]",40-120
50,0,16,24,30,13,18,26,3,3,"[2, 1, 4, 0, 3]",10-50
50,0,17,131,103,130,128,106,3,3,"[2, 1, 4, 0, 3]",100-200
50,0,18,55,53,57,99,62,0,0,"[2, 1, 4, 0, 3]",40-120
50,0,19,98,68,45,59,110,4,4,"[2, 1, 4, 0, 3]",40-120
50,0,20,50,16,38,30,26,0,0,"[2, 1, 4, 0, 3]",10-50
50,0,21,148,131,123,123,156,4,4,"[2, 1, 4, 0, 3]",100-200
50,0,22,153,276,391,237,373,2,2,"[2, 1, 4, 0, 3]",150-400
50,0,23,164,312,362,186,392,1,1,"[2, 1, 4, 0, 3]",150-400
50,0,24,140,148,125,151,132,1,1,"[2, 1, 4, 0, 3]",100-200
50,0,25,117,116,79,40,102,1,1,"[2, 1, 4, 0, 3]",40-120
50,0,26,179,175,275,338,186,4,4,"[2, 1, 4, 0, 3]",150-400
50,0,27,400,175,339,293,238,0,0,"[2, 1, 4, 0, 3]",150-400
50,0,28,50,38,41,41,26,0,0,"[2, 1, 4, 0, 3]",10-50
50,0,29,14,26,32,44,12,3,3,"[2, 1, 4, 0, 3]",10-50
50,0,30,37,36,44,37,30,2,2,"[2, 1, 4, 0, 3]",10-50
50,0,31,19,38,50,20,37,2,2,"[2, 1, 4, 0, 3]",10-50
50,0,32,105,90,62,93,118,4,4,"[2, 1, 4, 0, 3]",40-120
50,0,33,187,102,124,153,178,4,4,"[2, 1, 4, 0, 3]",100-200
50,0,34,96,62,61,62,119,4,4,"[2, 1, 4, 0, 3]",40-120
50,0,35,47,47,17,42,42,1,1,"[2, 1, 4, 0, 3]",10-50
50,0,36,277,237,158,342,177,1,1,"[2, 1, 4, 0, 3]",150-400
50,0,37,136,165,198,194,180,2,2,"[2, 1, 4, 0, 3]",100-200
50,0,38,380,267,170,359,188,3,3,"[2, 1, 4, 0, 3]",150-400
50,0,39,43,112,70,73,79,1,1,"[2, 1, 4, 0, 3]",40-120
50,0,40,36,45,34,39,20,1,1,"[2, 1, 4, 0, 3]",10-50
50,0,41,49,76,74,42,67,1,1,"[2, 1, 4, 0, 3]",40-120
50,0,42,149,134,138,112,135,0,0,"[2, 1, 4, 0, 3]",100-200
50,0,43,195,161,113,192,164,0,0,"[2, 1, 4, 0, 3]",100-200
50,0,44,86,66,111,97,61,2,2,"[2, 1, 4, 0, 3]",40-120
50,0,45,169,145,176,156,109,0,0,"[2, 1, 4, 0, 3]",100-200
50,0,46,110,72,44,52,101,0,0,"[2, 1, 4, 0, 3]",40-120
50,0,47,43,20,31,26,34,4,4,"[2, 1, 4, 0, 3]",10-50
50,0,48,25,35,21,28,46,1,1,"[2, 1, 4, 0, 3]",10-50
50,0,49,105,103,100,115,96,3,3,"[2, 1, 4, 0, 3]",40-120
50,1,0,315,266,286,235,358,4,4,"[4, 2, 0, 1, 3]",150-400
50,1,1,44,29,46,35,35,2,2,"[4, 2, 0, 1, 3]",10-50
50,1,2,49,24,40,35,39,4,4,"[4, 2, 0, 1, 3]",10-50
50,1,3,42,17,14,23,17,0,0,"[4, 2, 0, 1, 3]",10-50
50,1,4,191,186,193,154,176,1,1,"[4, 2, 0, 1, 3]",100-200
50,1,5,112,108,81,119,96,0,0,"[4, 2, 0, 1, 3]",40-120
50,1,6,113,142,193,134,173,4,4,"[4, 2, 0, 1, 3]",100-200
50,1,7,290,177,274,284,311,2,2,"[4, 2, 0, 1, 3]",150-400
50,1,8,80,119,118,120,99,3,3,"[4, 2, 0, 1, 3]",40-120
50,1,9,40,15,18,40,41,3,3,"[4, 2, 0, 1, 3]",10-50
50,1,10,47,60,50,71,109,4,4,"[4, 2, 0, 1, 3]",40-120
50,1,11,118,132,198,177,164,2,2,"[4, 2, 0, 1, 3]",100-200
50,1,12,14,36,43,41,21,2,2,"[4, 2, 0, 1, 3]",10-50
50,1,13,193,163,340,379,236,3,3,"[4, 2, 0, 1, 3]",150-400
50,1,14,188,104,139,164,150,0,0,"[4, 2, 0, 1, 3]",100-200
50,1,15,27,33,32,20,10,3,3,"[4, 2, 0, 1, 3]",10-50
50,1,16,16,48,25,23,30,1,1,"[4, 2, 0, 1, 3]",10-50
50,1,17,41,38,16,32,38,1,1,"[4, 2, 0, 1, 3]",10-50
50,1,18,112,94,83,120,57,3,3,"[4, 2, 0, 1, 3]",40-120
50,1,19,47,78,73,102,102,3,3,"[4, 2, 0, 1, 3]",40-120
50,1,20,36,48,27,44,32,3,3,"[4, 2, 0, 1, 3]",10-50
50,1,21,63,84,70,67,57,1,1,"[4, 2, 0, 1, 3]",40-120
50,1,22,176,165,101,137,139,1,1,"[4, 2, 0, 1, 3]",100-200
50,1,23,166,156,123,115,138,4,4,"[4, 2, 0, 1, 3]",100-200
50,1,24,40,104,102,75,106,1,1,"[4, 2, 0, 1, 3]",40-120
50,1,25,152,186,146,145,144,1,1,"[4, 2, 0, 1, 3]",100-200
50,1,26,79,41,54,48,81,4,4,"[4, 2, 0, 1, 3]",40-120
50,1,27,83,65,97,45,41,3,3,"[4, 2, 0, 1, 3]",40-120
50,1,28,115,139,141,192,141,3,3,"[4, 2, 0, 1, 3]",100-200
50,1,29,73,81,107,57,61,2,2,"[4, 2, 0, 1, 3]",40-120
50,1,30,62,87,119,50,98,2,2,"[4, 2, 0, 1, 3]",40-120
50,1,31,134,170,185,117,120,2,2,"[4, 2, 0, 1, 3]",100-200
50,1,32,34,23,33,44,45,4,4,"[4, 2, 0, 1, 3]",10-50
50,1,33,316,291,154,256,344,0,0,"[4, 2, 0, 1, 3]",150-400
50,1,34,102,106,63,74,108,1,1,"[4, 2, 0, 1, 3]",40-120
50,1,35,220,245,228,202,172,0,0,"[4, 2, 0, 1, 3]",150-400
50,1,36,32,50,28,26,37,1,1,"[4, 2, 0, 1, 3]",10-50
50,1,37,185,149,124,123,153,0,0,"[4, 2, 0, 1, 3]",100-200
50,1,38,368,203,274,219,366,4,4,"[4, 2, 0, 1, 3]",150-400
50,1,39,31,37,46,28,47,4,4,"[4, 2, 0, 1, 3]",10-50
50,1,40,167,304,383,331,247,1,1,"[4, 2, 0, 1, 3]",150-400
50,1,41,44,45,101,69,63,2,2,"[4, 2, 0, 1, 3]",40-120
50,1,42,105,106,104,104,74,0,0,"[4, 2, 0, 1, 3]",40-120
50,1,43,50,39,18,34,43,0,0,"[4, 2, 0, 1, 3]",10-50
50,1,44,50,13,35,21,38,0,0,"[4, 2, 0, 1, 3]",10-50
50,1,45,26,36,35,21,33,2,2,"[4, 2, 0, 1, 3]",10-50
50,1,46,156,133,130,143,156,4,4,"[4, 2, 0, 1, 3]",100-200
50,1,47,348,285,386,267,326,2,2,"[4, 2, 0, 1, 3]",150-400
50,1,48,179,111,175,178,126,3,3,"[4, 2, 0, 1, 3]",100-200
50,1,49,101,98,45,45,71,0,0,"[4, 2, 0, 1, 3]",40-120
50,2,0,41,31,48,21,16,2,2,"[4, 3, 2, 1, 0]",10-50
50,2,1,97,108,99,111,78,3,3,"[4, 3, 2, 1, 0]",40-120
50,2,2,383,315,184,257,247,1,0,"[4, 3, 2, 1, 0]",150-400
50,2,3,59,54,61,52,119,4,4,"[4, 3, 2, 1, 0]",40-120
50,2,4,79,44,44,91,108,3,4,"[4, 3, 2, 1, 0]",40-120
50,2,5,105,89,52,84,105,0,4,"[4, 3, 2, 1, 0]",40-120
50,2,6,80,61,111,58,62,2,2,"[4, 3, 2, 1, 0]",40-120
50,2,7,53,76,75,85,75,1,3,"[4, 3, 2, 1, 0]",40-120
50,2,8,371,204,239,235,161,3,0,"[4, 3, 2, 1, 0]",150-400
50,2,9,20,10,37,40,50,4,4,"[4, 3, 2, 1, 0]",10-50
50,2,10,78,108,63,46,90,1,1,"[4, 3, 2, 1, 0]",40-120
50,2,11,194,185,159,135,197,0,4,"[4, 3, 2, 1, 0]",100-200
50,2,12,155,188,123,124,180,4,1,"[4, 3, 2, 1, 0]",100-200
50,2,13,52,67,41,63,112,4,4,"[4, 3, 2, 1, 0]",40-120
50,2,14,22,38,11,39,19,1,3,"[4, 3, 2, 1, 0]",10-50
50,2,15,99,43,68,104,80,3,3,"[4, 3, 2, 1, 0]",40-120
50,2,16,338,293,351,165,306,2,2,"[4, 3, 2, 1, 0]",150-400
50,2,17,76,45,58,52,110,0,4,"[4, 3, 2, 1, 0]",40-120
50,2,18,42,39,42,32,28,2,2,"[4, 3, 2, 1, 0]",10-50
50,2,19,125,197,172,109,125,1,1,"[4, 3, 2, 1, 0]",100-200
50,2,20,33,31,28,29,15,2,1,"[4, 3, 2, 1, 0]",10-50
50,2,21,13,18,18,27,36,4,4,"[4, 3, 2, 1, 0]",10-50
50,2,22,379,395,223,287,207,3,1,"[4, 3, 2, 1, 0]",150-400
50,2,23,386,264,189,193,168,0,0,"[4, 3, 2, 1, 0]",150-400
50,2,24,49,50,28,48,44,1,1,"[4, 3, 2, 1, 0]",10-50
50,2,25,47,43,19,20,47,0,0,"[4, 3, 2, 1, 0]",10-50
50,2,26,38,49,13,14,21,1,1,"[4, 3, 2, 1, 0]",10-50
50,2,27,110,129,168,184,164,4,3,"[4, 3, 2, 1, 0]",100-200
50,2,28,107,163,143,147,128,2,1,"[4, 3, 2, 1, 0]",100-200
50,2,29,46,33,31,20,39,4,0,"[4, 3, 2, 1, 0]",10-50
50,2,30,97,93,105,58,59,0,2,"[4, 3, 2, 1, 0]",40-120
50,2,31,151,206,306,159,392,4,4,"[4, 3, 2, 1, 0]",150-400
50,2,32,167,133,143,187,169,3,3,"[4, 3, 2, 1, 0]",100-200
50,2,33,174,178,201,169,228,2,4,"[4, 3, 2, 1, 0]",150-400
50,2,34,142,180,128,150,156,1,1,"[4, 3, 2, 1, 0]",100-200
50,2,35,189,139,121,152,138,0,0,"[4, 3, 2, 1, 0]",100-200
50,2,36,67,61,111,81,112,4,2,"[4, 3, 2, 1, 0]",40-120
50,2,37,27,34,41,46,36,3,3,"[4, 3, 2, 1, 0]",10-50
50,2,38,143,129,188,183,127,2,2,"[4, 3, 2, 1, 0]",100-200
50,2,39,41,46,32,47,36,3,3,"[4, 3, 2, 1, 0]",10-50
50,2,40,150,180,222,155,232,4,2,"[4, 3, 2, 1, 0]",150-400
50,2,41,27,19,13,45,29,0,3,"[4, 3, 2, 1, 0]",10-50
50,2,42,124,149,130,149,155,1,3,"[4, 3, 2, 1, 0]",100-200
50,2,43,67,109,112,103,109,1,2,"[4, 3, 2, 1, 0]",40-120
50,2,44,105,48,115,45,91,2,2,"[4, 3, 2, 1, 0]",40-120
50,2,45,70,64,85,62,46,2,2,"[4, 3, 2, 1, 0]",40-120
50,2,46,126,156,111,171,161,3,3,"[4, 3, 2, 1, 0]",100-200
50,2,47,115,144,113,138,136,0,3,"[4, 3, 2, 1, 0]",100-200
50,2,48,37,22,41,50,19,3,3,"[4, 3, 2, 1, 0]",10-50
50,2,49,41,10,11,11,24,0,0,"[4, 3, 2, 1, 0]",10-50
50,3,0,47,28,10,12,22,0,0,"[2, 1, 0, 3, 4]",10-50
50,3,1,34,38,32,33,31,2,2,"[2, 1, 0, 3, 4]",10-50
50,3,2,11,43,49,17,39,2,2,"[2, 1, 0, 3, 4]",10-50
50,3,3,192,149,116,176,100,0,0,"[2, 1, 0, 3, 4]",100-200
50,3,4,23,35,26,35,23,3,3,"[2, 1, 0, 3, 4]",10-50
50,3,5,185,163,117,137,131,1,1,"[2, 1, 0, 3, 4]",100-200
50,3,6,51,86,52,84,101,4,4,"[2, 1, 0, 3, 4]",40-120
50,3,7,113,105,93,85,86,1,1,"[2, 1, 0, 3, 4]",40-120
50,3,8,11,19,21,44,32,4,4,"[2, 1, 0, 3, 4]",10-50
50,3,9,26,17,12,48,34,3,3,"[2, 1, 0, 3, 4]",10-50
50,3,10,162,100,134,124,180,2,2,"[2, 1, 0, 3, 4]",100-200
50,3,11,116,40,108,55,61,0,0,"[2, 1, 0, 3, 4]",40-120
50,3,12,331,240,201,245,353,0,0,"[2, 1, 0, 3, 4]",150-400
50,3,13,355,209,315,224,367,0,0,"[2, 1, 0, 3, 4]",150-400
50,3,14,333,247,355,399,272,3,3,"[2, 1, 0, 3, 4]",150-400
50,3,15,164,197,363,163,203,2,2,"[2, 1, 0, 3, 4]",150-400
50,3,16,70,47,50,46,86,4,4,"[2, 1, 0, 3, 4]",40-120
50,3,17,95,97,81,89,106,4,4,"[2, 1, 0, 3, 4]",40-120
50,3,18,98,106,103,73,72,2,2,"[2, 1, 0, 3, 4]",40-120
50,3,19,148,104,127,142,126,3,3,"[2, 1, 0, 3, 4]",100-200
50,3,20,49,40,27,32,10,0,0,"[2, 1, 0, 3, 4]",10-50
50,3,21,173,147,132,107,136,0,0,"[2, 1, 0, 3, 4]",100-200
50,3,22,59,48,109,97,55,2,2,"[2, 1, 0, 3, 4]",40-120
50,3,23,153,134,146,193,113,3,3,"[2, 1, 0, 3, 4]",100-200
50,3,24,83,104,77,74,67,1,1,"[2, 1, 0, 3, 4]",40-120
50,3,25,88,74,92,89,84,3,3,"[2, 1, 0, 3, 4]",40-120
50,3,26,30,50,39,37,21,1,1,"[2, 1, 0, 3, 4]",10-50
50,3,27,153,309,233,296,376,4,4,"[2, 1, 0, 3, 4]",150-400
50,3,28,30,43,10,48,25,1,1,"[2, 1, 0, 3, 4]",10-50
50,3,29,46,38,29,23,19,0,0,"[2, 1, 0, 3, 4]",10-50
50,3,30,172,318,204,163,264,1,1,"[2, 1, 0, 3, 4]",150-400
50,3,31,74,42,73,68,68,3,3,"[2, 1, 0, 3, 4]",40-120
50,3,32,143,161,112,151,181,1,1,"[2, 1, 0, 3, 4]",100-200
50,3,33,28,44,11,31,38,4,4,"[2, 1, 0, 3, 4]",10-50
50,3,34,40,40,30,27,26,1,1,"[2, 1, 0, 3, 4]",10-50
50,3,35,103,104,97,55,55,0,0,"[2, 1, 0, 3, 4]",40-120
50,3,36,46,45,49,50,36,3,3,"[2, 1, 0, 3, 4]",10-50
50,3,37,98,101,101,80,54,2,2,"[2, 1, 0, 3, 4]",40-120
50,3,38,84,77,56,68,87,0,0,"[2, 1, 0, 3, 4]",40-120
50,3,39,19,22,14,23,28,4,4,"[2, 1, 0, 3, 4]",10-50
50,3,40,184,290,225,335,232,2,2,"[2, 1, 0, 3, 4]",150-400
50,3,41,141,142,171,133,189,4,4,"[2, 1, 0, 3, 4]",100-200
50,3,42,163,129,167,145,196,4,4,"[2, 1, 0, 3, 4]",100-200
50,3,43,199,151,195,170,146,2,2,"[2, 1, 0, 3, 4]",100-200
50,3,44,86,96,48,93,114,3,3,"[2, 1, 0, 3, 4]",40-120
50,3,45,40,47,41,28,33,2,2,"[2, 1, 0, 3, 4]",10-50
50,3,46,47,119,100,46,55,1,1,"[2, 1, 0, 3, 4]",40-120
50,3,47,126,136,104,169,109,3,3,"[2, 1, 0, 3, 4]",100-200
50,3,48,133,104,119,114,160,4,4,"[2, 1, 0, 3, 4]",100-200
50,3,49,311,395,354,156,311,1,1,"[2, 1, 0, 3, 4]",150-400
50,4,0,123,175,150,136,169,4,4,"[3, 0, 2, 4, 1]",100-200
50,4,1,118,110,129,165,104,3,3,"[3, 0, 2, 4, 1]",100-200
50,4,2,178,175,145,169,138,1,0,"[3, 0, 2, 4, 1]",100-200
50,4,3,85,61,52,46,106,4,4,"[3, 0, 2, 4, 1]",40-120
50,4,4,26,47,45,35,24,1,2,"[3, 0, 2, 4, 1]",10-50
50,4,5,44,61,54,79,57,2,3,"[3, 0, 2, 4, 1]",40-120
50,4,6,189,141,125,182,149,3,0,"[3, 0, 2, 4, 1]",100-200
50,4,7,175,192,262,335,150,2,3,"[3, 0, 2, 4, 1]",150-400
50,4,8,17,28,45,45,46,3,2,"[3, 0, 2, 4, 1]",10-50
50,4,9,29,12,35,45,49,4,4,"[3, 0, 2, 4, 1]",10-50
50,4,10,81,87,51,64,74,1,1,"[3, 0, 2, 4, 1]",40-120
50,4,11,62,50,41,73,118,4,4,"[3, 0, 2, 4, 1]",40-120
50,4,12,36,50,48,16,23,1,2,"[3, 0, 2, 4, 1]",10-50
50,4,13,26,28,50,27,21,2,2,"[3, 0, 2, 4, 1]",10-50
50,4,14,253,256,367,207,341,2,2,"[3, 0, 2, 4, 1]",150-400
50,4,15,19,42,43,13,17,2,2,"[3, 0, 2, 4, 1]",10-50
50,4,16,66,103,93,109,77,1,3,"[3, 0, 2, 4, 1]",40-120
50,4,17,191,168,120,162,119,0,0,"[3, 0, 2, 4, 1]",100-200
50,4,18,48,35,22,41,17,0,0,"[3, 0, 2, 4, 1]",10-50
50,4,19,37,46,36,49,41,3,3,"[3, 0, 2, 4, 1]",10-50
50,4,20,362,394,313,230,218,0,1,"[3, 0, 2, 4, 1]",150-400
50,4,21,224,312,307,210,375,4,4,"[3, 0, 2, 4, 1]",150-400
50,4,22,50,36,23,36,17,0,0,"[3, 0, 2, 4, 1]",10-50
50,4,23,150,358,288,337,230,3,1,"[3, 0, 2, 4, 1]",150-400
50,4,24,31,18,36,39,21,4,3,"[3, 0, 2, 4, 1]",10-50
50,4,25,114,105,99,111,75,0,3,"[3, 0, 2, 4, 1]",40-120
50,4,26,153,102,155,178,186,4,4,"[3, 0, 2, 4, 1]",100-200
50,4,27,43,91,88,78,86,1,2,"[3, 0, 2, 4, 1]",40-120
50,4,28,109,112,85,112,120,3,4,"[3, 0, 2, 4, 1]",40-120
50,4,29,94,48,96,62,119,4,4,"[3, 0, 2, 4, 1]",40-120
50,4,30,192,106,153,177,110,2,0,"[3, 0, 2, 4, 1]",100-200
50,4,31,55,40,80,89,45,3,3,"[3, 0, 2, 4, 1]",40-120
50,4,32,213,371,317,223,357,0,1,"[3, 0, 2, 4, 1]",150-400
50,4,33,45,48,36,30,43,4,1,"[3, 0, 2, 4, 1]",10-50
50,4,34,255,385,352,216,316,1,2,"[3, 0, 2, 4, 1]",150-400
50,4,35,37,12,22,21,27,0,0,"[3, 0, 2, 4, 1]",10-50
50,4,36,91,71,78,66,69,0,0,"[3, 0, 2, 4, 1]",40-120
50,4,37,341,378,190,398,190,3,3,"[3, 0, 2, 4, 1]",150-400
50,4,38,87,72,100,50,88,2,2,"[3, 0, 2, 4, 1]",40-120
50,4,39,65,73,70,110,71,3,3,"[3, 0, 2, 4, 1]",40-120
50,4,40,111,101,122,128,165,4,4,"[3, 0, 2, 4, 1]",100-200
50,4,41,63,57,117,69,56,2,2,"[3, 0, 2, 4, 1]",40-120
50,4,42,90,72,40,44,98,0,4,"[3, 0, 2, 4, 1]",40-120
50,4,43,21,44,23,43,40,3,1,"[3, 0, 2, 4, 1]",10-50
50,4,44,163,121,110,136,110,1,0,"[3, 0, 2, 4, 1]",100-200
50,4,45,32,44,47,39,12,2,2,"[3, 0, 2, 4, 1]",10-50
50,4,46,191,102,151,162,102,2,0,"[3, 0, 2, 4, 1]",100-200
50,4,47,115,191,146,166,159,1,1,"[3, 0, 2, 4, 1]",100-200
50,4,48,194,146,117,172,180,0,0,"[3, 0, 2, 4, 1]",100-200
50,4,49,19,21,42,42,20,1,2,"[3, 0, 2, 4, 1]",10-50
50,5,0,46,25,28,36,11,0,0,"[1, 0, 3, 2, 4]",10-50
50,5,1,49,22,50,38,44,2,0,"[1, 0, 3, 2, 4]",10-50
50,5,2,42,120,86,60,108,1,1,"[1, 0, 3, 2, 4]",40-120
50,5,3,33,24,34,50,35,3,3,"[1, 0, 3, 2, 4]",10-50
50,5,4,15,20,10,19,46,4,4,"[1, 0, 3, 2, 4]",10-50
50,5,5,44,44,48,34,26,0,2,"[1, 0, 3, 2, 4]",10-50
50,5,6,292,246,248,294,202,3,3,"[1, 0, 3, 2, 4]",150-400
50,5,7,39,35,49,12,26,2,2,"[1, 0, 3, 2, 4]",10-50
50,5,8,233,365,287,339,159,3,1,"[1, 0, 3, 2, 4]",150-400
50,5,9,11,18,20,37,31,3,3,"[1, 0, 3, 2, 4]",10-50
50,5,10,78,43,57,75,88,0,4,"[1, 0, 3, 2, 4]",40-120
50,5,11,89,77,41,116,45,3,3,"[1, 0, 3, 2, 4]",40-120
50,5,12,66,61,112,61,64,2,2,"[1, 0, 3, 2, 4]",40-120
50,5,13,29,38,34,19,15,1,1,"[1, 0, 3, 2, 4]",10-50
50,5,14,112,135,112,186,154,3,3,"[1, 0, 3, 2, 4]",100-200
50,5,15,46,71,63,101,115,4,4,"[1, 0, 3, 2, 4]",40-120
50,5,16,163,163,101,121,178,1,4,"[1, 0, 3, 2, 4]",100-200
50,5,17,60,73,45,115,82,3,3,"[1, 0, 3, 2, 4]",40-120
50,5,18,53,47,46,112,94,4,3,"[1, 0, 3, 2, 4]",40-120
50,5,19,177,274,325,163,307,4,2,"[1, 0, 3, 2, 4]",150-400
50,5,20,194,159,127,177,119,0,0,"[1, 0, 3, 2, 4]",100-200
50,5,21,105,139,135,125,179,4,4,"[1, 0, 3, 2, 4]",100-200
50,5,22,100,156,158,101,162,1,4,"[1, 0, 3, 2, 4]",100-200
50,5,23,20,23,13,20,20,4,1,"[1, 0, 3, 2, 4]",10-50
50,5,24,137,131,176,146,172,2,2,"[1, 0, 3, 2, 4]",100-200
50,5,25,27,24,11,10,38,0,4,"[1, 0, 3, 2, 4]",10-50
50,5,26,112,106,101,170,171,3,4,"[1, 0, 3, 2, 4]",100-200
50,5,27,43,28,16,31,46,4,4,"[1, 0, 3, 2, 4]",10-50
50,5,28,388,165,256,369,352,0,0,"[1, 0, 3, 2, 4]",150-400
50,5,29,50,66,47,112,61,4,3,"[1, 0, 3, 2, 4]",40-120
50,5,30,31,48,44,13,19,1,1,"[1, 0, 3, 2, 4]",10-50
50,5,31,74,61,109,113,47,2,3,"[1, 0, 3, 2, 4]",40-120
50,5,32,10,21,38,11,38,2,4,"[1, 0, 3, 2, 4]",10-50
50,5,33,110,63,104,50,61,0,0,"[1, 0, 3, 2, 4]",40-120
50,5,34,261,377,272,190,220,1,1,"[1, 0, 3, 2, 4]",150-400
50,5,35,43,77,44,102,51,1,3,"[1, 0, 3, 2, 4]",40-120
50,5,36,314,158,179,227,266,0,0,"[1, 0, 3, 2, 4]",150-400
50,5,37,43,52,54,119,87,3,3,"[1, 0, 3, 2, 4]",40-120
50,5,38,57,88,50,102,90,1,3,"[1, 0, 3, 2, 4]",40-120
50,5,39,98,103,42,58,69,1,1,"[1, 0, 3, 2, 4]",40-120
50,5,40,35,32,15,46,15,3,3,"[1, 0, 3, 2, 4]",10-50
50,5,41,197,166,127,169,191,4,4,"[1, 0, 3, 2, 4]",100-200
50,5,42,168,124,190,105,124,2,2,"[1, 0, 3, 2, 4]",100-200
50,5,43,26,33,15,10,36,2,4,"[1, 0, 3, 2, 4]",10-50
50,5,44,182,146,117,139,111,0,0,"[1, 0, 3, 2, 4]",100-200
50,5,45,101,82,42,67,100,0,4,"[1, 0, 3, 2, 4]",40-120
50,5,46,175,126,107,119,138,4,0,"[1, 0, 3, 2, 4]",100-200
50,5,47,360,391,358,393,247,1,1,"[1, 0, 3, 2, 4]",150-400
50,5,48,341,284,369,166,319,2,2,"[1, 0, 3, 2, 4]",150-400
50,5,49,154,120,185,104,100,2,2,"[1, 0, 3, 2, 4]",100-200
50,6,0,143,156,124,100,124,2,1,"[4, 1, 2, 0, 3]",100-200
50,6,1,12,48,11,48,16,3,1,"[4, 1, 2, 0, 3]",10-50
50,6,2,53,120,54,55,58,1,1,"[4, 1, 2, 0, 3]",40-120
50,6,3,20,19,45,28,23,2,2,"[4, 1, 2, 0, 3]",10-50
50,6,4,47,19,17,19,38,4,0,"[4, 1, 2, 0, 3]",10-50
50,6,5,35,26,21,22,38,4,4,"[4, 1, 2, 0, 3]",10-50
50,6,6,99,118,80,88,98,1,1,"[4, 1, 2, 0, 3]",40-120
50,6,7,99,80,55,93,119,4,4,"[4, 1, 2, 0, 3]",40-120
50,6,8,165,183,111,114,125,1,1,"[4, 1, 2, 0, 3]",100-200
50,6,9,38,41,44,21,26,1,2,"[4, 1, 2, 0, 3]",10-50
50,6,10,108,87,53,114,100,0,3,"[4, 1, 2, 0, 3]",40-120
50,6,11,13,30,44,13,15,1,2,"[4, 1, 2, 0, 3]",10-50
50,6,12,23,32,43,15,36,4,2,"[4, 1, 2, 0, 3]",10-50
50,6,13,45,43,50,27,21,2,2,"[4, 1, 2, 0, 3]",10-50
50,6,14,218,319,239,228,182,1,1,"[4, 1, 2, 0, 3]",150-400
50,6,15,181,128,186,198,157,3,3,"[4, 1, 2, 0, 3]",100-200
50,6,16,44,13,27,39,31,3,0,"[4, 1, 2, 0, 3]",10-50
50,6,17,200,170,194,357,388,4,4,"[4, 1, 2, 0, 3]",150-400
50,6,18,116,147,197,159,133,2,2,"[4, 1, 2, 0, 3]",100-200
50,6,19,183,186,106,150,180,1,1,"[4, 1, 2, 0, 3]",100-200
50,6,20,126,109,146,149,159,3,4,"[4, 1, 2, 0, 3]",100-200
50,6,21,25,21,31,15,33,0,2,"[4, 1, 2, 0, 3]",10-50
50,6,22,108,94,85,49,74,0,0,"[4, 1, 2, 0, 3]",40-120
50,6,23,339,342,353,366,197,1,3,"[4, 1, 2, 0, 3]",150-400
50,6,24,100,59,97,56,76,2,0,"[4, 1, 2, 0, 3]",40-120
50,6,25,257,335,385,241,324,2,2,"[4, 1, 2, 0, 3]",150-400
50,6,26,60,56,89,62,49,3,2,"[4, 1, 2, 0, 3]",40-120
50,6,27,168,306,213,329,344,4,4,"[4, 1, 2, 0, 3]",150-400
50,6,28,77,69,42,77,81,1,0,"[4, 1, 2, 0, 3]",40-120
50,6,29,51,108,111,58,92,2,1,"[4, 1, 2, 0, 3]",40-120
50,6,30,49,30,18,11,22,0,0,"[4, 1, 2, 0, 3]",10-50
50,6,31,94,97,108,45,60,2,2,"[4, 1, 2, 0, 3]",40-120
50,6,32,14,25,20,25,33,3,4,"[4, 1, 2, 0, 3]",10-50
50,6,33,52,53,89,110,115,4,4,"[4, 1, 2, 0, 3]",40-120
50,6,34,46,14,32,12,20,0,0,"[4, 1, 2, 0, 3]",10-50
50,6,35,343,265,344,154,239,0,0,"[4, 1, 2, 0, 3]",150-400
50,6,36,17,49,16,12,21,1,1,"[4, 1, 2, 0, 3]",10-50
50,6,37,94,78,52,92,113,4,4,"[4, 1, 2, 0, 3]",40-120
50,6,38,291,208,252,347,279,3,3,"[4, 1, 2, 0, 3]",150-400
50,6,39,96,96,50,106,53,3,1,"[4, 1, 2, 0, 3]",40-120
50,6,40,85,77,52,113,89,3,3,"[4, 1, 2, 0, 3]",40-120
50,6,41,154,153,130,115,177,4,4,"[4, 1, 2, 0, 3]",100-200
50,6,42,159,127,100,101,166,0,0,"[4, 1, 2, 0, 3]",100-200
50,6,43,144,113,114,179,184,4,3,"[4, 1, 2, 0, 3]",100-200
50,6,44,12,10,38,21,33,2,2,"[4, 1, 2, 0, 3]",10-50
50,6,45,320,186,152,240,217,0,0,"[4, 1, 2, 0, 3]",150-400
50,6,46,113,104,117,149,128,3,3,"[4, 1, 2, 0, 3]",100-200
50,6,47,134,125,184,162,115,2,2,"[4, 1, 2, 0, 3]",100-200
50,6,48,69,46,94,80,44,0,2,"[4, 1, 2, 0, 3]",40-120
50,6,49,166,143,132,161,160,0,0,"[4, 1, 2, 0, 3]",100-200
50,7,0,122,195,111,172,119,1,1,"[1, 2, 4, 0, 3]",100-200
50,7,1,153,144,168,131,109,2,2,"[1, 2, 4, 0, 3]",100-200
50,7,2,115,52,74,111,65,0,0,"[1, 2, 4, 0, 3]",40-120
50,7,3,95,50,93,53,93,2,2,"[1, 2, 4, 0, 3]",40-120
50,7,4,336,338,292,154,308,0,0,"[1, 2, 4, 0, 3]",150-400
50,7,5,73,120,110,100,51,1,1,"[1, 2, 4, 0, 3]",40-120
50,7,6,115,190,155,167,158,2,2,"[1, 2, 4, 0, 3]",100-200
50,7,7,43,28,40,12,11,0,0,"[1, 2, 4, 0, 3]",10-50
50,7,8,123,159,100,132,120,3,3,"[1, 2, 4, 0, 3]",100-200
50,7,9,286,287,182,210,293,2,2,"[1, 2, 4, 0, 3]",150-400
50,7,10,59,85,83,60,107,4,4,"[1, 2, 4, 0, 3]",40-120
50,7,11,44,46,21,50,28,0,0,"[1, 2, 4, 0, 3]",10-50
50,7,12,31,47,27,25,24,1,1,"[1, 2, 4, 0, 3]",10-50
50,7,13,118,104,58,57,96,0,0,"[1, 2, 4, 0, 3]",40-120
50,7,14,111,112,110,113,199,4,4,"[1, 2, 4, 0, 3]",100-200
50,7,15,71,79,50,71,77,3,3,"[1, 2, 4, 0, 3]",40-120
50,7,16,180,340,187,241,180,1,1,"[1, 2, 4, 0, 3]",150-400
50,7,17,317,289,180,270,268,4,4,"[1, 2, 4, 0, 3]",150-400
50,7,18,48,80,114,87,111,4,4,"[1, 2, 4, 0, 3]",40-120
50,7,19,297,341,161,324,221,3,3,"[1, 2, 4, 0, 3]",150-400
50,7,20,89,69,92,114,96,3,3,"[1, 2, 4, 0, 3]",40-120
50,7,21,141,189,162,197,127,3,3,"[1, 2, 4, 0, 3]",100-200
50,7,22,177,199,130,127,137,0,0,"[1, 2, 4, 0, 3]",100-200
50,7,23,189,191,237,387,334,4,4,"[1, 2, 4, 0, 3]",150-400
50,7,24,33,31,46,31,31,2,2,"[1, 2, 4, 0, 3]",10-50
50,7,25,16,30,34,16,38,0,0,"[1, 2, 4, 0, 3]",10-50
50,7,26,120,183,145,156,173,4,4,"[1, 2, 4, 0, 3]",100-200
50,7,27,139,200,164,124,144,1,1,"[1, 2, 4, 0, 3]",100-200
50,7,28,45,49,49,35,48,1,1,"[1, 2, 4, 0, 3]",10-50
50,7,29,26,20,39,50,31,3,3,"[1, 2, 4, 0, 3]",10-50
50,7,30,160,197,117,189,137,0,0,"[1, 2, 4, 0, 3]",100-200
50,7,31,14,46,27,16,49,4,4,"[1, 2, 4, 0, 3]",10-50
50,7,32,21,31,44,24,28,2,2,"[1, 2, 4, 0, 3]",10-50
50,7,33,42,15,43,49,41,3,3,"[1, 2, 4, 0, 3]",10-50
50,7,34,78,65,64,90,101,4,4,"[1, 2, 4, 0, 3]",40-120
50,7,35,342,163,362,260,298,2,2,"[1, 2, 4, 0, 3]",150-400
50,7,36,63,118,88,66,55,1,1,"[1, 2, 4, 0, 3]",40-120
50,7,37,44,45,59,114,83,3,3,"[1, 2, 4, 0, 3]",40-120
50,7,38,160,174,103,177,113,0,0,"[1, 2, 4, 0, 3]",100-200
50,7,39,105,78,81,59,54,0,0,"[1, 2, 4, 0, 3]",40-120
50,7,40,38,44,11,27,36,1,1,"[1, 2, 4, 0, 3]",10-50
50,7,41,25,28,17,22,49,4,4,"[1, 2, 4, 0, 3]",10-50
50,7,42,109,84,45,95,55,1,1,"[1, 2, 4, 0, 3]",40-120
50,7,43,111,157,147,197,135,3,3,"[1, 2, 4, 0, 3]",100-200
50,7,44,332,378,238,215,328,1,1,"[1, 2, 4, 0, 3]",150-400
50,7,45,40,73,84,90,84,2,2,"[1, 2, 4, 0, 3]",40-120
50,7,46,10,21,23,45,20,3,3,"[1, 2, 4, 0, 3]",10-50
50,7,47,31,23,41,20,20,2,2,"[1, 2, 4, 0, 3]",10-50
50,7,48,32,14,35,15,49,4,4,"[1, 2, 4, 0, 3]",10-50
50,7,49,56,101,116,110,80,2,2,"[1, 2, 4, 0, 3]",40-120
50,8,0,206,280,182,180,244,4,4,"[2, 0, 4, 1, 3]",150-400
50,8,1,29,18,33,35,39,0,0,"[2, 0, 4, 1, 3]",10-50
50,8,2,160,268,319,158,162,2,2,"[2, 0, 4, 1, 3]",150-400
50,8,3,108,85,97,100,53,3,3,"[2, 0, 4, 1, 3]",40-120
50,8,4,34,49,18,25,48,4,4,"[2, 0, 4, 1, 3]",10-50
50,8,5,22,46,27,42,45,1,1,"[2, 0, 4, 1, 3]",10-50
50,8,6,46,61,87,115,115,4,4,"[2, 0, 4, 1, 3]",40-120
50,8,7,174,190,183,150,166,1,1,"[2, 0, 4, 1, 3]",100-200
50,8,8,42,20,47,41,23,3,3,"[2, 0, 4, 1, 3]",10-50
50,8,9,85,107,106,71,67,2,2,"[2, 0, 4, 1, 3]",40-120
50,8,10,54,54,90,100,107,3,3,"[2, 0, 4, 1, 3]",40-120
50,8,11,25,19,39,23,20,1,1,"[2, 0, 4, 1, 3]",10-50
50,8,12,96,83,74,83,74,1,1,"[2, 0, 4, 1, 3]",40-120
50,8,13,263,391,302,393,228,1,1,"[2, 0, 4, 1, 3]",150-400
50,8,14,83,112,109,65,66,1,1,"[2, 0, 4, 1, 3]",40-120
50,8,15,27,14,39,10,44,4,4,"[2, 0, 4, 1, 3]",10-50
50,8,16,116,153,152,174,200,4,4,"[2, 0, 4, 1, 3]",100-200
50,8,17,36,28,44,10,42,2,2,"[2, 0, 4, 1, 3]",10-50
50,8,18,98,67,107,91,108,4,4,"[2, 0, 4, 1, 3]",40-120
50,8,19,234,350,220,157,369,4,4,"[2, 0, 4, 1, 3]",150-400
50,8,20,89,85,112,58,68,2,2,"[2, 0, 4, 1, 3]",40-120
50,8,21,38,34,49,12,13,2,2,"[2, 0, 4, 1, 3]",10-50
50,8,22,144,133,195,195,122,3,3,"[2, 0, 4, 1, 3]",100-200
50,8,23,124,109,159,190,161,3,3,"[2, 0, 4, 1, 3]",100-200
50,8,24,40,72,105,54,98,3,3,"[2, 0, 4, 1, 3]",40-120
50,8,25,123,139,134,102,193,4,4,"[2, 0, 4, 1, 3]",100-200
50,8,26,21,16,24,14,11,3,3,"[2, 0, 4, 1, 3]",10-50
50,8,27,132,161,175,115,159,1,1,"[2, 0, 4, 1, 3]",100-200
50,8,28,139,148,109,136,168,1,1,"[2, 0, 4, 1, 3]",100-200
50,8,29,109,118,73,117,60,1,1,"[2, 0, 4, 1, 3]",40-120
50,8,30,218,207,200,294,325,3,3,"[2, 0, 4, 1, 3]",150-400
50,8,31,182,145,170,185,171,2,2,"[2, 0, 4, 1, 3]",100-200
50,8,32,171,176,194,175,116,2,2,"[2, 0, 4, 1, 3]",100-200
50,8,33,69,64,49,93,102,4,4,"[2, 0, 4, 1, 3]",40-120
50,8,34,71,86,120,81,61,2,2,"[2, 0, 4, 1, 3]",40-120
50,8,35,50,25,36,39,16,0,0,"[2, 0, 4, 1, 3]",10-50
50,8,36,120,118,80,94,113,0,0,"[2, 0, 4, 1, 3]",40-120
50,8,37,167,128,106,148,125,0,0,"[2, 0, 4, 1, 3]",100-200
50,8,38,32,35,45,18,19,1,1,"[2, 0, 4, 1, 3]",10-50
50,8,39,165,192,377,217,206,2,2,"[2, 0, 4, 1, 3]",150-400
50,8,40,35,49,50,46,11,2,2,"[2, 0, 4, 1, 3]",10-50
50,8,41,197,135,189,103,124,0,0,"[2, 0, 4, 1, 3]",100-200
50,8,42,155,129,145,152,160,3,3,"[2, 0, 4, 1, 3]",100-200
50,8,43,376,355,322,307,261,0,0,"[2, 0, 4, 1, 3]",150-400
50,8,44,22,10,44,38,22,3,3,"[2, 0, 4, 1, 3]",10-50
50,8,45,40,19,27,35,23,0,0,"[2, 0, 4, 1, 3]",10-50
50,8,46,116,61,74,42,75,0,0,"[2, 0, 4, 1, 3]",40-120
50,8,47,28,38,33,26,48,4,4,"[2, 0, 4, 1, 3]",10-50
50,8,48,117,54,102,83,55,0,0,"[2, 0, 4, 1, 3]",40-120
50,8,49,366,329,266,256,190,0,0,"[2, 0, 4, 1, 3]",150-400
50,9,0,15,13,20,47,38,4,3,"[2, 1, 4, 0, 3]",10-50
50,9,1,90,100,62,51,86,0,1,"[2, 1, 4, 0, 3]",40-120
50,9,2,35,30,30,22,20,1,0,"[2, 1, 4, 0, 3]",10-50
50,9,3,324,393,197,234,269,1,1,"[2, 1, 4, 0, 3]",150-400
50,9,4,60,106,49,44,66,1,1,"[2, 1, 4, 0, 3]",40-120
50,9,5,135,102,176,125,192,2,4,"[2, 1, 4, 0, 3]",100-200
50,9,6,49,23,47,10,22,0,0,"[2, 1, 4, 0, 3]",10-50
50,9,7,393,182,306,256,329,0,0,"[2, 1, 4, 0, 3]",150-400
50,9,8,66,72,99,45,113,2,4,"[2, 1, 4, 0, 3]",40-120
50,9,9,43,37,18,49,21,1,3,"[2, 1, 4, 0, 3]",10-50
50,9,10,41,13,43,40,30,0,2,"[2, 1, 4, 0, 3]",10-50
50,9,11,31,19,36,40,22,3,3,"[2, 1, 4, 0, 3]",10-50
50,9,12,57,105,101,45,41,2,1,"[2, 1, 4, 0, 3]",40-120
50,9,13,23,11,48,22,31,2,2,"[2, 1, 4, 0, 3]",10-50
50,9,14,330,284,219,291,170,2,0,"[2, 1, 4, 0, 3]",150-400
50,9,15,32,28,33,30,24,0,2,"[2, 1, 4, 0, 3]",10-50
50,9,16,41,32,30,48,49,4,3,"[2, 1, 4, 0, 3]",10-50
50,9,17,156,154,150,117,107,0,2,"[2, 1, 4, 0, 3]",100-200
50,9,18,87,104,46,102,73,1,1,"[2, 1, 4, 0, 3]",40-120
50,9,19,29,21,37,50,40,3,3,"[2, 1, 4, 0, 3]",10-50
50,9,20,246,265,194,333,300,1,3,"[2, 1, 4, 0, 3]",150-400
50,9,21,111,70,64,71,117,4,4,"[2, 1, 4, 0, 3]",40-120
50,9,22,224,182,209,364,369,4,4,"[2, 1, 4, 0, 3]",150-400
50,9,23,20,25,30,45,34,3,3,"[2, 1, 4, 0, 3]",10-50
50,9,24,127,163,121,192,153,3,3,"[2, 1, 4, 0, 3]",100-200
50,9,25,158,145,200,130,167,2,2,"[2, 1, 4, 0, 3]",100-200
50,9,26,151,194,147,159,115,3,1,"[2, 1, 4, 0, 3]",100-200
50,9,27,178,153,174,111,150,0,2,"[2, 1, 4, 0, 3]",100-200
50,9,28,27,23,42,11,11,2,2,"[2, 1, 4, 0, 3]",10-50
50,9,29,195,175,165,172,196,4,0,"[2, 1, 4, 0, 3]",100-200
50,9,30,143,116,119,138,104,3,0,"[2, 1, 4, 0, 3]",100-200
50,9,31,221,309,306,378,309,3,3,"[2, 1, 4, 0, 3]",150-400
50,9,32,176,172,143,145,127,4,0,"[2, 1, 4, 0, 3]",100-200
50,9,33,86,67,96,83,109,4,4,"[2, 1, 4, 0, 3]",40-120
50,9,34,40,68,43,107,45,3,3,"[2, 1, 4, 0, 3]",40-120
50,9,35,42,49,43,37,49,1,1,"[2, 1, 4, 0, 3]",10-50
50,9,36,196,303,393,315,361,2,2,"[2, 1, 4, 0, 3]",150-400
50,9,37,56,81,97,98,114,4,4,"[2, 1, 4, 0, 3]",40-120
50,9,38,65,62,66,84,93,0,4,"[2, 1, 4, 0, 3]",40-120
50,9,39,56,95,106,117,43,3,3,"[2, 1, 4, 0, 3]",40-120
50,9,40,316,272,334,185,374,4,4,"[2, 1, 4, 0, 3]",150-400
50,9,41,104,200,164,124,174,1,1,"[2, 1, 4, 0, 3]",100-200
50,9,42,103,102,106,98,92,0,2,"[2, 1, 4, 0, 3]",40-120
50,9,43,60,40,61,67,74,3,4,"[2, 1, 4, 0, 3]",40-120
50,9,44,197,132,105,132,134,0,0,"[2, 1, 4, 0, 3]",100-200
50,9,45,165,181,145,122,132,1,1,"[2, 1, 4, 0, 3]",100-200
50,9,46,60,114,112,59,43,1,2,"[2, 1, 4, 0, 3]",40-120
50,9,47,16,24,20,29,30,4,3,"[2, 1, 4, 0, 3]",10-50
50,9,48,15,14,47,14,32,2,2,"[2, 1, 4, 0, 3]",10-50
50,9,49,56,82,116,66,100,2,2,"[2, 1, 4, 0, 3]",40-120
50,10,0,70,86,69,103,61,3,3,"[4, 1, 3, 2, 0]",40-120
50,10,1,154,116,152,139,100,2,2,"[4, 1, 3, 2, 0]",100-200
50,10,2,353,353,366,298,341,4,4,"[4, 1, 3, 2, 0]",150-400
50,10,3,193,196,179,168,130,0,0,"[4, 1, 3, 2, 0]",100-200
50,10,4,47,90,105,55,58,2,2,"[4, 1, 3, 2, 0]",40-120
50,10,5,108,94,107,71,41,0,0,"[4, 1, 3, 2, 0]",40-120
50,10,6,40,34,42,19,30,0,0,"[4, 1, 3, 2, 0]",10-50
50,10,7,363,370,382,330,328,0,0,"[4, 1, 3, 2, 0]",150-400
50,10,8,165,181,173,127,110,0,0,"[4, 1, 3, 2, 0]",100-200
50,10,9,176,187,145,152,121,1,1,"[4, 1, 3, 2, 0]",100-200
50,10,10,43,108,51,43,72,1,1,"[4, 1, 3, 2, 0]",40-120
50,10,11,48,35,38,11,37,0,0,"[4, 1, 3, 2, 0]",10-50
50,10,12,40,34,42,32,25,3,3,"[4, 1, 3, 2, 0]",10-50
50,10,13,311,227,347,385,362,4,4,"[4, 1, 3, 2, 0]",150-400
50,10,14,11,17,45,10,30,2,2,"[4, 1, 3, 2, 0]",10-50
50,10,15,49,114,84,119,40,1,1,"[4, 1, 3, 2, 0]",40-120
50,10,16,272,352,352,357,167,3,3,"[4, 1, 3, 2, 0]",150-400
50,10,17,73,102,109,45,44,2,2,"[4, 1, 3, 2, 0]",40-120
50,10,18,130,117,138,150,163,0,0,"[4, 1, 3, 2, 0]",100-200
50,10,19,48,88,82,64,57,4,4,"[4, 1, 3, 2, 0]",40-120
50,10,20,119,112,139,177,148,3,3,"[4, 1, 3, 2, 0]",100-200
50,10,21,114,67,67,41,95,4,4,"[4, 1, 3, 2, 0]",40-120
50,10,22,48,21,16,19,30,0,0,"[4, 1, 3, 2, 0]",10-50
50,10,23,36,28,46,49,25,3,3,"[4, 1, 3, 2, 0]",10-50
50,10,24,29,37,45,14,24,2,2,"[4, 1, 3, 2, 0]",10-50
50,10,25,28,42,47,27,42,2,2,"[4, 1, 3, 2, 0]",10-50
50,10,26,37,47,21,35,21,1,1,"[4, 1, 3, 2, 0]",10-50
50,10,27,16,36,22,42,26,3,3,"[4, 1, 3, 2, 0]",10-50
50,10,28,121,180,101,186,109,3,3,"[4, 1, 3, 2, 0]",100-200
50,10,29,118,86,109,57,68,2,2,"[4, 1, 3, 2, 0]",40-120
50,10,30,134,134,154,150,179,4,4,"[4, 1, 3, 2, 0]",100-200
50,10,31,242,276,281,340,313,1,1,"[4, 1, 3, 2, 0]",150-400
50,10,32,165,183,201,188,235,3,3,"[4, 1, 3, 2, 0]",150-400
50,10,33,23,35,23,27,45,4,4,"[4, 1, 3, 2, 0]",10-50
50,10,34,22,44,39,16,10,1,1,"[4, 1, 3, 2, 0]",10-50
50,10,35,21,40,27,20,41,1,1,"[4, 1, 3, 2, 0]",10-50
50,10,36,20,19,43,19,37,0,0,"[4, 1, 3, 2, 0]",10-50
50,10,37,120,55,71,75,69,0,0,"[4, 1, 3, 2, 0]",40-120
50,10,38,239,390,167,244,182,1,1,"[4, 1, 3, 2, 0]",150-400
50,10,39,81,111,66,114,60,3,3,"[4, 1, 3, 2, 0]",40-120
50,10,40,115,118,180,153,148,1,1,"[4, 1, 3, 2, 0]",100-200
50,10,41,106,185,194,168,190,2,2,"[4, 1, 3, 2, 0]",100-200
50,10,42,41,94,90,76,57,1,1,"[4, 1, 3, 2, 0]",40-120
50,10,43,169,181,190,111,168,2,2,"[4, 1, 3, 2, 0]",100-200
50,10,44,52,70,55,52,83,4,4,"[4, 1, 3, 2, 0]",40-120
50,10,45,53,69,99,96,100,4,4,"[4, 1, 3, 2, 0]",40-120
50,10,46,312,280,386,254,258,2,2,"[4, 1, 3, 2, 0]",150-400
50,10,47,125,161,143,117,164,4,4,"[4, 1, 3, 2, 0]",100-200
50,10,48,72,51,59,105,76,3,3,"[4, 1, 3, 2, 0]",40-120
50,10,49,24,40,10,25,50,4,4,"[4, 1, 3, 2, 0]",10-50
50,11,0,27,20,32,40,33,4,4,"[4, 0, 3, 1, 2]",10-50
50,11,1,107,88,71,105,83,0,0,"[4, 0, 3, 1, 2]",40-120
50,11,2,10,16,40,41,20,2,2,"[4, 0, 3, 1, 2]",10-50
50,11,3,200,123,104,168,188,0,0,"[4, 0, 3, 1, 2]",100-200
50,11,4,33,28,34,20,14,1,1,"[4, 0, 3, 1, 2]",10-50
50,11,5,14,32,42,34,21,2,2,"[4, 0, 3, 1, 2]",10-50
50,11,6,288,190,393,212,396,4,4,"[4, 0, 3, 1, 2]",150-400
50,11,7,358,271,244,301,287,0,0,"[4, 0, 3, 1, 2]",150-400
50,11,8,51,67,62,82,66,1,1,"[4, 0, 3, 1, 2]",40-120
50,11,9,142,134,147,193,192,4,4,"[4, 0, 3, 1, 2]",100-200
50,11,10,170,115,133,104,187,4,4,"[4, 0, 3, 1, 2]",100-200
50,11,11,57,112,48,106,51,1,1,"[4, 0, 3, 1, 2]",40-120
50,11,12,15,37,31,45,19,3,3,"[4, 0, 3, 1, 2]",10-50
50,11,13,85,47,45,91,40,3,3,"[4, 0, 3, 1, 2]",40-120
50,11,14,374,334,200,228,158,0,0,"[4, 0, 3, 1, 2]",150-400
50,11,15,127,149,187,131,131,2,2,"[4, 0, 3, 1, 2]",100-200
50,11,16,152,153,121,130,128,1,1,"[4, 0, 3, 1, 2]",100-200
50,11,17,309,154,187,229,161,3,3,"[4, 0, 3, 1, 2]",150-400
50,11,18,122,106,107,174,129,3,3,"[4, 0, 3, 1, 2]",100-200
50,11,19,108,64,65,49,59,0,0,"[4, 0, 3, 1, 2]",40-120
50,11,20,100,65,92,110,55,3,3,"[4, 0, 3, 1, 2]",40-120
50,11,21,189,101,153,123,123,0,0,"[4, 0, 3, 1, 2]",100-200
50,11,22,131,105,106,188,130,3,3,"[4, 0, 3, 1, 2]",100-200
50,11,23,40,33,25,27,18,0,0,"[4, 0, 3, 1, 2]",10-50
50,11,24,25,17,25,24,16,2,2,"[4, 0, 3, 1, 2]",10-50
50,11,25,23,12,26,31,13,3,3,"[4, 0, 3, 1, 2]",10-50
50,11,26,64,86,100,94,98,2,2,"[4, 0, 3, 1, 2]",40-120
50,11,27,30,24,25,33,25,4,4,"[4, 0, 3, 1, 2]",10-50
50,11,28,245,370,300,379,379,1,1,"[4, 0, 3, 1, 2]",150-400
50,11,29,15,11,50,50,39,3,3,"[4, 0, 3, 1, 2]",10-50
50,11,30,38,16,23,20,15,0,0,"[4, 0, 3, 1, 2]",10-50
50,11,31,44,73,91,82,100,4,4,"[4, 0, 3, 1, 2]",40-120
50,11,32,178,118,114,147,174,4,4,"[4, 0, 3, 1, 2]",100-200
50,11,33,68,67,92,77,75,2,2,"[4, 0, 3, 1, 2]",40-120
50,11,34,105,54,45,61,79,0,0,"[4, 0, 3, 1, 2]",40-120
50,11,35,35,40,47,39,41,4,4,"[4, 0, 3, 1, 2]",10-50
50,11,36,38,47,42,23,39,1,1,"[4, 0, 3, 1, 2]",10-50
50,11,37,40,58,76,50,100,4,4,"[4, 0, 3, 1, 2]",40-120
50,11,38,105,178,143,100,180,1,1,"[4, 0, 3, 1, 2]",100-200
50,11,39,124,132,188,184,172,2,2,"[4, 0, 3, 1, 2]",100-200
50,11,40,100,97,89,46,62,1,1,"[4, 0, 3, 1, 2]",40-120
50,11,41,65,83,119,100,114,2,2,"[4, 0, 3, 1, 2]",40-120
50,11,42,174,285,321,335,387,4,4,"[4, 0, 3, 1, 2]",150-400
50,11,43,253,383,311,384,204,3,3,"[4, 0, 3, 1, 2]",150-400
50,11,44,26,39,17,28,31,1,1,"[4, 0, 3, 1, 2]",10-50
50,11,45,51,75,113,111,63,2,2,"[4, 0, 3, 1, 2]",40-120
50,11,46,47,30,27,44,13,0,0,"[4, 0, 3, 1, 2]",10-50
50,11,47,61,95,95,112,54,3,3,"[4, 0, 3, 1, 2]",40-120
50,11,48,216,304,372,249,264,2,2,"[4, 0, 3, 1, 2]",150-400
50,11,49,145,186,110,104,183,1,1,"[4, 0, 3, 1, 2]",100-200
50,12,0,353,341,265,203,371,1,4,"[2, 1, 0, 3, 4]",150-400
50,12,1,195,145,117,108,157,0,0,"[2, 1, 0, 3, 4]",100-200
50,12,2,117,70,49,88,57,0,0,"[2, 1, 0, 3, 4]",40-120
50,12,3,83,87,92,51,46,2,2,"[2, 1, 0, 3, 4]",40-120
50,12,4,124,172,131,151,160,1,1,"[2, 1, 0, 3, 4]",100-200
50,12,5,105,107,97,62,49,0,1,"[2, 1, 0, 3, 4]",40-120
50,12,6,55,89,63,44,96,4,4,"[2, 1, 0, 3, 4]",40-120
50,12,7,24,28,49,32,26,2,2,"[2, 1, 0, 3, 4]",10-50
50,12,8,50,15,36,45,31,0,0,"[2, 1, 0, 3, 4]",10-50
50,12,9,147,198,191,144,149,2,1,"[2, 1, 0, 3, 4]",100-200
50,12,10,343,265,201,366,287,0,3,"[2, 1, 0, 3, 4]",150-400
50,12,11,41,12,27,45,12,3,3,"[2, 1, 0, 3, 4]",10-50
50,12,12,32,37,37,44,50,4,4,"[2, 1, 0, 3, 4]",10-50
50,12,13,90,95,44,53,55,0,1,"[2, 1, 0, 3, 4]",40-120
50,12,14,69,61,49,66,65,3,3,"[2, 1, 0, 3, 4]",40-120
50,12,15,79,102,50,72,59,1,1,"[2, 1, 0, 3, 4]",40-120
50,12,16,16,45,44,13,43,1,1,"[2, 1, 0, 3, 4]",10-50
50,12,17,80,116,98,114,71,1,1,"[2, 1, 0, 3, 4]",40-120
50,12,18,17,25,21,17,42,3,4,"[2, 1, 0, 3, 4]",10-50
50,12,19,104,132,183,152,163,2,2,"[2, 1, 0, 3, 4]",100-200
50,12,20,169,113,130,101,100,2,0,"[2, 1, 0, 3, 4]",100-200
50,12,21,91,111,100,44,58,2,1,"[2, 1, 0, 3, 4]",40-120
50,12,22,102,116,99,85,81,1,1,"[2, 1, 0, 3, 4]",40-120
50,12,23,17,17,29,40,32,3,3,"[2, 1, 0, 3, 4]",10-50
50,12,24,35,27,34,33,49,4,4,"[2, 1, 0, 3, 4]",10-50
50,12,25,48,42,37,37,34,0,1,"[2, 1, 0, 3, 4]",10-50
50,12,26,346,294,257,307,315,4,0,"[2, 1, 0, 3, 4]",150-400
50,12,27,47,57,120,41,62,2,2,"[2, 1, 0, 3, 4]",40-120
50,12,28,194,136,110,112,143,0,0,"[2, 1, 0, 3, 4]",100-200
50,12,29,181,128,122,158,170,3,4,"[2, 1, 0, 3, 4]",100-200
50,12,30,249,308,331,233,194,1,2,"[2, 1, 0, 3, 4]",150-400
50,12,31,42,50,16,33,40,1,1,"[2, 1, 0, 3, 4]",10-50
50,12,32,298,155,337,351,279,2,2,"[2, 1, 0, 3, 4]",150-400
50,12,33,41,33,34,11,24,2,0,"[2, 1, 0, 3, 4]",10-50
50,12,34,107,104,129,164,128,3,3,"[2, 1, 0, 3, 4]",100-200
50,12,35,394,256,329,254,173,0,0,"[2, 1, 0, 3, 4]",150-400
50,12,36,41,15,20,23,26,0,0,"[2, 1, 0, 3, 4]",10-50
50,12,37,52,82,92,102,117,4,4,"[2, 1, 0, 3, 4]",40-120
50,12,38,199,268,223,381,204,3,3,"[2, 1, 0, 3, 4]",150-400
50,12,39,53,89,53,113,89,3,3,"[2, 1, 0, 3, 4]",40-120
50,12,40,22,29,23,13,37,4,4,"[2, 1, 0, 3, 4]",10-50
50,12,41,232,205,383,352,244,2,2,"[2, 1, 0, 3, 4]",150-400
50,12,42,34,41,12,36,21,1,1,"[2, 1, 0, 3, 4]",10-50
50,12,43,116,113,132,193,129,3,3,"[2, 1, 0, 3, 4]",100-200
50,12,44,182,147,197,193,186,4,4,"[2, 1, 0, 3, 4]",100-200
50,12,45,85,55,87,97,118,4,4,"[2, 1, 0, 3, 4]",40-120
50,12,46,138,130,119,161,178,4,4,"[2, 1, 0, 3, 4]",100-200
50,12,47,18,14,11,13,44,4,4,"[2, 1, 0, 3, 4]",10-50
50,12,48,59,54,50,93,71,3,3,"[2, 1, 0, 3, 4]",40-120
50,12,49,101,167,151,111,165,1,1,"[2, 1, 0, 3, 4]",100-200
50,13,0,37,32,15,48,12,3,3,"[2, 1, 0, 4, 3]",10-50
50,13,1,94,70,47,120,91,3,3,"[2, 1, 0, 4, 3]",40-120
50,13,2,155,395,294,227,351,1,1,"[2, 1, 0, 4, 3]",150-400
50,13,3,151,181,161,133,146,1,1,"[2, 1, 0, 4, 3]",100-200
50,13,4,194,109,157,193,108,0,0,"[2, 1, 0, 4, 3]",100-200
50,13,5,35,11,26,44,32,0,0,"[2, 1, 0, 4, 3]",10-50
50,13,6,95,103,105,76,83,2,2,"[2, 1, 0, 4, 3]",40-120
50,13,7,11,15,44,31,40,2,2,"[2, 1, 0, 4, 3]",10-50
50,13,8,134,124,171,147,189,4,4,"[2, 1, 0, 4, 3]",100-200
50,13,9,105,99,79,43,66,0,0,"[2, 1, 0, 4, 3]",40-120
50,13,10,176,175,101,188,183,0,0,"[2, 1, 0, 4, 3]",100-200
50,13,11,240,174,169,183,353,0,0,"[2, 1, 0, 4, 3]",150-400
50,13,12,77,84,51,46,120,4,4,"[2, 1, 0, 4, 3]",40-120
50,13,13,52,58,44,53,55,3,3,"[2, 1, 0, 4, 3]",40-120
50,13,14,182,181,182,174,113,1,1,"[2, 1, 0, 4, 3]",100-200
50,13,15,23,35,46,17,22,2,2,"[2, 1, 0, 4, 3]",10-50
50,13,16,174,150,379,333,240,2,2,"[2, 1, 0, 4, 3]",150-400
50,13,17,16,31,23,39,29,4,4,"[2, 1, 0, 4, 3]",10-50
50,13,18,170,161,142,175,197,4,4,"[2, 1, 0, 4, 3]",100-200
50,13,19,379,341,352,151,247,0,0,"[2, 1, 0, 4, 3]",150-400
50,13,20,33,46,35,41,28,1,1,"[2, 1, 0, 4, 3]",10-50
50,13,21,39,35,19,39,42,1,1,"[2, 1, 0, 4, 3]",10-50
50,13,22,50,29,11,44,38,0,0,"[2, 1, 0, 4, 3]",10-50
50,13,23,82,40,73,92,114,0,0,"[2, 1, 0, 4, 3]",40-120
50,13,24,57,100,53,103,45,3,3,"[2, 1, 0, 4, 3]",40-120
50,13,25,213,167,370,381,339,3,3,"[2, 1, 0, 4, 3]",150-400
50,13,26,149,189,124,197,124,3,3,"[2, 1, 0, 4, 3]",100-200
50,13,27,49,110,49,40,77,1,1,"[2, 1, 0, 4, 3]",40-120
50,13,28,83,88,51,98,120,4,4,"[2, 1, 0, 4, 3]",40-120
50,13,29,69,74,110,78,43,2,2,"[2, 1, 0, 4, 3]",40-120
50,13,30,44,46,30,10,25,0,0,"[2, 1, 0, 4, 3]",10-50
50,13,31,47,11,36,10,48,4,4,"[2, 1, 0, 4, 3]",10-50
50,13,32,103,128,108,158,137,3,3,"[2, 1, 0, 4, 3]",100-200
50,13,33,106,71,85,112,119,0,0,"[2, 1, 0, 4, 3]",40-120
50,13,34,73,88,45,57,93,4,4,"[2, 1, 0, 4, 3]",40-120
50,13,35,186,176,149,195,171,3,3,"[2, 1, 0, 4, 3]",100-200
50,13,36,52,100,41,102,47,1,1,"[2, 1, 0, 4, 3]",40-120
50,13,37,28,50,26,48,13,1,1,"[2, 1, 0, 4, 3]",10-50
50,13,38,113,169,194,149,102,2,2,"[2, 1, 0, 4, 3]",100-200
50,13,39,201,170,259,378,217,4,4,"[2, 1, 0, 4, 3]",150-400
50,13,40,33,46,36,28,14,2,2,"[2, 1, 0, 4, 3]",10-50
50,13,41,359,391,275,308,284,2,2,"[2, 1, 0, 4, 3]",150-400
50,13,42,27,36,43,50,14,3,3,"[2, 1, 0, 4, 3]",10-50
50,13,43,85,119,84,70,58,1,1,"[2, 1, 0, 4, 3]",40-120
50,13,44,115,115,192,174,104,2,2,"[2, 1, 0, 4, 3]",100-200
50,13,45,14,42,29,45,47,4,4,"[2, 1, 0, 4, 3]",10-50
50,13,46,309,253,322,337,363,4,4,"[2, 1, 0, 4, 3]",150-400
50,13,47,21,18,18,47,12,3,3,"[2, 1, 0, 4, 3]",10-50
50,13,48,193,199,129,105,169,1,1,"[2, 1, 0, 4, 3]",100-200
50,13,49,96,102,84,82,51,2,2,"[2, 1, 0, 4, 3]",40-120
50,14,0,80,115,40,110,91,3,3,"[2, 3, 0, 1, 4]",40-120
50,14,1,114,107,185,105,186,2,2,"[2, 3, 0, 1, 4]",100-200
50,14,2,107,89,54,60,52,0,0,"[2, 3, 0, 1, 4]",40-120
50,14,3,62,68,111,98,101,2,2,"[2, 3, 0, 1, 4]",40-120
50,14,4,200,185,161,191,187,0,0,"[2, 3, 0, 1, 4]",100-200
50,14,5,108,159,180,195,148,3,3,"[2, 3, 0, 1, 4]",100-200
50,14,6,14,48,46,19,19,2,2,"[2, 3, 0, 1, 4]",10-50
50,14,7,111,120,70,66,76,0,0,"[2, 3, 0, 1, 4]",40-120
50,14,8,49,108,50,44,83,1,1,"[2, 3, 0, 1, 4]",40-120
50,14,9,38,46,33,38,20,3,3,"[2, 3, 0, 1, 4]",10-50
50,14,10,37,20,44,31,31,2,2,"[2, 3, 0, 1, 4]",10-50
50,14,11,215,237,319,158,383,4,4,"[2, 3, 0, 1, 4]",150-400
50,14,12,269,290,338,313,312,0,0,"[2, 3, 0, 1, 4]",150-400
50,14,13,98,60,42,77,57,3,3,"[2, 3, 0, 1, 4]",40-120
50,14,14,240,173,237,229,235,0,0,"[2, 3, 0, 1, 4]",150-400
50,14,15,29,26,25,11,13,1,1,"[2, 3, 0, 1, 4]",10-50
50,14,16,100,189,115,138,155,1,1,"[2, 3, 0, 1, 4]",100-200
50,14,17,45,68,117,57,102,2,2,"[2, 3, 0, 1, 4]",40-120
50,14,18,59,85,110,105,98,3,3,"[2, 3, 0, 1, 4]",40-120
50,14,19,193,338,224,169,397,1,1,"[2, 3, 0, 1, 4]",150-400
50,14,20,24,36,23,41,48,3,3,"[2, 3, 0, 1, 4]",10-50
50,14,21,46,47,39,10,26,0,0,"[2, 3, 0, 1, 4]",10-50
50,14,22,21,35,49,24,25,2,2,"[2, 3, 0, 1, 4]",10-50
50,14,23,181,202,244,259,293,2,2,"[2, 3, 0, 1, 4]",150-400
50,14,24,40,93,68,62,112,4,4,"[2, 3, 0, 1, 4]",40-120
50,14,25,297,283,342,185,306,2,2,"[2, 3, 0, 1, 4]",150-400
50,14,26,111,49,49,93,58,0,0,"[2, 3, 0, 1, 4]",40-120
50,14,27,348,216,308,334,355,3,3,"[2, 3, 0, 1, 4]",150-400
50,14,28,42,16,23,21,20,0,0,"[2, 3, 0, 1, 4]",10-50
50,14,29,32,17,30,18,35,4,4,"[2, 3, 0, 1, 4]",10-50
50,14,30,113,179,112,192,121,1,1,"[2, 3, 0, 1, 4]",100-200
50,14,31,73,108,75,68,81,1,1,"[2, 3, 0, 1, 4]",40-120
50,14,32,68,91,81,45,59,4,4,"[2, 3, 0, 1, 4]",40-120
50,14,33,37,28,33,25,22,1,1,"[2, 3, 0, 1, 4]",10-50
50,14,34,46,43,17,22,44,0,0,"[2, 3, 0, 1, 4]",10-50
50,14,35,153,272,213,286,359,3,3,"[2, 3, 0, 1, 4]",150-400
50,14,36,51,114,41,89,90,1,1,"[2, 3, 0, 1, 4]",40-120
50,14,37,127,124,185,109,189,4,4,"[2, 3, 0, 1, 4]",100-200
50,14,38,129,134,191,140,106,2,2,"[2, 3, 0, 1, 4]",100-200
50,14,39,16,26,13,25,33,3,3,"[2, 3, 0, 1, 4]",10-50
50,14,40,181,154,169,199,143,3,3,"[2, 3, 0, 1, 4]",100-200
50,14,41,31,10,15,22,30,4,4,"[2, 3, 0, 1, 4]",10-50
50,14,42,28,49,19,22,23,1,1,"[2, 3, 0, 1, 4]",10-50
50,14,43,58,113,116,41,68,2,2,"[2, 3, 0, 1, 4]",40-120
50,14,44,181,162,104,167,200,4,4,"[2, 3, 0, 1, 4]",100-200
50,14,45,112,131,154,124,151,4,4,"[2, 3, 0, 1, 4]",100-200
50,14,46,46,96,52,82,120,4,4,"[2, 3, 0, 1, 4]",40-120
50,14,47,44,31,21,25,49,4,4,"[2, 3, 0, 1, 4]",10-50
50,14,48,132,156,155,183,121,0,0,"[2, 3, 0, 1, 4]",100-200
50,14,49,192,192,118,101,110,1,1,"[2, 3, 0, 1, 4]",100-200
50,15,0,38,12,36,37,29,2,2,"[4, 0, 2, 3, 1]",10-50
50,15,1,187,180,156,200,118,3,3,"[4, 0, 2, 3, 1]",100-200
50,15,2,36,16,34,28,40,4,4,"[4, 0, 2, 3, 1]",10-50
50,15,3,50,17,31,28,21,0,0,"[4, 0, 2, 3, 1]",10-50
50,15,4,119,95,66,41,92,0,0,"[4, 0, 2, 3, 1]",40-120
50,15,5,39,42,50,14,41,2,2,"[4, 0, 2, 3, 1]",10-50
50,15,6,338,354,296,246,302,4,4,"[4, 0, 2, 3, 1]",150-400
50,15,7,89,77,109,91,40,2,2,"[4, 0, 2, 3, 1]",40-120
50,15,8,140,176,178,124,148,2,2,"[4, 0, 2, 3, 1]",100-200
50,15,9,70,115,75,115,117,3,3,"[4, 0, 2, 3, 1]",40-120
50,15,10,109,116,75,85,100,1,1,"[4, 0, 2, 3, 1]",40-120
50,15,11,44,19,21,21,32,4,4,"[4, 0, 2, 3, 1]",10-50
50,15,12,126,146,105,145,193,4,4,"[4, 0, 2, 3, 1]",100-200
50,15,13,102,92,62,89,71,4,4,"[4, 0, 2, 3, 1]",40-120
50,15,14,15,24,18,45,23,3,3,"[4, 0, 2, 3, 1]",10-50
50,15,15,173,198,159,151,161,1,1,"[4, 0, 2, 3, 1]",100-200
50,15,16,115,94,44,62,100,1,1,"[4, 0, 2, 3, 1]",40-120
50,15,17,119,199,171,147,178,1,1,"[4, 0, 2, 3, 1]",100-200
50,15,18,195,159,149,146,164,0,0,"[4, 0, 2, 3, 1]",100-200
50,15,19,190,119,143,179,171,4,4,"[4, 0, 2, 3, 1]",100-200
50,15,20,228,210,265,369,261,3,3,"[4, 0, 2, 3, 1]",150-400
50,15,21,125,143,106,175,146,3,3,"[4, 0, 2, 3, 1]",100-200
50,15,22,166,170,186,181,144,3,3,"[4, 0, 2, 3, 1]",100-200
50,15,23,31,49,26,23,13,1,1,"[4, 0, 2, 3, 1]",10-50
50,15,24,40,36,14,11,22,1,1,"[4, 0, 2, 3, 1]",10-50
50,15,25,40,40,22,35,33,1,1,"[4, 0, 2, 3, 1]",10-50
50,15,26,122,150,121,127,152,1,1,"[4, 0, 2, 3, 1]",100-200
50,15,27,27,28,49,49,16,3,3,"[4, 0, 2, 3, 1]",10-50
50,15,28,107,196,195,152,163,2,2,"[4, 0, 2, 3, 1]",100-200
50,15,29,365,220,305,243,222,0,0,"[4, 0, 2, 3, 1]",150-400
50,15,30,169,284,222,342,173,2,2,"[4, 0, 2, 3, 1]",150-400
50,15,31,96,54,112,53,56,0,0,"[4, 0, 2, 3, 1]",40-120
50,15,32,109,78,111,106,119,4,4,"[4, 0, 2, 3, 1]",40-120
50,15,33,387,236,390,223,281,0,0,"[4, 0, 2, 3, 1]",150-400
50,15,34,46,31,45,48,10,2,2,"[4, 0, 2, 3, 1]",10-50
50,15,35,47,41,47,29,33,0,0,"[4, 0, 2, 3, 1]",10-50
50,15,36,186,141,187,141,123,0,0,"[4, 0, 2, 3, 1]",100-200
50,15,37,30,11,37,31,43,4,4,"[4, 0, 2, 3, 1]",10-50
50,15,38,42,105,50,66,111,4,4,"[4, 0, 2, 3, 1]",40-120
50,15,39,46,63,50,93,49,3,3,"[4, 0, 2, 3, 1]",40-120
50,15,40,99,94,50,100,76,3,3,"[4, 0, 2, 3, 1]",40-120
50,15,41,88,83,117,115,98,2,2,"[4, 0, 2, 3, 1]",40-120
50,15,42,80,57,87,46,61,1,1,"[4, 0, 2, 3, 1]",40-120
50,15,43,119,56,101,88,67,0,0,"[4, 0, 2, 3, 1]",40-120
50,15,44,12,40,29,42,13,3,3,"[4, 0, 2, 3, 1]",10-50
50,15,45,196,260,302,313,294,4,4,"[4, 0, 2, 3, 1]",150-400
50,15,46,173,357,340,358,267,2,2,"[4, 0, 2, 3, 1]",150-400
50,15,47,60,110,116,92,94,2,2,"[4, 0, 2, 3, 1]",40-120
50,15,48,320,289,184,284,151,1,1,"[4, 0, 2, 3, 1]",150-400
50,15,49,43,37,28,31,26,0,0,"[4, 0, 2, 3, 1]",10-50
50,16,0,378,388,353,356,162,3,1,"[1, 2, 4, 3, 0]",150-400
50,16,1,48,36,35,34,47,0,0,"[1, 2, 4, 3, 0]",10-50
50,16,2,364,162,284,226,276,2,0,"[1, 2, 4, 3, 0]",150-400
50,16,3,41,40,48,28,14,2,2,"[1, 2, 4, 3, 0]",10-50
50,16,4,152,117,123,186,111,3,3,"[1, 2, 4, 3, 0]",100-200
50,16,5,56,120,55,58,43,1,1,"[1, 2, 4, 3, 0]",40-120
50,16,6,54,96,56,41,87,4,1,"[1, 2, 4, 3, 0]",40-120
50,16,7,26,31,15,22,50,4,4,"[1, 2, 4, 3, 0]",10-50
50,16,8,61,57,80,68,70,3,2,"[1, 2, 4, 3, 0]",40-120
50,16,9,159,113,146,171,167,3,3,"[1, 2, 4, 3, 0]",100-200
50,16,10,143,137,170,122,173,2,4,"[1, 2, 4, 3, 0]",100-200
50,16,11,371,337,157,286,317,0,0,"[1, 2, 4, 3, 0]",150-400
50,16,12,111,69,57,44,77,0,0,"[1, 2, 4, 3, 0]",40-120
50,16,13,100,130,131,121,102,1,1,"[1, 2, 4, 3, 0]",100-200
50,16,14,354,395,389,199,201,1,2,"[1, 2, 4, 3, 0]",150-400
50,16,15,74,78,92,100,117,4,4,"[1, 2, 4, 3, 0]",40-120
50,16,16,76,69,112,83,94,2,2,"[1, 2, 4, 3, 0]",40-120
50,16,17,23,40,23,23,11,1,1,"[1, 2, 4, 3, 0]",10-50
50,16,18,40,38,32,41,34,2,3,"[1, 2, 4, 3, 0]",10-50
50,16,19,30,19,25,22,13,0,0,"[1, 2, 4, 3, 0]",10-50
50,16,20,160,136,171,154,191,4,4,"[1, 2, 4, 3, 0]",100-200
50,16,21,65,64,120,78,83,2,2,"[1, 2, 4, 3, 0]",40-120
50,16,22,108,115,49,52,75,0,1,"[1, 2, 4, 3, 0]",40-120
50,16,23,29,20,30,29,46,4,4,"[1, 2, 4, 3, 0]",10-50
50,16,24,15,31,29,39,18,3,3,"[1, 2, 4, 3, 0]",10-50
50,16,25,89,94,82,53,49,0,1,"[1, 2, 4, 3, 0]",40-120
50,16,26,200,119,175,172,146,0,0,"[1, 2, 4, 3, 0]",100-200
50,16,27,121,180,120,186,114,3,3,"[1, 2, 4, 3, 0]",100-200
50,16,28,358,269,165,185,353,1,4,"[1, 2, 4, 3, 0]",150-400
50,16,29,18,17,32,24,31,4,2,"[1, 2, 4, 3, 0]",10-50
50,16,30,68,110,96,67,44,1,1,"[1, 2, 4, 3, 0]",40-120
50,16,31,102,43,94,72,63,0,0,"[1, 2, 4, 3, 0]",40-120
50,16,32,47,11,47,47,21,2,3,"[1, 2, 4, 3, 0]",10-50
50,16,33,54,40,82,109,98,3,3,"[1, 2, 4, 3, 0]",40-120
50,16,34,28,44,14,46,11,3,3,"[1, 2, 4, 3, 0]",10-50
50,16,35,328,343,375,286,165,2,2,"[1, 2, 4, 3, 0]",150-400
50,16,36,170,158,108,178,111,1,3,"[1, 2, 4, 3, 0]",100-200
50,16,37,48,76,85,74,74,3,2,"[1, 2, 4, 3, 0]",40-120
50,16,38,155,149,196,113,195,2,2,"[1, 2, 4, 3, 0]",100-200
50,16,39,177,132,101,135,137,0,0,"[1, 2, 4, 3, 0]",100-200
50,16,40,14,17,26,50,29,3,3,"[1, 2, 4, 3, 0]",10-50
50,16,41,323,190,225,338,367,4,3,"[1, 2, 4, 3, 0]",150-400
50,16,42,48,35,24,12,15,0,0,"[1, 2, 4, 3, 0]",10-50
50,16,43,62,110,96,67,46,2,1,"[1, 2, 4, 3, 0]",40-120
50,16,44,221,175,214,284,349,4,4,"[1, 2, 4, 3, 0]",150-400
50,16,45,106,196,110,184,116,1,1,"[1, 2, 4, 3, 0]",100-200
50,16,46,44,49,41,47,38,1,1,"[1, 2, 4, 3, 0]",10-50
50,16,47,47,85,70,55,118,4,4,"[1, 2, 4, 3, 0]",40-120
50,16,48,139,103,148,122,169,4,4,"[1, 2, 4, 3, 0]",100-200
50,16,49,43,47,29,13,44,1,1,"[1, 2, 4, 3, 0]",10-50
50,17,0,44,41,67,94,84,3,3,"[4, 1, 0, 2, 3]",40-120
50,17,1,171,124,180,129,168,0,4,"[4, 1, 0, 2, 3]",100-200
50,17,2,148,117,103,175,173,4,3,"[4, 1, 0, 2, 3]",100-200
50,17,3,38,30,46,40,16,0,2,"[4, 1, 0, 2, 3]",10-50
50,17,4,116,194,200,110,107,2,2,"[4, 1, 0, 2, 3]",100-200
50,17,5,272,293,157,214,321,4,4,"[4, 1, 0, 2, 3]",150-400
50,17,6,17,13,48,36,28,2,2,"[4, 1, 0, 2, 3]",10-50
50,17,7,13,19,48,23,19,2,2,"[4, 1, 0, 2, 3]",10-50
50,17,8,50,20,44,36,42,0,0,"[4, 1, 0, 2, 3]",10-50
50,17,9,116,97,107,78,57,0,0,"[4, 1, 0, 2, 3]",40-120
50,17,10,70,87,51,118,81,3,3,"[4, 1, 0, 2, 3]",40-120
50,17,11,63,118,108,44,46,1,1,"[4, 1, 0, 2, 3]",40-120
50,17,12,35,49,36,40,45,1,4,"[4, 1, 0, 2, 3]",10-50
50,17,13,92,48,49,72,61,0,0,"[4, 1, 0, 2, 3]",40-120
50,17,14,193,227,338,218,278,2,2,"[4, 1, 0, 2, 3]",150-400
50,17,15,163,144,187,106,130,2,2,"[4, 1, 0, 2, 3]",100-200
50,17,16,352,360,184,244,232,0,1,"[4, 1, 0, 2, 3]",150-400
50,17,17,256,247,236,154,219,0,0,"[4, 1, 0, 2, 3]",150-400
50,17,18,152,376,358,286,231,1,1,"[4, 1, 0, 2, 3]",150-400
50,17,19,263,264,159,265,153,1,3,"[4, 1, 0, 2, 3]",150-400
50,17,20,36,14,15,35,30,3,0,"[4, 1, 0, 2, 3]",10-50
50,17,21,172,105,169,185,159,3,3,"[4, 1, 0, 2, 3]",100-200
50,17,22,29,28,32,35,50,4,4,"[4, 1, 0, 2, 3]",10-50
50,17,23,141,154,123,176,144,1,3,"[4, 1, 0, 2, 3]",100-200
50,17,24,203,275,359,215,387,4,4,"[4, 1, 0, 2, 3]",150-400
50,17,25,282,213,314,296,260,3,2,"[4, 1, 0, 2, 3]",150-400
50,17,26,195,194,177,147,192,4,0,"[4, 1, 0, 2, 3]",100-200
50,17,27,31,32,50,37,42,2,2,"[4, 1, 0, 2, 3]",10-50
50,17,28,35,16,12,26,43,0,4,"[4, 1, 0, 2, 3]",10-50
50,17,29,84,103,104,60,61,2,1,"[4, 1, 0, 2, 3]",40-120
50,17,30,39,42,11,44,13,3,3,"[4, 1, 0, 2, 3]",10-50
50,17,31,78,105,106,40,96,4,2,"[4, 1, 0, 2, 3]",40-120
50,17,32,94,86,84,64,57,0,0,"[4, 1, 0, 2, 3]",40-120
50,17,33,53,73,88,102,40,3,3,"[4, 1, 0, 2, 3]",40-120
50,17,34,19,42,31,13,31,1,1,"[4, 1, 0, 2, 3]",10-50
50,17,35,92,86,85,62,66,1,0,"[4, 1, 0, 2, 3]",40-120
50,17,36,79,47,75,41,78,2,4,"[4, 1, 0, 2, 3]",40-120
50,17,37,39,17,37,33,50,4,4,"[4, 1, 0, 2, 3]",10-50
50,17,38,112,149,140,154,158,2,4,"[4, 1, 0, 2, 3]",100-200
50,17,39,153,145,127,114,125,4,0,"[4, 1, 0, 2, 3]",100-200
50,17,40,94,115,96,101,40,3,1,"[4, 1, 0, 2, 3]",40-120
50,17,41,20,50,15,40,29,1,1,"[4, 1, 0, 2, 3]",10-50
50,17,42,19,12,27,20,41,3,4,"[4, 1, 0, 2, 3]",10-50
50,17,43,182,133,175,172,107,0,0,"[4, 1, 0, 2, 3]",100-200
50,17,44,93,89,75,56,88,4,0,"[4, 1, 0, 2, 3]",40-120
50,17,45,83,118,83,57,89,1,1,"[4, 1, 0, 2, 3]",40-120
50,17,46,123,196,120,181,160,1,1,"[4, 1, 0, 2, 3]",100-200
50,17,47,37,44,26,34,44,4,4,"[4, 1, 0, 2, 3]",10-50
50,17,48,92,65,107,92,91,2,2,"[4, 1, 0, 2, 3]",40-120
50,17,49,145,185,190,196,104,3,3,"[4, 1, 0, 2, 3]",100-200
50,18,0,71,57,112,74,107,2,2,"[3, 0, 4, 2, 1]",40-120
50,18,1,80,72,58,50,110,4,4,"[3, 0, 4, 2, 1]",40-120
50,18,2,170,198,178,126,113,1,1,"[3, 0, 4, 2, 1]",100-200
50,18,3,101,131,168,166,166,4,4,"[3, 0, 4, 2, 1]",100-200
50,18,4,74,53,96,113,113,3,3,"[3, 0, 4, 2, 1]",40-120
50,18,5,20,12,15,47,13,3,3,"[3, 0, 4, 2, 1]",10-50
50,18,6,114,125,149,186,190,3,3,"[3, 0, 4, 2, 1]",100-200
50,18,7,64,92,120,73,119,4,4,"[3, 0, 4, 2, 1]",40-120
50,18,8,280,245,215,307,189,1,1,"[3, 0, 4, 2, 1]",150-400
50,18,9,10,37,45,25,16,2,2,"[3, 0, 4, 2, 1]",10-50
50,18,10,15,31,37,18,17,1,1,"[3, 0, 4, 2, 1]",10-50
50,18,11,170,171,262,220,216,4,4,"[3, 0, 4, 2, 1]",150-400
50,18,12,113,120,95,70,99,1,1,"[3, 0, 4, 2, 1]",40-120
50,18,13,83,57,77,79,85,1,1,"[3, 0, 4, 2, 1]",40-120
50,18,14,168,106,119,157,199,4,4,"[3, 0, 4, 2, 1]",100-200
50,18,15,160,337,282,243,304,4,4,"[3, 0, 4, 2, 1]",150-400
50,18,16,59,62,107,91,67,2,2,"[3, 0, 4, 2, 1]",40-120
50,18,17,209,224,354,153,244,2,2,"[3, 0, 4, 2, 1]",150-400
50,18,18,60,88,79,56,76,1,1,"[3, 0, 4, 2, 1]",40-120
50,18,19,150,108,118,163,196,0,0,"[3, 0, 4, 2, 1]",100-200
50,18,20,227,308,176,376,377,3,3,"[3, 0, 4, 2, 1]",150-400
50,18,21,183,111,196,126,115,0,0,"[3, 0, 4, 2, 1]",100-200
50,18,22,116,117,174,151,165,3,3,"[3, 0, 4, 2, 1]",100-200
50,18,23,173,169,189,161,189,0,0,"[3, 0, 4, 2, 1]",100-200
50,18,24,155,177,156,172,105,1,1,"[3, 0, 4, 2, 1]",100-200
50,18,25,28,38,12,42,44,1,1,"[3, 0, 4, 2, 1]",10-50
50,18,26,45,22,49,36,49,0,0,"[3, 0, 4, 2, 1]",10-50
50,18,27,33,21,43,50,13,3,3,"[3, 0, 4, 2, 1]",10-50
50,18,28,49,41,113,68,46,2,2,"[3, 0, 4, 2, 1]",40-120
50,18,29,131,141,104,196,117,3,3,"[3, 0, 4, 2, 1]",100-200
50,18,30,65,69,60,94,105,4,4,"[3, 0, 4, 2, 1]",40-120
50,18,31,26,13,50,43,44,2,2,"[3, 0, 4, 2, 1]",10-50
50,18,32,35,19,35,33,45,4,4,"[3, 0, 4, 2, 1]",10-50
50,18,33,386,277,271,302,378,0,0,"[3, 0, 4, 2, 1]",150-400
50,18,34,18,31,31,46,36,3,3,"[3, 0, 4, 2, 1]",10-50
50,18,35,42,21,30,34,42,0,0,"[3, 0, 4, 2, 1]",10-50
50,18,36,44,41,42,19,44,0,0,"[3, 0, 4, 2, 1]",10-50
50,18,37,31,24,46,13,43,2,2,"[3, 0, 4, 2, 1]",10-50
50,18,38,116,50,100,76,113,0,0,"[3, 0, 4, 2, 1]",40-120
50,18,39,85,54,58,107,71,3,3,"[3, 0, 4, 2, 1]",40-120
50,18,40,24,42,41,38,48,4,4,"[3, 0, 4, 2, 1]",10-50
50,18,41,129,147,179,145,154,2,2,"[3, 0, 4, 2, 1]",100-200
50,18,42,37,10,19,42,41,4,4,"[3, 0, 4, 2, 1]",10-50
50,18,43,164,162,278,188,195,2,2,"[3, 0, 4, 2, 1]",150-400
50,18,44,119,132,190,130,143,2,2,"[3, 0, 4, 2, 1]",100-200
50,18,45,93,51,96,76,96,0,0,"[3, 0, 4, 2, 1]",40-120
50,18,46,262,214,261,272,223,3,3,"[3, 0, 4, 2, 1]",150-400
50,18,47,77,89,61,91,45,1,1,"[3, 0, 4, 2, 1]",40-120
50,18,48,108,70,106,72,56,0,0,"[3, 0, 4, 2, 1]",40-120
50,18,49,20,50,45,13,32,1,1,"[3, 0, 4, 2, 1]",10-50
50,19,0,180,380,287,189,367,1,1,"[3, 2, 1, 4, 0]",150-400
50,19,1,113,82,116,83,53,2,2,"[3, 2, 1, 4, 0]",40-120
50,19,2,166,138,192,153,160,0,2,"[3, 2, 1, 4, 0]",100-200
50,19,3,187,252,256,377,316,3,3,"[3, 2, 1, 4, 0]",150-400
50,19,4,46,97,68,54,102,1,4,"[3, 2, 1, 4, 0]",40-120
50,19,5,72,105,107,65,108,2,4,"[3, 2, 1, 4, 0]",40-120
50,19,6,66,99,58,111,73,3,1,"[3, 2, 1, 4, 0]",40-120
50,19,7,341,216,329,243,314,0,0,"[3, 2, 1, 4, 0]",150-400
50,19,8,55,80,63,108,108,4,4,"[3, 2, 1, 4, 0]",40-120
50,19,9,160,139,113,133,165,4,4,"[3, 2, 1, 4, 0]",100-200
50,19,10,67,80,63,101,73,3,3,"[3, 2, 1, 4, 0]",40-120
50,19,11,38,18,25,48,15,3,3,"[3, 2, 1, 4, 0]",10-50
50,19,12,49,27,24,17,22,0,0,"[3, 2, 1, 4, 0]",10-50
50,19,13,36,48,29,49,44,1,1,"[3, 2, 1, 4, 0]",10-50
50,19,14,86,108,42,44,43,1,1,"[3, 2, 1, 4, 0]",40-120
50,19,15,47,94,56,74,106,1,4,"[3, 2, 1, 4, 0]",40-120
50,19,16,73,40,67,72,55,2,0,"[3, 2, 1, 4, 0]",40-120
50,19,17,12,28,45,40,32,2,2,"[3, 2, 1, 4, 0]",10-50
50,19,18,50,20,16,44,36,0,0,"[3, 2, 1, 4, 0]",10-50
50,19,19,20,37,40,20,37,4,2,"[3, 2, 1, 4, 0]",10-50
50,19,20,104,183,140,198,116,3,1,"[3, 2, 1, 4, 0]",100-200
50,19,21,10,24,42,23,20,0,2,"[3, 2, 1, 4, 0]",10-50
50,19,22,166,136,100,188,161,3,3,"[3, 2, 1, 4, 0]",100-200
50,19,23,11,38,39,45,15,3,3,"[3, 2, 1, 4, 0]",10-50
50,19,24,131,134,174,124,155,4,2,"[3, 2, 1, 4, 0]",100-200
50,19,25,49,45,41,36,20,0,0,"[3, 2, 1, 4, 0]",10-50
50,19,26,25,34,26,27,46,4,4,"[3, 2, 1, 4, 0]",10-50
50,19,27,64,107,41,47,116,4,4,"[3, 2, 1, 4, 0]",40-120
50,19,28,166,181,166,148,123,1,1,"[3, 2, 1, 4, 0]",100-200
50,19,29,87,60,47,84,79,4,0,"[3, 2, 1, 4, 0]",40-120
50,19,30,181,141,133,186,193,4,4,"[3, 2, 1, 4, 0]",100-200
50,19,31,165,310,154,371,336,4,3,"[3, 2, 1, 4, 0]",150-400
50,19,32,157,155,200,112,137,2,2,"[3, 2, 1, 4, 0]",100-200
50,19,33,40,26,45,39,21,2,2,"[3, 2, 1, 4, 0]",10-50
50,19,34,268,156,278,270,324,2,4,"[3, 2, 1, 4, 0]",150-400
50,19,35,216,242,386,199,351,2,2,"[3, 2, 1, 4, 0]",150-400
50,19,36,88,97,101,48,65,0,1,"[3, 2, 1, 4, 0]",40-120
50,19,37,198,194,197,167,101,0,0,"[3, 2, 1, 4, 0]",100-200
50,19,38,117,109,92,117,50,3,0,"[3, 2, 1, 4, 0]",40-120
50,19,39,188,209,273,323,288,3,3,"[3, 2, 1, 4, 0]",150-400
50,19,40,114,45,90,85,76,0,0,"[3, 2, 1, 4, 0]",40-120
50,19,41,17,13,13,32,25,4,3,"[3, 2, 1, 4, 0]",10-50
50,19,42,22,28,10,20,32,1,4,"[3, 2, 1, 4, 0]",10-50
50,19,43,113,121,176,126,148,2,2,"[3, 2, 1, 4, 0]",100-200
50,19,44,120,112,137,111,148,0,4,"[3, 2, 1, 4, 0]",100-200
50,19,45,49,94,53,52,70,3,1,"[3, 2, 1, 4, 0]",40-120
50,19,46,299,300,275,276,284,1,0,"[3, 2, 1, 4, 0]",150-400
50,19,47,130,180,145,144,127,1,1,"[3, 2, 1, 4, 0]",100-200
50,19,48,10,41,49,13,12,2,2,"[3, 2, 1, 4, 0]",10-50
50,19,49,28,47,27,21,26,1,1,"[3, 2, 1, 4, 0]",10-50
50,20,0,193,139,188,154,118,0,0,"[1, 4, 2, 3, 0]",100-200
50,20,1,10,32,39,11,42,4,4,"[1, 4, 2, 3, 0]",10-50
50,20,2,120,87,63,45,76,0,0,"[1, 4, 2, 3, 0]",40-120
50,20,3,30,50,38,47,43,3,3,"[1, 4, 2, 3, 0]",10-50
50,20,4,27,11,27,27,30,4,4,"[1, 4, 2, 3, 0]",10-50
50,20,5,69,97,87,102,98,3,3,"[1, 4, 2, 3, 0]",40-120
50,20,6,113,60,46,68,102,4,4,"[1, 4, 2, 3, 0]",40-120
50,20,7,49,50,25,30,12,0,0,"[1, 4, 2, 3, 0]",10-50
50,20,8,92,90,67,45,64,1,1,"[1, 4, 2, 3, 0]",40-120
50,20,9,75,107,92,86,71,1,1,"[1, 4, 2, 3, 0]",40-120
50,20,10,177,132,136,175,137,0,0,"[1, 4, 2, 3, 0]",100-200
50,20,11,105,115,64,110,82,1,1,"[1, 4, 2, 3, 0]",40-120
50,20,12,54,63,106,61,82,2,2,"[1, 4, 2, 3, 0]",40-120
50,20,13,338,259,383,345,155,2,2,"[1, 4, 2, 3, 0]",150-400
50,20,14,114,109,101,179,132,3,3,"[1, 4, 2, 3, 0]",100-200
50,20,15,151,112,141,153,172,0,0,"[1, 4, 2, 3, 0]",100-200
50,20,16,114,70,109,54,89,0,0,"[1, 4, 2, 3, 0]",40-120
50,20,17,100,78,88,45,44,0,0,"[1, 4, 2, 3, 0]",40-120
50,20,18,224,246,235,240,178,2,2,"[1, 4, 2, 3, 0]",150-400
50,20,19,105,104,77,78,105,1,1,"[1, 4, 2, 3, 0]",40-120
50,20,20,37,29,43,29,42,2,2,"[1, 4, 2, 3, 0]",10-50
50,20,21,135,109,178,180,134,3,3,"[1, 4, 2, 3, 0]",100-200
50,20,22,108,186,176,142,141,1,1,"[1, 4, 2, 3, 0]",100-200
50,20,23,48,45,24,23,20,0,0,"[1, 4, 2, 3, 0]",10-50
50,20,24,233,281,324,213,218,4,4,"[1, 4, 2, 3, 0]",150-400
50,20,25,107,40,99,100,107,4,4,"[1, 4, 2, 3, 0]",40-120
50,20,26,41,76,57,109,43,3,3,"[1, 4, 2, 3, 0]",40-120
50,20,27,303,363,160,262,241,0,0,"[1, 4, 2, 3, 0]",150-400
50,20,28,164,190,106,192,106,3,3,"[1, 4, 2, 3, 0]",100-200
50,20,29,173,120,184,135,140,2,2,"[1, 4, 2, 3, 0]",100-200
50,20,30,49,38,45,43,48,4,4,"[1, 4, 2, 3, 0]",10-50
50,20,31,112,45,111,51,100,2,2,"[1, 4, 2, 3, 0]",40-120
50,20,32,223,213,359,248,297,4,4,"[1, 4, 2, 3, 0]",150-400
50,20,33,30,23,36,18,14,2,2,"[1, 4, 2, 3, 0]",10-50
50,20,34,47,36,35,12,16,0,0,"[1, 4, 2, 3, 0]",10-50
50,20,35,24,46,37,32,38,1,1,"[1, 4, 2, 3, 0]",10-50
50,20,36,188,125,197,153,173,2,2,"[1, 4, 2, 3, 0]",100-200
50,20,37,177,164,357,320,271,3,3,"[1, 4, 2, 3, 0]",150-400
50,20,38,175,184,192,112,181,1,1,"[1, 4, 2, 3, 0]",100-200
50,20,39,27,41,19,35,28,3,3,"[1, 4, 2, 3, 0]",10-50
50,20,40,103,147,152,127,179,4,4,"[1, 4, 2, 3, 0]",100-200
50,20,41,173,309,314,178,272,1,1,"[1, 4, 2, 3, 0]",150-400
50,20,42,264,379,324,350,216,1,1,"[1, 4, 2, 3, 0]",150-400
50,20,43,31,49,15,27,29,1,1,"[1, 4, 2, 3, 0]",10-50
50,20,44,27,18,46,20,40,2,2,"[1, 4, 2, 3, 0]",10-50
50,20,45,92,45,114,88,51,2,2,"[1, 4, 2, 3, 0]",40-120
50,20,46,27,35,22,39,12,3,3,"[1, 4, 2, 3, 0]",10-50
50,20,47,120,137,101,191,200,4,4,"[1, 4, 2, 3, 0]",100-200
50,20,48,97,53,82,64,116,4,4,"[1, 4, 2, 3, 0]",40-120
50,20,49,29,20,46,45,19,3,3,"[1, 4, 2, 3, 0]",10-50
50,21,0,26,36,12,44,31,3,3,"[0, 2, 4, 1, 3]",10-50
50,21,1,49,25,32,22,10,0,0,"[0, 2, 4, 1, 3]",10-50
50,21,2,185,363,355,189,162,2,2,"[0, 2, 4, 1, 3]",150-400
50,21,3,85,66,40,71,109,4,4,"[0, 2, 4, 1, 3]",40-120
50,21,4,85,103,84,93,61,3,3,"[0, 2, 4, 1, 3]",40-120
50,21,5,159,186,170,110,124,1,1,"[0, 2, 4, 1, 3]",100-200
50,21,6,23,22,19,16,37,4,4,"[0, 2, 4, 1, 3]",10-50
50,21,7,107,51,113,65,92,2,2,"[0, 2, 4, 1, 3]",40-120
50,21,8,35,40,41,10,48,4,4,"[0, 2, 4, 1, 3]",10-50
50,21,9,36,25,30,17,13,1,1,"[0, 2, 4, 1, 3]",10-50
50,21,10,105,51,87,86,79,0,0,"[0, 2, 4, 1, 3]",40-120
50,21,11,16,37,39,10,36,2,2,"[0, 2, 4, 1, 3]",10-50
50,21,12,173,137,193,142,169,2,2,"[0, 2, 4, 1, 3]",100-200
50,21,13,76,85,81,63,84,1,1,"[0, 2, 4, 1, 3]",40-120
50,21,14,185,174,121,122,101,3,3,"[0, 2, 4, 1, 3]",100-200
50,21,15,296,171,337,372,203,3,3,"[0, 2, 4, 1, 3]",150-400
50,21,16,117,71,118,86,89,0,0,"[0, 2, 4, 1, 3]",40-120
50,21,17,38,16,50,10,26,2,2,"[0, 2, 4, 1, 3]",10-50
50,21,18,309,390,389,177,155,1,1,"[0, 2, 4, 1, 3]",150-400
50,21,19,48,28,25,41,24,0,0,"[0, 2, 4, 1, 3]",10-50
50,21,20,265,178,348,265,272,4,4,"[0, 2, 4, 1, 3]",150-400
50,21,21,111,189,126,172,128,1,1,"[0, 2, 4, 1, 3]",100-200
50,21,22,21,47,29,44,17,1,1,"[0, 2, 4, 1, 3]",10-50
50,21,23,167,138,118,120,170,4,4,"[0, 2, 4, 1, 3]",100-200
50,21,24,88,72,75,85,46,3,3,"[0, 2, 4, 1, 3]",40-120
50,21,25,32,48,49,39,21,1,1,"[0, 2, 4, 1, 3]",10-50
50,21,26,51,92,44,91,107,4,4,"[0, 2, 4, 1, 3]",40-120
50,21,27,67,71,43,107,110,3,3,"[0, 2, 4, 1, 3]",40-120
50,21,28,47,20,40,40,38,2,2,"[0, 2, 4, 1, 3]",10-50
50,21,29,190,162,154,146,120,0,0,"[0, 2, 4, 1, 3]",100-200
50,21,30,192,151,139,153,187,0,0,"[0, 2, 4, 1, 3]",100-200
50,21,31,152,116,143,175,166,3,3,"[0, 2, 4, 1, 3]",100-200
50,21,32,103,140,173,165,137,3,3,"[0, 2, 4, 1, 3]",100-200
50,21,33,267,217,391,191,386,2,2,"[0, 2, 4, 1, 3]",150-400
50,21,34,322,295,227,275,211,0,0,"[0, 2, 4, 1, 3]",150-400
50,21,35,33,14,14,35,33,3,3,"[0, 2, 4, 1, 3]",10-50
50,21,36,137,108,196,106,153,2,2,"[0, 2, 4, 1, 3]",100-200
50,21,37,173,193,180,100,180,1,1,"[0, 2, 4, 1, 3]",100-200
50,21,38,112,96,51,64,97,0,0,"[0, 2, 4, 1, 3]",40-120
50,21,39,78,118,78,113,110,1,1,"[0, 2, 4, 1, 3]",40-120
50,21,40,42,42,24,30,12,0,0,"[0, 2, 4, 1, 3]",10-50
50,21,41,10,23,37,34,11,3,3,"[0, 2, 4, 1, 3]",10-50
50,21,42,99,97,120,120,58,2,2,"[0, 2, 4, 1, 3]",40-120
50,21,43,100,109,68,71,84,1,1,"[0, 2, 4, 1, 3]",40-120
50,21,44,299,261,187,154,366,4,4,"[0, 2, 4, 1, 3]",150-400
50,21,45,366,203,395,248,216,0,0,"[0, 2, 4, 1, 3]",150-400
50,21,46,183,189,188,140,143,4,4,"[0, 2, 4, 1, 3]",100-200
50,21,47,84,69,112,62,116,4,4,"[0, 2, 4, 1, 3]",40-120
50,21,48,11,24,18,29,38,4,4,"[0, 2, 4, 1, 3]",10-50
50,21,49,77,83,93,65,41,2,2,"[0, 2, 4, 1, 3]",40-120
50,22,0,352,310,170,246,228,1,1,"[1, 0, 2, 4, 3]",150-400
50,22,1,100,125,147,160,103,3,3,"[1, 0, 2, 4, 3]",100-200
50,22,2,74,97,72,61,100,4,4,"[1, 0, 2, 4, 3]",40-120
50,22,3,96,52,71,53,51,0,0,"[1, 0, 2, 4, 3]",40-120
50,22,4,398,211,150,344,386,0,0,"[1, 0, 2, 4, 3]",150-400
50,22,5,138,178,139,140,150,1,1,"[1, 0, 2, 4, 3]",100-200
50,22,6,27,26,46,10,40,2,2,"[1, 0, 2, 4, 3]",10-50
50,22,7,77,53,70,63,80,3,3,"[1, 0, 2, 4, 3]",40-120
50,22,8,27,39,44,41,10,1,1,"[1, 0, 2, 4, 3]",10-50
50,22,9,111,112,188,143,161,2,2,"[1, 0, 2, 4, 3]",100-200
50,22,10,99,108,48,52,73,0,0,"[1, 0, 2, 4, 3]",40-120
50,22,11,112,80,89,84,94,0,0,"[1, 0, 2, 4, 3]",40-120
50,22,12,176,294,252,263,284,3,3,"[1, 0, 2, 4, 3]",150-400
50,22,13,345,201,351,253,300,2,2,"[1, 0, 2, 4, 3]",150-400
50,22,14,47,21,47,36,36,0,0,"[1, 0, 2, 4, 3]",10-50
50,22,15,160,110,136,133,140,0,0,"[1, 0, 2, 4, 3]",100-200
50,22,16,47,63,54,115,43,3,3,"[1, 0, 2, 4, 3]",40-120
50,22,17,197,102,127,131,198,4,4,"[1, 0, 2, 4, 3]",100-200
50,22,18,26,44,20,19,49,1,1,"[1, 0, 2, 4, 3]",10-50
50,22,19,379,208,356,185,238,0,0,"[1, 0, 2, 4, 3]",150-400
50,22,20,70,64,119,76,44,2,2,"[1, 0, 2, 4, 3]",40-120
50,22,21,30,25,25,39,28,3,3,"[1, 0, 2, 4, 3]",10-50
50,22,22,34,11,42,23,48,4,4,"[1, 0, 2, 4, 3]",10-50
50,22,23,216,259,386,251,154,2,2,"[1, 0, 2, 4, 3]",150-400
50,22,24,43,24,11,17,23,0,0,"[1, 0, 2, 4, 3]",10-50
50,22,25,40,28,35,17,21,1,1,"[1, 0, 2, 4, 3]",10-50
50,22,26,178,190,140,145,114,0,0,"[1, 0, 2, 4, 3]",100-200
50,22,27,248,349,386,164,359,1,1,"[1, 0, 2, 4, 3]",150-400
50,22,28,40,79,66,107,48,1,1,"[1, 0, 2, 4, 3]",40-120
50,22,29,34,23,20,48,14,3,3,"[1, 0, 2, 4, 3]",10-50
50,22,30,88,117,90,115,55,1,1,"[1, 0, 2, 4, 3]",40-120
50,22,31,36,12,36,24,26,0,0,"[1, 0, 2, 4, 3]",10-50
50,22,32,313,167,277,222,347,4,4,"[1, 0, 2, 4, 3]",150-400
50,22,33,77,53,88,60,97,4,4,"[1, 0, 2, 4, 3]",40-120
50,22,34,138,126,179,154,143,4,4,"[1, 0, 2, 4, 3]",100-200
50,22,35,11,39,10,19,45,4,4,"[1, 0, 2, 4, 3]",10-50
50,22,36,75,110,61,97,69,1,1,"[1, 0, 2, 4, 3]",40-120
50,22,37,14,27,12,45,34,3,3,"[1, 0, 2, 4, 3]",10-50
50,22,38,178,103,183,149,193,4,4,"[1, 0, 2, 4, 3]",100-200
50,22,39,74,89,115,64,103,2,2,"[1, 0, 2, 4, 3]",40-120
50,22,40,157,119,186,120,106,3,3,"[1, 0, 2, 4, 3]",100-200
50,22,41,33,18,35,28,34,4,4,"[1, 0, 2, 4, 3]",10-50
50,22,42,79,63,99,59,68,2,2,"[1, 0, 2, 4, 3]",40-120
50,22,43,43,17,49,10,30,2,2,"[1, 0, 2, 4, 3]",10-50
50,22,44,61,76,71,109,117,4,4,"[1, 0, 2, 4, 3]",40-120
50,22,45,35,16,46,19,30,2,2,"[1, 0, 2, 4, 3]",10-50
50,22,46,165,174,191,126,160,2,2,"[1, 0, 2, 4, 3]",100-200
50,22,47,102,181,131,199,123,3,3,"[1, 0, 2, 4, 3]",100-200
50,22,48,150,193,151,140,186,1,1,"[1, 0, 2, 4, 3]",100-200
50,22,49,85,106,60,120,82,3,3,"[1, 0, 2, 4, 3]",40-120
50,23,0,92,112,79,78,52,1,1,"[2, 0, 1, 4, 3]",40-120
50,23,1,41,73,66,75,81,3,4,"[2, 0, 1, 4, 3]",40-120
50,23,2,63,104,59,63,65,1,1,"[2, 0, 1, 4, 3]",40-120
50,23,3,83,55,117,114,66,3,3,"[2, 0, 1, 4, 3]",40-120
50,23,4,150,160,124,139,158,4,4,"[2, 0, 1, 4, 3]",100-200
50,23,5,72,82,54,101,85,0,3,"[2, 0, 1, 4, 3]",40-120
50,23,6,355,168,191,224,223,0,0,"[2, 0, 1, 4, 3]",150-400
50,23,7,156,108,172,119,173,2,4,"[2, 0, 1, 4, 3]",100-200
50,23,8,190,170,170,121,146,0,0,"[2, 0, 1, 4, 3]",100-200
50,23,9,24,41,45,39,35,2,2,"[2, 0, 1, 4, 3]",10-50
50,23,10,110,183,153,190,121,2,3,"[2, 0, 1, 4, 3]",100-200
50,23,11,12,43,50,23,43,2,2,"[2, 0, 1, 4, 3]",10-50
50,23,12,317,364,185,273,302,1,1,"[2, 0, 1, 4, 3]",150-400
50,23,13,169,383,400,301,276,2,2,"[2, 0, 1, 4, 3]",150-400
50,23,14,160,237,232,238,289,1,4,"[2, 0, 1, 4, 3]",150-400
50,23,15,315,345,373,186,242,2,2,"[2, 0, 1, 4, 3]",150-400
50,23,16,170,143,111,200,115,3,3,"[2, 0, 1, 4, 3]",100-200
50,23,17,15,36,44,39,49,4,4,"[2, 0, 1, 4, 3]",10-50
50,23,18,45,30,38,11,34,4,0,"[2, 0, 1, 4, 3]",10-50
50,23,19,320,312,161,246,300,4,0,"[2, 0, 1, 4, 3]",150-400
50,23,20,155,133,143,150,128,0,0,"[2, 0, 1, 4, 3]",100-200
50,23,21,117,109,62,87,51,0,0,"[2, 0, 1, 4, 3]",40-120
50,23,22,45,25,27,48,39,3,3,"[2, 0, 1, 4, 3]",10-50
50,23,23,59,114,56,93,116,1,4,"[2, 0, 1, 4, 3]",40-120
50,23,24,208,203,174,270,252,0,3,"[2, 0, 1, 4, 3]",150-400
50,23,25,47,33,19,23,21,0,0,"[2, 0, 1, 4, 3]",10-50
50,23,26,71,63,119,82,57,2,2,"[2, 0, 1, 4, 3]",40-120
50,23,27,150,117,143,142,111,3,0,"[2, 0, 1, 4, 3]",100-200
50,23,28,50,27,29,12,50,0,4,"[2, 0, 1, 4, 3]",10-50
50,23,29,158,196,145,102,112,1,1,"[2, 0, 1, 4, 3]",100-200
50,23,30,54,52,113,82,48,2,2,"[2, 0, 1, 4, 3]",40-120
50,23,31,86,80,42,112,100,4,3,"[2, 0, 1, 4, 3]",40-120
50,23,32,226,169,394,382,217,3,2,"[2, 0, 1, 4, 3]",150-400
50,23,33,45,108,46,110,50,3,1,"[2, 0, 1, 4, 3]",40-120
50,23,34,14,46,32,34,39,1,1,"[2, 0, 1, 4, 3]",10-50
50,23,35,44,24,27,25,26,0,0,"[2, 0, 1, 4, 3]",10-50
50,23,36,151,119,126,100,195,4,4,"[2, 0, 1, 4, 3]",100-200
50,23,37,66,53,93,100,48,2,3,"[2, 0, 1, 4, 3]",40-120
50,23,38,32,21,14,32,29,4,3,"[2, 0, 1, 4, 3]",10-50
50,23,39,20,39,31,30,17,1,1,"[2, 0, 1, 4, 3]",10-50
50,23,40,124,186,172,198,132,3,3,"[2, 0, 1, 4, 3]",100-200
50,23,41,131,155,154,174,197,4,4,"[2, 0, 1, 4, 3]",100-200
50,23,42,22,22,13,32,17,1,3,"[2, 0, 1, 4, 3]",10-50
50,23,43,32,19,36,20,16,3,2,"[2, 0, 1, 4, 3]",10-50
50,23,44,45,14,45,41,21,3,0,"[2, 0, 1, 4, 3]",10-50
50,23,45,16,39,37,10,15,2,1,"[2, 0, 1, 4, 3]",10-50
50,23,46,108,191,126,146,175,1,1,"[2, 0, 1, 4, 3]",100-200
50,23,47,72,98,76,59,86,4,1,"[2, 0, 1, 4, 3]",40-120
50,23,48,104,111,42,99,77,0,1,"[2, 0, 1, 4, 3]",40-120
50,23,49,96,87,40,70,120,4,4,"[2, 0, 1, 4, 3]",40-120
50,24,0,310,170,319,163,159,2,2,"[3, 1, 4, 2, 0]",150-400
50,24,1,34,42,31,17,15,0,0,"[3, 1, 4, 2, 0]",10-50
50,24,2,73,92,94,111,112,3,3,"[3, 1, 4, 2, 0]",40-120
50,24,3,24,32,14,18,36,4,4,"[3, 1, 4, 2, 0]",10-50
50,24,4,27,46,32,46,45,4,4,"[3, 1, 4, 2, 0]",10-50
50,24,5,75,41,109,82,83,2,2,"[3, 1, 4, 2, 0]",40-120
50,24,6,47,65,86,95,119,4,4,"[3, 1, 4, 2, 0]",40-120
50,24,7,23,40,28,48,26,3,3,"[3, 1, 4, 2, 0]",10-50
50,24,8,11,50,37,32,45,1,1,"[3, 1, 4, 2, 0]",10-50
50,24,9,196,155,200,163,114,0,0,"[3, 1, 4, 2, 0]",100-200
50,24,10,309,290,296,293,387,4,4,"[3, 1, 4, 2, 0]",150-400
50,24,11,27,20,13,30,28,3,3,"[3, 1, 4, 2, 0]",10-50
50,24,12,120,200,185,135,117,1,1,"[3, 1, 4, 2, 0]",100-200
50,24,13,22,25,48,43,32,2,2,"[3, 1, 4, 2, 0]",10-50
50,24,14,141,132,166,120,155,4,4,"[3, 1, 4, 2, 0]",100-200
50,24,15,82,120,65,63,73,1,1,"[3, 1, 4, 2, 0]",40-120
50,24,16,239,376,172,335,289,3,3,"[3, 1, 4, 2, 0]",150-400
50,24,17,53,102,87,108,115,3,3,"[3, 1, 4, 2, 0]",40-120
50,24,18,29,21,26,12,29,0,0,"[3, 1, 4, 2, 0]",10-50
50,24,19,300,321,293,212,226,3,3,"[3, 1, 4, 2, 0]",150-400
50,24,20,116,104,50,49,84,0,0,"[3, 1, 4, 2, 0]",40-120
50,24,21,16,46,46,12,28,1,1,"[3, 1, 4, 2, 0]",10-50
50,24,22,93,47,114,114,120,4,4,"[3, 1, 4, 2, 0]",40-120
50,24,23,181,172,191,106,173,4,4,"[3, 1, 4, 2, 0]",100-200
50,24,24,35,13,48,21,17,2,2,"[3, 1, 4, 2, 0]",10-50
50,24,25,372,257,156,157,260,0,0,"[3, 1, 4, 2, 0]",150-400
50,24,26,190,147,105,195,111,3,3,"[3, 1, 4, 2, 0]",100-200
50,24,27,280,160,342,228,258,2,2,"[3, 1, 4, 2, 0]",150-400
50,24,28,216,393,339,246,279,1,1,"[3, 1, 4, 2, 0]",150-400
50,24,29,148,125,153,126,153,0,0,"[3, 1, 4, 2, 0]",100-200
50,24,30,97,44,81,80,109,2,2,"[3, 1, 4, 2, 0]",40-120
50,24,31,46,26,14,50,43,3,3,"[3, 1, 4, 2, 0]",10-50
50,24,32,57,83,52,100,65,0,0,"[3, 1, 4, 2, 0]",40-120
50,24,33,114,86,89,96,87,2,2,"[3, 1, 4, 2, 0]",40-120
50,24,34,177,131,123,121,109,0,0,"[3, 1, 4, 2, 0]",100-200
50,24,35,71,61,46,104,119,4,4,"[3, 1, 4, 2, 0]",40-120
50,24,36,165,150,186,117,116,2,2,"[3, 1, 4, 2, 0]",100-200
50,24,37,152,160,180,144,134,2,2,"[3, 1, 4, 2, 0]",100-200
50,24,38,10,49,48,16,23,1,1,"[3, 1, 4, 2, 0]",10-50
50,24,39,63,103,45,52,58,1,1,"[3, 1, 4, 2, 0]",40-120
50,24,40,39,43,30,20,49,4,4,"[3, 1, 4, 2, 0]",10-50
50,24,41,138,179,126,167,145,1,1,"[3, 1, 4, 2, 0]",100-200
50,24,42,155,150,136,181,148,3,3,"[3, 1, 4, 2, 0]",100-200
50,24,43,56,120,72,59,91,1,1,"[3, 1, 4, 2, 0]",40-120
50,24,44,174,186,141,194,179,4,4,"[3, 1, 4, 2, 0]",100-200
50,24,45,84,66,81,117,98,3,3,"[3, 1, 4, 2, 0]",40-120
50,24,46,10,28,37,14,12,2,2,"[3, 1, 4, 2, 0]",10-50
50,24,47,99,91,87,93,73,0,0,"[3, 1, 4, 2, 0]",40-120
50,24,48,344,272,172,212,279,1,1,"[3, 1, 4, 2, 0]",150-400
50,24,49,37,25,25,44,31,0,0,"[3, 1, 4, 2, 0]",10-50
50,25,0,198,156,163,191,167,3,3,"[0, 3, 2, 1, 4]",100-200
50,25,1,43,102,94,112,66,3,3,"[0, 3, 2, 1, 4]",40-120
50,25,2,40,76,111,101,90,2,2,"[0, 3, 2, 1, 4]",40-120
50,25,3,228,320,263,247,232,2,2,"[0, 3, 2, 1, 4]",150-400
50,25,4,265,344,290,239,218,0,0,"[0, 3, 2, 1, 4]",150-400
50,25,5,379,331,239,255,358,4,4,"[0, 3, 2, 1, 4]",150-400
50,25,6,49,93,114,108,74,2,2,"[0, 3, 2, 1, 4]",40-120
50,25,7,151,392,173,295,181,3,3,"[0, 3, 2, 1, 4]",150-400
50,25,8,112,74,47,114,99,0,0,"[0, 3, 2, 1, 4]",40-120
50,25,9,127,200,123,174,115,1,1,"[0, 3, 2, 1, 4]",100-200
50,25,10,63,70,69,60,58,2,2,"[0, 3, 2, 1, 4]",40-120
50,25,11,39,27,12,28,22,0,0,"[0, 3, 2, 1, 4]",10-50
50,25,12,247,370,159,265,246,1,1,"[0, 3, 2, 1, 4]",150-400
50,25,13,97,89,107,109,60,3,3,"[0, 3, 2, 1, 4]",40-120
50,25,14,185,202,203,261,303,3,3,"[0, 3, 2, 1, 4]",150-400
50,25,15,124,141,116,116,184,4,4,"[0, 3, 2, 1, 4]",100-200
50,25,16,35,43,10,41,38,3,3,"[0, 3, 2, 1, 4]",10-50
50,25,17,104,69,52,59,60,0,0,"[0, 3, 2, 1, 4]",40-120
50,25,18,33,37,42,19,14,2,2,"[0, 3, 2, 1, 4]",10-50
50,25,19,45,43,31,12,25,0,0,"[0, 3, 2, 1, 4]",10-50
50,25,20,200,142,160,170,112,0,0,"[0, 3, 2, 1, 4]",100-200
50,25,21,48,49,17,12,45,0,0,"[0, 3, 2, 1, 4]",10-50
50,25,22,50,71,104,105,118,4,4,"[0, 3, 2, 1, 4]",40-120
50,25,23,164,192,114,161,178,1,1,"[0, 3, 2, 1, 4]",100-200
50,25,24,83,92,43,95,66,1,1,"[0, 3, 2, 1, 4]",40-120
50,25,25,63,96,93,99,44,1,1,"[0, 3, 2, 1, 4]",40-120
50,25,26,18,17,30,27,37,2,2,"[0, 3, 2, 1, 4]",10-50
50,25,27,110,83,71,101,111,0,0,"[0, 3, 2, 1, 4]",40-120
50,25,28,66,48,52,96,111,3,3,"[0, 3, 2, 1, 4]",40-120
50,25,29,46,61,64,48,113,1,1,"[0, 3, 2, 1, 4]",40-120
50,25,30,12,48,37,30,45,1,1,"[0, 3, 2, 1, 4]",10-50
50,25,31,30,31,24,39,20,3,3,"[0, 3, 2, 1, 4]",10-50
50,25,32,101,165,106,148,176,4,4,"[0, 3, 2, 1, 4]",100-200
50,25,33,89,53,63,81,108,4,4,"[0, 3, 2, 1, 4]",40-120
50,25,34,40,25,17,35,48,4,4,"[0, 3, 2, 1, 4]",10-50
50,25,35,145,118,168,163,109,2,2,"[0, 3, 2, 1, 4]",100-200
50,25,36,15,42,25,29,38,1,1,"[0, 3, 2, 1, 4]",10-50
50,25,37,351,330,364,233,351,2,2,"[0, 3, 2, 1, 4]",150-400
50,25,38,119,179,144,167,118,3,3,"[0, 3, 2, 1, 4]",100-200
50,25,39,11,26,33,21,39,4,4,"[0, 3, 2, 1, 4]",10-50
50,25,40,19,35,49,38,22,2,2,"[0, 3, 2, 1, 4]",10-50
50,25,41,39,43,27,13,24,1,1,"[0, 3, 2, 1, 4]",10-50
50,25,42,183,188,166,146,157,1,1,"[0, 3, 2, 1, 4]",100-200
50,25,43,22,46,43,43,11,3,3,"[0, 3, 2, 1, 4]",10-50
50,25,44,76,91,78,70,114,4,4,"[0, 3, 2, 1, 4]",40-120
50,25,45,121,109,197,113,182,2,2,"[0, 3, 2, 1, 4]",100-200
50,25,46,188,119,172,103,124,0,0,"[0, 3, 2, 1, 4]",100-200
50,25,47,37,13,21,30,19,4,4,"[0, 3, 2, 1, 4]",10-50
50,25,48,142,152,190,143,177,4,4,"[0, 3, 2, 1, 4]",100-200
50,25,49,392,293,341,380,292,0,0,"[0, 3, 2, 1, 4]",150-400
50,26,0,101,83,113,119,48,3,3,"[0, 4, 1, 3, 2]",40-120
50,26,1,17,42,21,42,18,1,1,"[0, 4, 1, 3, 2]",10-50
50,26,2,29,31,42,17,49,4,4,"[0, 4, 1, 3, 2]",10-50
50,26,3,13,22,30,49,30,3,3,"[0, 4, 1, 3, 2]",10-50
50,26,4,109,163,193,192,170,3,3,"[0, 4, 1, 3, 2]",100-200
50,26,5,130,193,197,114,107,2,2,"[0, 4, 1, 3, 2]",100-200
50,26,6,170,195,112,122,151,1,1,"[0, 4, 1, 3, 2]",100-200
50,26,7,55,106,101,100,90,4,4,"[0, 4, 1, 3, 2]",40-120
50,26,8,265,376,166,395,286,3,3,"[0, 4, 1, 3, 2]",150-400
50,26,9,49,14,41,38,50,0,0,"[0, 4, 1, 3, 2]",10-50
50,26,10,100,90,47,91,113,4,4,"[0, 4, 1, 3, 2]",40-120
50,26,11,186,304,162,313,315,4,4,"[0, 4, 1, 3, 2]",150-400
50,26,12,299,201,238,312,371,4,4,"[0, 4, 1, 3, 2]",150-400
50,26,13,71,105,88,77,49,1,1,"[0, 4, 1, 3, 2]",40-120
50,26,14,26,25,18,31,23,0,0,"[0, 4, 1, 3, 2]",10-50
50,26,15,15,41,30,40,39,3,3,"[0, 4, 1, 3, 2]",10-50
50,26,16,53,44,83,42,55,2,2,"[0, 4, 1, 3, 2]",40-120
50,26,17,28,27,35,45,24,3,3,"[0, 4, 1, 3, 2]",10-50
50,26,18,19,23,30,34,29,2,2,"[0, 4, 1, 3, 2]",10-50
50,26,19,112,115,70,86,105,0,0,"[0, 4, 1, 3, 2]",40-120
50,26,20,149,147,198,192,161,2,2,"[0, 4, 1, 3, 2]",100-200
50,26,21,172,155,112,195,200,3,3,"[0, 4, 1, 3, 2]",100-200
50,26,22,346,390,256,320,193,1,1,"[0, 4, 1, 3, 2]",150-400
50,26,23,93,103,110,115,95,2,2,"[0, 4, 1, 3, 2]",40-120
50,26,24,274,211,301,177,241,0,0,"[0, 4, 1, 3, 2]",150-400
50,26,25,194,171,192,175,173,0,0,"[0, 4, 1, 3, 2]",100-200
50,26,26,21,21,37,43,42,4,4,"[0, 4, 1, 3, 2]",10-50
50,26,27,62,42,83,106,105,4,4,"[0, 4, 1, 3, 2]",40-120
50,26,28,116,114,124,150,106,3,3,"[0, 4, 1, 3, 2]",100-200
50,26,29,177,175,175,155,103,0,0,"[0, 4, 1, 3, 2]",100-200
50,26,30,111,76,69,80,69,0,0,"[0, 4, 1, 3, 2]",40-120
50,26,31,164,172,191,139,128,1,1,"[0, 4, 1, 3, 2]",100-200
50,26,32,358,282,304,288,241,0,0,"[0, 4, 1, 3, 2]",150-400
50,26,33,75,47,90,118,84,3,3,"[0, 4, 1, 3, 2]",40-120
50,26,34,38,42,24,17,25,0,0,"[0, 4, 1, 3, 2]",10-50
50,26,35,31,43,27,40,21,1,1,"[0, 4, 1, 3, 2]",10-50
50,26,36,31,32,41,45,39,2,2,"[0, 4, 1, 3, 2]",10-50
50,26,37,24,44,17,33,23,1,1,"[0, 4, 1, 3, 2]",10-50
50,26,38,152,118,192,120,194,2,2,"[0, 4, 1, 3, 2]",100-200
50,26,39,59,115,65,98,71,1,1,"[0, 4, 1, 3, 2]",40-120
50,26,40,201,333,361,325,234,2,2,"[0, 4, 1, 3, 2]",150-400
50,26,41,228,331,330,179,313,1,1,"[0, 4, 1, 3, 2]",150-400
50,26,42,37,25,39,46,48,4,4,"[0, 4, 1, 3, 2]",10-50
50,26,43,120,120,145,111,197,4,4,"[0, 4, 1, 3, 2]",100-200
50,26,44,38,42,46,23,37,2,2,"[0, 4, 1, 3, 2]",10-50
50,26,45,87,92,85,90,84,0,0,"[0, 4, 1, 3, 2]",40-120
50,26,46,48,116,107,79,76,1,1,"[0, 4, 1, 3, 2]",40-120
50,26,47,64,56,48,119,42,3,3,"[0, 4, 1, 3, 2]",40-120
50,26,48,137,195,191,114,197,4,4,"[0, 4, 1, 3, 2]",100-200
50,26,49,70,45,110,70,54,2,2,"[0, 4, 1, 3, 2]",40-120
50,27,0,74,66,60,52,85,4,4,"[3, 4, 2, 0, 1]",40-120
50,27,1,15,19,32,46,30,3,3,"[3, 4, 2, 0, 1]",10-50
50,27,2,34,42,46,47,37,3,3,"[3, 4, 2, 0, 1]",10-50
50,27,3,51,60,71,53,106,4,4,"[3, 4, 2, 0, 1]",40-120
50,27,4,49,33,46,46,50,4,4,"[3, 4, 2, 0, 1]",10-50
50,27,5,170,187,145,200,107,3,3,"[3, 4, 2, 0, 1]",100-200
50,27,6,127,106,155,178,137,3,3,"[3, 4, 2, 0, 1]",100-200
50,27,7,42,87,81,111,77,3,3,"[3, 4, 2, 0, 1]",40-120
50,27,8,231,235,375,165,254,2,2,"[3, 4, 2, 0, 1]",150-400
50,27,9,45,70,66,80,66,1,1,"[3, 4, 2, 0, 1]",40-120
50,27,10,231,382,150,361,316,3,3,"[3, 4, 2, 0, 1]",150-400
50,27,11,29,50,42,34,12,1,1,"[3, 4, 2, 0, 1]",10-50
50,27,12,89,98,53,40,119,4,4,"[3, 4, 2, 0, 1]",40-120
50,27,13,261,265,203,282,252,4,4,"[3, 4, 2, 0, 1]",150-400
50,27,14,158,249,220,294,220,2,2,"[3, 4, 2, 0, 1]",150-400
50,27,15,333,334,248,253,180,0,0,"[3, 4, 2, 0, 1]",150-400
50,27,16,32,41,21,18,17,2,2,"[3, 4, 2, 0, 1]",10-50
50,27,17,96,67,43,40,61,0,0,"[3, 4, 2, 0, 1]",40-120
50,27,18,45,91,84,63,93,1,1,"[3, 4, 2, 0, 1]",40-120
50,27,19,366,207,273,222,274,4,4,"[3, 4, 2, 0, 1]",150-400
50,27,20,179,127,146,200,102,0,0,"[3, 4, 2, 0, 1]",100-200
50,27,21,187,182,186,344,241,3,3,"[3, 4, 2, 0, 1]",150-400
50,27,22,196,199,173,163,178,1,1,"[3, 4, 2, 0, 1]",100-200
50,27,23,143,112,159,127,133,2,2,"[3, 4, 2, 0, 1]",100-200
50,27,24,71,98,77,100,64,1,1,"[3, 4, 2, 0, 1]",40-120
50,27,25,41,47,13,33,41,1,1,"[3, 4, 2, 0, 1]",10-50
50,27,26,77,60,93,74,55,0,0,"[3, 4, 2, 0, 1]",40-120
50,27,27,48,27,37,44,45,0,0,"[3, 4, 2, 0, 1]",10-50
50,27,28,129,161,120,163,173,4,4,"[3, 4, 2, 0, 1]",100-200
50,27,29,198,176,159,127,151,0,0,"[3, 4, 2, 0, 1]",100-200
50,27,30,50,111,70,109,100,1,1,"[3, 4, 2, 0, 1]",40-120
50,27,31,45,64,95,71,64,2,2,"[3, 4, 2, 0, 1]",40-120
50,27,32,39,28,32,30,13,2,2,"[3, 4, 2, 0, 1]",10-50
50,27,33,143,131,198,199,168,2,2,"[3, 4, 2, 0, 1]",100-200
50,27,34,93,51,94,67,44,2,2,"[3, 4, 2, 0, 1]",40-120
50,27,35,314,321,339,164,198,1,1,"[3, 4, 2, 0, 1]",150-400
50,27,36,48,17,26,27,31,0,0,"[3, 4, 2, 0, 1]",10-50
50,27,37,94,54,72,48,94,0,0,"[3, 4, 2, 0, 1]",40-120
50,27,38,18,15,14,44,29,3,3,"[3, 4, 2, 0, 1]",10-50
50,27,39,147,121,116,109,111,0,0,"[3, 4, 2, 0, 1]",100-200
50,27,40,35,22,43,10,31,2,2,"[3, 4, 2, 0, 1]",10-50
50,27,41,28,39,32,26,47,4,4,"[3, 4, 2, 0, 1]",10-50
50,27,42,50,65,78,92,53,3,3,"[3, 4, 2, 0, 1]",40-120
50,27,43,138,117,165,186,137,3,3,"[3, 4, 2, 0, 1]",100-200
50,27,44,135,162,117,108,126,1,1,"[3, 4, 2, 0, 1]",100-200
50,27,45,29,15,13,25,42,1,1,"[3, 4, 2, 0, 1]",10-50
50,27,46,56,84,94,63,66,2,2,"[3, 4, 2, 0, 1]",40-120
50,27,47,185,113,158,178,181,4,4,"[3, 4, 2, 0, 1]",100-200
50,27,48,42,32,21,43,37,0,0,"[3, 4, 2, 0, 1]",10-50
50,27,49,18,13,37,19,50,4,4,"[3, 4, 2, 0, 1]",10-50
50,28,0,183,121,101,137,190,0,0,"[0, 3, 1, 4, 2]",100-200
50,28,1,335,241,272,373,267,3,3,"[0, 3, 1, 4, 2]",150-400
50,28,2,153,123,179,116,102,2,2,"[0, 3, 1, 4, 2]",100-200
50,28,3,116,135,195,163,145,2,2,"[0, 3, 1, 4, 2]",100-200
50,28,4,23,21,15,46,50,4,4,"[0, 3, 1, 4, 2]",10-50
50,28,5,93,59,72,65,66,2,2,"[0, 3, 1, 4, 2]",40-120
50,28,6,245,238,284,339,199,3,3,"[0, 3, 1, 4, 2]",150-400
50,28,7,11,41,45,44,18,3,3,"[0, 3, 1, 4, 2]",10-50
50,28,8,113,144,142,150,140,4,4,"[0, 3, 1, 4, 2]",100-200
50,28,9,191,165,196,178,177,2,2,"[0, 3, 1, 4, 2]",100-200
50,28,10,236,307,152,364,369,1,1,"[0, 3, 1, 4, 2]",150-400
50,28,11,50,14,12,44,20,0,0,"[0, 3, 1, 4, 2]",10-50
50,28,12,121,116,126,157,127,3,3,"[0, 3, 1, 4, 2]",100-200
50,28,13,14,28,29,10,23,2,2,"[0, 3, 1, 4, 2]",10-50
50,28,14,44,26,48,10,31,2,2,"[0, 3, 1, 4, 2]",10-50
50,28,15,112,67,58,63,40,0,0,"[0, 3, 1, 4, 2]",40-120
50,28,16,115,116,104,76,81,0,0,"[0, 3, 1, 4, 2]",40-120
50,28,17,73,91,55,61,107,1,1,"[0, 3, 1, 4, 2]",40-120
50,28,18,100,146,140,195,129,3,3,"[0, 3, 1, 4, 2]",100-200
50,28,19,104,100,53,89,113,3,3,"[0, 3, 1, 4, 2]",40-120
50,28,20,171,156,119,118,116,1,1,"[0, 3, 1, 4, 2]",100-200
50,28,21,65,47,60,76,102,3,3,"[0, 3, 1, 4, 2]",40-120
50,28,22,24,48,18,34,38,1,1,"[0, 3, 1, 4, 2]",10-50
50,28,23,196,132,196,152,184,0,0,"[0, 3, 1, 4, 2]",100-200
50,28,24,197,200,101,192,136,1,1,"[0, 3, 1, 4, 2]",100-200
50,28,25,29,49,22,44,26,1,1,"[0, 3, 1, 4, 2]",10-50
50,28,26,64,40,82,73,81,2,2,"[0, 3, 1, 4, 2]",40-120
50,28,27,45,88,52,75,103,1,1,"[0, 3, 1, 4, 2]",40-120
50,28,28,29,37,29,10,27,1,1,"[0, 3, 1, 4, 2]",10-50
50,28,29,179,289,297,250,355,2,2,"[0, 3, 1, 4, 2]",150-400
50,28,30,25,47,15,13,46,4,4,"[0, 3, 1, 4, 2]",10-50
50,28,31,107,80,74,76,101,0,0,"[0, 3, 1, 4, 2]",40-120
50,28,32,106,40,90,66,71,2,2,"[0, 3, 1, 4, 2]",40-120
50,28,33,272,298,155,173,306,0,0,"[0, 3, 1, 4, 2]",150-400
50,28,34,50,37,24,27,11,0,0,"[0, 3, 1, 4, 2]",10-50
50,28,35,94,46,44,73,117,4,4,"[0, 3, 1, 4, 2]",40-120
50,28,36,12,34,17,43,16,3,3,"[0, 3, 1, 4, 2]",10-50
50,28,37,20,28,30,14,36,4,4,"[0, 3, 1, 4, 2]",10-50
50,28,38,62,58,82,78,119,4,4,"[0, 3, 1, 4, 2]",40-120
50,28,39,37,21,21,30,34,0,0,"[0, 3, 1, 4, 2]",10-50
50,28,40,129,150,122,112,120,1,1,"[0, 3, 1, 4, 2]",100-200
50,28,41,27,36,36,31,21,2,2,"[0, 3, 1, 4, 2]",10-50
50,28,42,33,32,26,47,26,3,3,"[0, 3, 1, 4, 2]",10-50
50,28,43,114,116,190,181,193,4,4,"[0, 3, 1, 4, 2]",100-200
50,28,44,182,158,297,325,298,4,4,"[0, 3, 1, 4, 2]",150-400
50,28,45,59,65,64,62,96,4,4,"[0, 3, 1, 4, 2]",40-120
50,28,46,340,316,375,344,187,0,0,"[0, 3, 1, 4, 2]",150-400
50,28,47,92,66,100,100,66,3,3,"[0, 3, 1, 4, 2]",40-120
50,28,48,76,102,50,79,92,1,1,"[0, 3, 1, 4, 2]",40-120
50,28,49,186,162,273,369,381,4,4,"[0, 3, 1, 4, 2]",150-400
50,29,0,51,92,102,95,82,2,2,"[3, 0, 2, 1, 4]",40-120
50,29,1,44,17,44,28,50,4,4,"[3, 0, 2, 1, 4]",10-50
50,29,2,36,23,29,22,21,0,0,"[3, 0, 2, 1, 4]",10-50
50,29,3,131,197,171,184,104,1,1,"[3, 0, 2, 1, 4]",100-200
50,29,4,121,174,102,165,124,1,1,"[3, 0, 2, 1, 4]",100-200
50,29,5,271,275,168,238,287,0,0,"[3, 0, 2, 1, 4]",150-400
50,29,6,57,85,60,115,91,3,3,"[3, 0, 2, 1, 4]",40-120
50,29,7,99,77,62,93,86,0,0,"[3, 0, 2, 1, 4]",40-120
50,29,8,264,155,273,244,377,4,4,"[3, 0, 2, 1, 4]",150-400
50,29,9,200,125,198,173,186,0,0,"[3, 0, 2, 1, 4]",100-200
50,29,10,178,134,133,137,103,3,3,"[3, 0, 2, 1, 4]",100-200
50,29,11,87,81,65,89,58,1,1,"[3, 0, 2, 1, 4]",40-120
50,29,12,167,345,365,169,376,2,2,"[3, 0, 2, 1, 4]",150-400
50,29,13,84,90,95,96,70,2,2,"[3, 0, 2, 1, 4]",40-120
50,29,14,29,17,48,22,49,2,2,"[3, 0, 2, 1, 4]",10-50
50,29,15,19,14,49,50,25,3,3,"[3, 0, 2, 1, 4]",10-50
50,29,16,119,154,119,183,102,3,3,"[3, 0, 2, 1, 4]",100-200
50,29,17,87,116,76,48,76,1,1,"[3, 0, 2, 1, 4]",40-120
50,29,18,169,165,113,164,184,4,4,"[3, 0, 2, 1, 4]",100-200
50,29,19,23,31,16,41,14,3,3,"[3, 0, 2, 1, 4]",10-50
50,29,20,108,83,77,50,95,0,0,"[3, 0, 2, 1, 4]",40-120
50,29,21,31,21,32,22,50,4,4,"[3, 0, 2, 1, 4]",10-50
50,29,22,211,327,301,184,298,1,1,"[3, 0, 2, 1, 4]",150-400
50,29,23,92,41,104,106,120,4,4,"[3, 0, 2, 1, 4]",40-120
50,29,24,104,189,161,185,155,3,3,"[3, 0, 2, 1, 4]",100-200
50,29,25,99,73,116,62,114,2,2,"[3, 0, 2, 1, 4]",40-120
50,29,26,100,114,72,54,46,0,0,"[3, 0, 2, 1, 4]",40-120
50,29,27,139,136,141,178,175,2,2,"[3, 0, 2, 1, 4]",100-200
50,29,28,234,199,188,292,255,3,3,"[3, 0, 2, 1, 4]",150-400
50,29,29,24,24,31,33,10,3,3,"[3, 0, 2, 1, 4]",10-50
50,29,30,25,38,26,39,42,1,1,"[3, 0, 2, 1, 4]",10-50
50,29,31,166,220,319,285,373,2,2,"[3, 0, 2, 1, 4]",150-400
50,29,32,135,191,193,109,168,2,2,"[3, 0, 2, 1, 4]",100-200
50,29,33,46,27,30,11,36,0,0,"[3, 0, 2, 1, 4]",10-50
50,29,34,86,103,79,65,97,4,4,"[3, 0, 2, 1, 4]",40-120
50,29,35,21,35,38,21,44,2,2,"[3, 0, 2, 1, 4]",10-50
50,29,36,28,30,13,16,29,1,1,"[3, 0, 2, 1, 4]",10-50
50,29,37,71,76,53,82,57,4,4,"[3, 0, 2, 1, 4]",40-120
50,29,38,57,119,82,98,117,1,1,"[3, 0, 2, 1, 4]",40-120
50,29,39,15,13,37,24,40,2,2,"[3, 0, 2, 1, 4]",10-50
50,29,40,74,92,110,98,107,4,4,"[3, 0, 2, 1, 4]",40-120
50,29,41,192,188,143,122,164,0,0,"[3, 0, 2, 1, 4]",100-200
50,29,42,20,40,39,46,14,1,1,"[3, 0, 2, 1, 4]",10-50
50,29,43,48,57,100,112,53,3,3,"[3, 0, 2, 1, 4]",40-120
50,29,44,148,118,136,166,194,4,4,"[3, 0, 2, 1, 4]",100-200
50,29,45,41,29,34,16,32,0,0,"[3, 0, 2, 1, 4]",10-50
50,29,46,186,168,235,393,272,3,3,"[3, 0, 2, 1, 4]",150-400
50,29,47,23,14,20,11,23,4,4,"[3, 0, 2, 1, 4]",10-50
50,29,48,333,356,230,388,311,0,0,"[3, 0, 2, 1, 4]",150-400
50,29,49,163,195,119,178,152,1,1,"[3, 0, 2, 1, 4]",100-200
50,30,0,119,113,65,106,51,0,0,"[3, 0, 2, 4, 1]",40-120
50,30,1,172,197,177,177,100,1,1,"[3, 0, 2, 4, 1]",100-200
50,30,2,51,63,83,54,63,2,2,"[3, 0, 2, 4, 1]",40-120
50,30,3,24,18,27,43,37,3,3,"[3, 0, 2, 4, 1]",10-50
50,30,4,329,258,391,231,353,2,2,"[3, 0, 2, 4, 1]",150-400
50,30,5,337,275,150,310,373,0,0,"[3, 0, 2, 4, 1]",150-400
50,30,6,14,23,11,23,45,4,4,"[3, 0, 2, 4, 1]",10-50
50,30,7,49,104,60,117,116,3,3,"[3, 0, 2, 4, 1]",40-120
50,30,8,104,87,118,46,44,0,0,"[3, 0, 2, 4, 1]",40-120
50,30,9,41,22,12,25,23,1,1,"[3, 0, 2, 4, 1]",10-50
50,30,10,107,179,132,189,130,1,1,"[3, 0, 2, 4, 1]",100-200
50,30,11,70,92,96,72,49,1,1,"[3, 0, 2, 4, 1]",40-120
50,30,12,383,211,272,322,266,3,3,"[3, 0, 2, 4, 1]",150-400
50,30,13,164,168,150,195,123,3,3,"[3, 0, 2, 4, 1]",100-200
50,30,14,47,23,48,29,15,0,0,"[3, 0, 2, 4, 1]",10-50
50,30,15,23,19,42,42,42,3,3,"[3, 0, 2, 4, 1]",10-50
50,30,16,317,262,196,204,395,4,4,"[3, 0, 2, 4, 1]",150-400
50,30,17,14,11,20,48,31,3,3,"[3, 0, 2, 4, 1]",10-50
50,30,18,75,57,104,55,75,2,2,"[3, 0, 2, 4, 1]",40-120
50,30,19,63,42,65,86,64,3,3,"[3, 0, 2, 4, 1]",40-120
50,30,20,16,18,17,34,41,4,4,"[3, 0, 2, 4, 1]",10-50
50,30,21,20,12,46,39,10,2,2,"[3, 0, 2, 4, 1]",10-50
50,30,22,187,301,196,172,244,2,2,"[3, 0, 2, 4, 1]",150-400
50,30,23,184,163,155,120,116,2,2,"[3, 0, 2, 4, 1]",100-200
50,30,24,345,256,282,299,312,0,0,"[3, 0, 2, 4, 1]",150-400
50,30,25,298,365,210,320,336,3,3,"[3, 0, 2, 4, 1]",150-400
50,30,26,31,38,44,31,28,2,2,"[3, 0, 2, 4, 1]",10-50
50,30,27,264,367,152,269,261,1,1,"[3, 0, 2, 4, 1]",150-400
50,30,28,45,100,51,46,98,4,4,"[3, 0, 2, 4, 1]",40-120
50,30,29,41,44,42,18,48,4,4,"[3, 0, 2, 4, 1]",10-50
50,30,30,65,70,119,89,54,2,2,"[3, 0, 2, 4, 1]",40-120
50,30,31,187,137,155,151,167,0,0,"[3, 0, 2, 4, 1]",100-200
50,30,32,104,169,128,107,127,1,1,"[3, 0, 2, 4, 1]",100-200
50,30,33,122,134,113,131,133,4,4,"[3, 0, 2, 4, 1]",100-200
50,30,34,45,30,25,27,22,0,0,"[3, 0, 2, 4, 1]",10-50
50,30,35,146,144,119,136,165,3,3,"[3, 0, 2, 4, 1]",100-200
50,30,36,79,79,43,46,68,1,1,"[3, 0, 2, 4, 1]",40-120
50,30,37,26,50,14,15,15,1,1,"[3, 0, 2, 4, 1]",10-50
50,30,38,92,87,47,75,47,3,3,"[3, 0, 2, 4, 1]",40-120
50,30,39,136,180,188,170,143,2,2,"[3, 0, 2, 4, 1]",100-200
50,30,40,41,46,75,45,90,4,4,"[3, 0, 2, 4, 1]",40-120
50,30,41,45,110,63,62,52,1,1,"[3, 0, 2, 4, 1]",40-120
50,30,42,57,74,81,61,70,4,4,"[3, 0, 2, 4, 1]",40-120
50,30,43,185,153,124,135,162,0,0,"[3, 0, 2, 4, 1]",100-200
50,30,44,80,57,68,50,84,0,0,"[3, 0, 2, 4, 1]",40-120
50,30,45,33,33,29,33,13,1,1,"[3, 0, 2, 4, 1]",10-50
50,30,46,181,178,115,192,188,4,4,"[3, 0, 2, 4, 1]",100-200
50,30,47,183,182,114,168,173,4,4,"[3, 0, 2, 4, 1]",100-200
50,30,48,32,28,22,17,40,2,2,"[3, 0, 2, 4, 1]",10-50
50,30,49,47,26,35,20,31,0,0,"[3, 0, 2, 4, 1]",10-50
50,31,0,179,160,223,257,242,3,3,"[4, 1, 0, 3, 2]",150-400
50,31,1,346,334,288,337,230,0,0,"[4, 1, 0, 3, 2]",150-400
50,31,2,105,57,99,54,108,4,4,"[4, 1, 0, 3, 2]",40-120
50,31,3,99,56,110,107,64,2,2,"[4, 1, 0, 3, 2]",40-120
50,31,4,19,33,43,14,41,4,4,"[4, 1, 0, 3, 2]",10-50
50,31,5,15,15,16,33,38,4,4,"[4, 1, 0, 3, 2]",10-50
50,31,6,133,137,131,155,172,0,0,"[4, 1, 0, 3, 2]",100-200
50,31,7,48,49,68,64,110,4,4,"[4, 1, 0, 3, 2]",40-120
50,31,8,32,48,22,34,18,1,1,"[4, 1, 0, 3, 2]",10-50
50,31,9,55,104,90,113,97,3,3,"[4, 1, 0, 3, 2]",40-120
50,31,10,49,48,44,16,39,0,0,"[4, 1, 0, 3, 2]",10-50
50,31,11,198,199,180,171,134,1,1,"[4, 1, 0, 3, 2]",100-200
50,31,12,128,130,179,161,151,2,2,"[4, 1, 0, 3, 2]",100-200
50,31,13,136,166,151,141,168,1,1,"[4, 1, 0, 3, 2]",100-200
50,31,14,236,277,327,258,395,4,4,"[4, 1, 0, 3, 2]",150-400
50,31,15,326,290,297,161,290,2,2,"[4, 1, 0, 3, 2]",150-400
50,31,16,192,200,238,214,287,1,1,"[4, 1, 0, 3, 2]",150-400
50,31,17,25,19,15,41,22,3,3,"[4, 1, 0, 3, 2]",10-50
50,31,18,21,38,18,44,17,3,3,"[4, 1, 0, 3, 2]",10-50
50,31,19,191,153,191,161,130,0,0,"[4, 1, 0, 3, 2]",100-200
50,31,20,32,20,19,13,38,2,2,"[4, 1, 0, 3, 2]",10-50
50,31,21,111,174,139,194,162,3,3,"[4, 1, 0, 3, 2]",100-200
50,31,22,58,103,81,107,87,1,1,"[4, 1, 0, 3, 2]",40-120
50,31,23,59,116,104,85,104,1,1,"[4, 1, 0, 3, 2]",40-120
50,31,24,12,28,14,32,39,4,4,"[4, 1, 0, 3, 2]",10-50
50,31,25,142,121,102,111,195,4,4,"[4, 1, 0, 3, 2]",100-200
50,31,26,85,71,77,55,62,2,2,"[4, 1, 0, 3, 2]",40-120
50,31,27,98,68,97,77,68,2,2,"[4, 1, 0, 3, 2]",40-120
50,31,28,95,50,47,82,67,3,3,"[4, 1, 0, 3, 2]",40-120
50,31,29,273,196,294,335,194,3,3,"[4, 1, 0, 3, 2]",150-400
50,31,30,200,137,112,198,168,0,0,"[4, 1, 0, 3, 2]",100-200
50,31,31,72,109,53,96,74,1,1,"[4, 1, 0, 3, 2]",40-120
50,31,32,48,29,24,11,13,0,0,"[4, 1, 0, 3, 2]",10-50
50,31,33,33,16,18,18,26,3,3,"[4, 1, 0, 3, 2]",10-50
50,31,34,16,22,33,15,26,2,2,"[4, 1, 0, 3, 2]",10-50
50,31,35,109,129,146,109,166,2,2,"[4, 1, 0, 3, 2]",100-200
50,31,36,196,361,191,341,206,1,1,"[4, 1, 0, 3, 2]",150-400
50,31,37,20,26,47,28,14,2,2,"[4, 1, 0, 3, 2]",10-50
50,31,38,115,42,54,94,66,0,0,"[4, 1, 0, 3, 2]",40-120
50,31,39,103,146,144,192,174,4,4,"[4, 1, 0, 3, 2]",100-200
50,31,40,22,40,17,33,33,1,1,"[4, 1, 0, 3, 2]",10-50
50,31,41,34,13,27,20,36,0,0,"[4, 1, 0, 3, 2]",10-50
50,31,42,53,57,83,114,67,3,3,"[4, 1, 0, 3, 2]",40-120
50,31,43,129,105,104,117,153,3,3,"[4, 1, 0, 3, 2]",100-200
50,31,44,177,113,200,160,105,2,2,"[4, 1, 0, 3, 2]",100-200
50,31,45,235,200,158,308,307,4,4,"[4, 1, 0, 3, 2]",150-400
50,31,46,65,108,76,68,103,4,4,"[4, 1, 0, 3, 2]",40-120
50,31,47,16,43,18,37,36,1,1,"[4, 1, 0, 3, 2]",10-50
50,31,48,109,78,70,96,81,0,0,"[4, 1, 0, 3, 2]",40-120
50,31,49,109,44,95,80,72,0,0,"[4, 1, 0, 3, 2]",40-120
50,32,0,205,325,309,306,151,1,1,"[4, 0, 1, 3, 2]",150-400
50,32,1,119,167,127,177,139,3,3,"[4, 0, 1, 3, 2]",100-200
50,32,2,211,208,262,303,164,2,2,"[4, 0, 1, 3, 2]",150-400
50,32,3,82,92,40,92,120,4,4,"[4, 0, 1, 3, 2]",40-120
50,32,4,199,142,163,124,125,0,0,"[4, 0, 1, 3, 2]",100-200
50,32,5,374,165,383,205,165,0,0,"[4, 0, 1, 3, 2]",150-400
50,32,6,38,23,29,10,42,0,0,"[4, 0, 1, 3, 2]",10-50
50,32,7,59,109,54,43,71,1,1,"[4, 0, 1, 3, 2]",40-120
50,32,8,30,23,13,49,23,3,3,"[4, 0, 1, 3, 2]",10-50
50,32,9,126,187,125,198,144,3,3,"[4, 0, 1, 3, 2]",100-200
50,32,10,189,179,122,110,159,1,1,"[4, 0, 1, 3, 2]",100-200
50,32,11,50,10,27,32,36,0,0,"[4, 0, 1, 3, 2]",10-50
50,32,12,48,50,33,30,49,1,1,"[4, 0, 1, 3, 2]",10-50
50,32,13,229,265,232,319,238,1,1,"[4, 0, 1, 3, 2]",150-400
50,32,14,119,60,90,60,61,0,0,"[4, 0, 1, 3, 2]",40-120
50,32,15,33,10,19,48,13,3,3,"[4, 0, 1, 3, 2]",10-50
50,32,16,20,47,22,22,44,1,1,"[4, 0, 1, 3, 2]",10-50
50,32,17,83,49,54,74,99,2,2,"[4, 0, 1, 3, 2]",40-120
50,32,18,128,116,160,195,115,3,3,"[4, 0, 1, 3, 2]",100-200
50,32,19,103,46,86,77,92,0,0,"[4, 0, 1, 3, 2]",40-120
50,32,20,48,24,28,50,39,3,3,"[4, 0, 1, 3, 2]",10-50
50,32,21,114,102,110,111,186,4,4,"[4, 0, 1, 3, 2]",100-200
50,32,22,84,115,91,107,49,1,1,"[4, 0, 1, 3, 2]",40-120
50,32,23,35,22,42,39,39,2,2,"[4, 0, 1, 3, 2]",10-50
50,32,24,86,41,41,120,95,3,3,"[4, 0, 1, 3, 2]",40-120
50,32,25,43,29,22,39,48,4,4,"[4, 0, 1, 3, 2]",10-50
50,32,26,16,47,40,29,10,1,1,"[4, 0, 1, 3, 2]",10-50
50,32,27,218,222,182,331,366,4,4,"[4, 0, 1, 3, 2]",150-400
50,32,28,110,90,93,48,102,0,0,"[4, 0, 1, 3, 2]",40-120
50,32,29,120,172,115,166,133,1,1,"[4, 0, 1, 3, 2]",100-200
50,32,30,45,49,47,42,33,2,2,"[4, 0, 1, 3, 2]",10-50
50,32,31,104,109,119,111,139,2,2,"[4, 0, 1, 3, 2]",100-200
50,32,32,366,210,384,320,174,3,3,"[4, 0, 1, 3, 2]",150-400
50,32,33,50,44,18,10,50,4,4,"[4, 0, 1, 3, 2]",10-50
50,32,34,37,44,35,45,39,0,0,"[4, 0, 1, 3, 2]",10-50
50,32,35,294,288,179,155,220,0,0,"[4, 0, 1, 3, 2]",150-400
50,32,36,117,78,67,117,117,4,4,"[4, 0, 1, 3, 2]",40-120
50,32,37,97,58,105,88,112,2,2,"[4, 0, 1, 3, 2]",40-120
50,32,38,67,42,84,104,104,3,3,"[4, 0, 1, 3, 2]",40-120
50,32,39,77,96,42,63,101,4,4,"[4, 0, 1, 3, 2]",40-120
50,32,40,173,161,195,187,251,4,4,"[4, 0, 1, 3, 2]",150-400
50,32,41,161,108,118,182,181,4,4,"[4, 0, 1, 3, 2]",100-200
50,32,42,78,42,65,88,65,3,3,"[4, 0, 1, 3, 2]",40-120
50,32,43,131,188,181,128,103,2,2,"[4, 0, 1, 3, 2]",100-200
50,32,44,19,26,40,35,17,2,2,"[4, 0, 1, 3, 2]",10-50
50,32,45,186,143,125,187,127,0,0,"[4, 0, 1, 3, 2]",100-200
50,32,46,31,45,30,13,40,4,4,"[4, 0, 1, 3, 2]",10-50
50,32,47,197,111,132,136,171,2,2,"[4, 0, 1, 3, 2]",100-200
50,32,48,91,69,116,50,43,2,2,"[4, 0, 1, 3, 2]",40-120
50,32,49,83,79,90,62,93,1,1,"[4, 0, 1, 3, 2]",40-120
50,33,0,110,118,71,82,84,0,0,"[0, 1, 4, 2, 3]",40-120
50,33,1,290,208,167,180,255,4,4,"[0, 1, 4, 2, 3]",150-400
50,33,2,46,120,45,94,83,1,1,"[0, 1, 4, 2, 3]",40-120
50,33,3,66,70,53,55,74,3,3,"[0, 1, 4, 2, 3]",40-120
50,33,4,33,28,14,48,44,4,4,"[0, 1, 4, 2, 3]",10-50
50,33,5,93,106,70,58,40,1,1,"[0, 1, 4, 2, 3]",40-120
50,33,6,93,61,74,62,82,3,3,"[0, 1, 4, 2, 3]",40-120
50,33,7,388,362,397,298,361,0,0,"[0, 1, 4, 2, 3]",150-400
50,33,8,12,30,40,49,24,3,3,"[0, 1, 4, 2, 3]",10-50
50,33,9,197,143,170,115,115,0,0,"[0, 1, 4, 2, 3]",100-200
50,33,10,164,141,134,111,146,0,0,"[0, 1, 4, 2, 3]",100-200
50,33,11,181,126,168,119,152,2,2,"[0, 1, 4, 2, 3]",100-200
50,33,12,178,116,101,104,191,4,4,"[0, 1, 4, 2, 3]",100-200
50,33,13,35,35,24,15,22,0,0,"[0, 1, 4, 2, 3]",10-50
50,33,14,200,156,359,357,340,2,2,"[0, 1, 4, 2, 3]",150-400
50,33,15,94,100,59,62,51,2,2,"[0, 1, 4, 2, 3]",40-120
50,33,16,50,27,27,26,10,0,0,"[0, 1, 4, 2, 3]",10-50
50,33,17,12,10,10,15,35,4,4,"[0, 1, 4, 2, 3]",10-50
50,33,18,23,15,23,15,10,3,3,"[0, 1, 4, 2, 3]",10-50
50,33,19,91,113,101,116,78,2,2,"[0, 1, 4, 2, 3]",40-120
50,33,20,114,144,147,145,102,1,1,"[0, 1, 4, 2, 3]",100-200
50,33,21,151,137,109,192,187,3,3,"[0, 1, 4, 2, 3]",100-200
50,33,22,196,159,178,134,168,1,1,"[0, 1, 4, 2, 3]",100-200
50,33,23,18,39,33,44,30,2,2,"[0, 1, 4, 2, 3]",10-50
50,33,24,373,231,328,373,221,3,3,"[0, 1, 4, 2, 3]",150-400
50,33,25,41,42,20,28,22,1,1,"[0, 1, 4, 2, 3]",10-50
50,33,26,39,16,48,41,25,2,2,"[0, 1, 4, 2, 3]",10-50
50,33,27,119,134,117,182,111,3,3,"[0, 1, 4, 2, 3]",100-200
50,33,28,66,74,59,52,79,4,4,"[0, 1, 4, 2, 3]",40-120
50,33,29,336,158,236,239,166,0,0,"[0, 1, 4, 2, 3]",150-400
50,33,30,37,31,41,39,32,2,2,"[0, 1, 4, 2, 3]",10-50
50,33,31,31,41,21,11,41,1,1,"[0, 1, 4, 2, 3]",10-50
50,33,32,23,48,22,44,45,1,1,"[0, 1, 4, 2, 3]",10-50
50,33,33,35,22,19,17,49,4,4,"[0, 1, 4, 2, 3]",10-50
50,33,34,36,15,37,49,11,3,3,"[0, 1, 4, 2, 3]",10-50
50,33,35,86,56,94,58,77,2,2,"[0, 1, 4, 2, 3]",40-120
50,33,36,347,295,252,337,387,1,1,"[0, 1, 4, 2, 3]",150-400
50,33,37,159,104,174,102,111,2,2,"[0, 1, 4, 2, 3]",100-200
50,33,38,43,15,32,29,32,0,0,"[0, 1, 4, 2, 3]",10-50
50,33,39,113,121,186,187,106,2,2,"[0, 1, 4, 2, 3]",100-200
50,33,40,69,113,87,49,99,1,1,"[0, 1, 4, 2, 3]",40-120
50,33,41,100,54,93,46,41,0,0,"[0, 1, 4, 2, 3]",40-120
50,33,42,82,91,71,117,74,3,3,"[0, 1, 4, 2, 3]",40-120
50,33,43,183,129,133,106,145,0,0,"[0, 1, 4, 2, 3]",100-200
50,33,44,200,232,223,253,255,1,1,"[0, 1, 4, 2, 3]",150-400
50,33,45,109,67,96,76,119,4,4,"[0, 1, 4, 2, 3]",40-120
50,33,46,144,121,140,115,174,4,4,"[0, 1, 4, 2, 3]",100-200
50,33,47,46,119,101,114,83,3,3,"[0, 1, 4, 2, 3]",40-120
50,33,48,309,262,241,355,351,4,4,"[0, 1, 4, 2, 3]",150-400
50,33,49,52,77,78,56,118,4,4,"[0, 1, 4, 2, 3]",40-120
50,34,0,90,110,61,68,109,1,1,"[1, 3, 4, 0, 2]",40-120
50,34,1,12,39,49,31,19,2,2,"[1, 3, 4, 0, 2]",10-50
50,34,2,45,78,104,98,84,3,3,"[1, 3, 4, 0, 2]",40-120
50,34,3,109,80,82,61,60,0,0,"[1, 3, 4, 0, 2]",40-120
50,34,4,37,27,22,26,14,0,0,"[1, 3, 4, 0, 2]",10-50
50,34,5,280,300,382,219,161,2,2,"[1, 3, 4, 0, 2]",150-400
50,34,6,148,177,101,145,118,1,1,"[1, 3, 4, 0, 2]",100-200
50,34,7,108,102,47,86,52,1,1,"[1, 3, 4, 0, 2]",40-120
50,34,8,51,49,105,97,43,2,2,"[1, 3, 4, 0, 2]",40-120
50,34,9,285,299,171,203,337,1,1,"[1, 3, 4, 0, 2]",150-400
50,34,10,44,28,44,14,41,1,1,"[1, 3, 4, 0, 2]",10-50
50,34,11,84,75,56,101,78,3,3,"[1, 3, 4, 0, 2]",40-120
50,34,12,91,65,84,61,102,0,0,"[1, 3, 4, 0, 2]",40-120
50,34,13,121,114,160,143,158,4,4,"[1, 3, 4, 0, 2]",100-200
50,34,14,107,107,52,61,119,4,4,"[1, 3, 4, 0, 2]",40-120
50,34,15,31,14,16,11,35,4,4,"[1, 3, 4, 0, 2]",10-50
50,34,16,48,22,36,28,14,0,0,"[1, 3, 4, 0, 2]",10-50
50,34,17,178,134,200,170,171,2,2,"[1, 3, 4, 0, 2]",100-200
50,34,18,26,15,39,23,21,2,2,"[1, 3, 4, 0, 2]",10-50
50,34,19,377,274,380,378,214,0,0,"[1, 3, 4, 0, 2]",150-400
50,34,20,173,110,105,130,103,0,0,"[1, 3, 4, 0, 2]",100-200
50,34,21,188,121,146,111,198,0,0,"[1, 3, 4, 0, 2]",100-200
50,34,22,59,100,60,84,52,1,1,"[1, 3, 4, 0, 2]",40-120
50,34,23,86,51,56,84,46,0,0,"[1, 3, 4, 0, 2]",40-120
50,34,24,184,175,121,153,105,3,3,"[1, 3, 4, 0, 2]",100-200
50,34,25,43,88,88,93,72,4,4,"[1, 3, 4, 0, 2]",40-120
50,34,26,131,167,180,197,198,3,3,"[1, 3, 4, 0, 2]",100-200
50,34,27,19,28,30,37,39,3,3,"[1, 3, 4, 0, 2]",10-50
50,34,28,46,40,23,38,42,4,4,"[1, 3, 4, 0, 2]",10-50
50,34,29,119,120,171,121,115,2,2,"[1, 3, 4, 0, 2]",100-200
50,34,30,72,56,55,102,97,3,3,"[1, 3, 4, 0, 2]",40-120
50,34,31,86,73,54,97,41,2,2,"[1, 3, 4, 0, 2]",40-120
50,34,32,388,302,241,231,191,1,1,"[1, 3, 4, 0, 2]",150-400
50,34,33,45,10,41,25,28,0,0,"[1, 3, 4, 0, 2]",10-50
50,34,34,187,140,129,118,161,0,0,"[1, 3, 4, 0, 2]",100-200
50,34,35,10,21,45,44,14,3,3,"[1, 3, 4, 0, 2]",10-50
50,34,36,56,96,79,50,105,4,4,"[1, 3, 4, 0, 2]",40-120
50,34,37,278,265,255,379,302,3,3,"[1, 3, 4, 0, 2]",150-400
50,34,38,47,42,34,28,39,1,1,"[1, 3, 4, 0, 2]",10-50
50,34,39,175,188,155,200,167,1,1,"[1, 3, 4, 0, 2]",100-200
50,34,40,187,201,321,163,260,4,4,"[1, 3, 4, 0, 2]",150-400
50,34,41,38,18,36,10,48,4,4,"[1, 3, 4, 0, 2]",10-50
50,34,42,48,44,21,45,17,1,1,"[1, 3, 4, 0, 2]",10-50
50,34,43,39,13,31,44,12,3,3,"[1, 3, 4, 0, 2]",10-50
50,34,44,145,166,150,193,179,4,4,"[1, 3, 4, 0, 2]",100-200
50,34,45,133,165,143,109,102,2,2,"[1, 3, 4, 0, 2]",100-200
50,34,46,31,32,48,36,42,2,2,"[1, 3, 4, 0, 2]",10-50
50,34,47,60,101,117,60,73,2,2,"[1, 3, 4, 0, 2]",40-120
50,34,48,326,155,271,295,389,4,4,"[1, 3, 4, 0, 2]",150-400
50,34,49,287,242,316,337,252,3,3,"[1, 3, 4, 0, 2]",150-400
50,35,0,130,127,140,186,130,4,3,"[3, 2, 0, 1, 4]",100-200
50,35,1,35,11,39,14,49,4,4,"[3, 2, 0, 1, 4]",10-50
50,35,2,40,23,46,21,44,2,2,"[3, 2, 0, 1, 4]",10-50
50,35,3,34,26,34,21,20,4,2,"[3, 2, 0, 1, 4]",10-50
50,35,4,178,340,194,234,383,4,4,"[3, 2, 0, 1, 4]",150-400
50,35,5,103,74,51,64,52,0,0,"[3, 2, 0, 1, 4]",40-120
50,35,6,75,56,62,51,114,4,4,"[3, 2, 0, 1, 4]",40-120
50,35,7,133,195,106,141,170,1,1,"[3, 2, 0, 1, 4]",100-200
50,35,8,113,66,117,95,115,0,2,"[3, 2, 0, 1, 4]",40-120
50,35,9,213,169,252,386,334,3,3,"[3, 2, 0, 1, 4]",150-400
50,35,10,50,34,25,11,14,0,0,"[3, 2, 0, 1, 4]",10-50
50,35,11,76,117,118,118,60,3,1,"[3, 2, 0, 1, 4]",40-120
50,35,12,40,33,40,27,38,1,2,"[3, 2, 0, 1, 4]",10-50
50,35,13,96,115,74,110,113,3,1,"[3, 2, 0, 1, 4]",40-120
50,35,14,42,65,114,115,78,2,2,"[3, 2, 0, 1, 4]",40-120
50,35,15,60,120,49,84,56,1,1,"[3, 2, 0, 1, 4]",40-120
50,35,16,113,116,71,79,93,0,1,"[3, 2, 0, 1, 4]",40-120
50,35,17,28,29,44,14,37,2,2,"[3, 2, 0, 1, 4]",10-50
50,35,18,117,100,144,193,163,3,3,"[3, 2, 0, 1, 4]",100-200
50,35,19,103,108,198,141,104,2,2,"[3, 2, 0, 1, 4]",100-200
50,35,20,105,81,118,69,79,2,2,"[3, 2, 0, 1, 4]",40-120
50,35,21,111,47,114,104,77,2,2,"[3, 2, 0, 1, 4]",40-120
50,35,22,90,116,58,113,57,1,1,"[3, 2, 0, 1, 4]",40-120
50,35,23,47,72,45,49,111,1,4,"[3, 2, 0, 1, 4]",40-120
50,35,24,41,50,22,12,17,1,1,"[3, 2, 0, 1, 4]",10-50
50,35,25,40,25,29,38,50,4,4,"[3, 2, 0, 1, 4]",10-50
50,35,26,41,32,39,29,32,0,2,"[3, 2, 0, 1, 4]",10-50
50,35,27,216,349,347,220,178,2,2,"[3, 2, 0, 1, 4]",150-400
50,35,28,294,196,221,290,375,0,4,"[3, 2, 0, 1, 4]",150-400
50,35,29,120,121,189,193,134,3,3,"[3, 2, 0, 1, 4]",100-200
50,35,30,378,316,257,192,218,2,0,"[3, 2, 0, 1, 4]",150-400
50,35,31,137,166,117,100,101,1,1,"[3, 2, 0, 1, 4]",100-200
50,35,32,33,19,18,41,12,3,3,"[3, 2, 0, 1, 4]",10-50
50,35,33,379,167,308,355,213,0,0,"[3, 2, 0, 1, 4]",150-400
50,35,34,367,355,184,333,266,1,0,"[3, 2, 0, 1, 4]",150-400
50,35,35,79,110,76,117,82,3,3,"[3, 2, 0, 1, 4]",40-120
50,35,36,35,13,34,28,31,0,2,"[3, 2, 0, 1, 4]",10-50
50,35,37,171,191,157,128,170,1,1,"[3, 2, 0, 1, 4]",100-200
50,35,38,52,93,53,117,116,4,4,"[3, 2, 0, 1, 4]",40-120
50,35,39,16,36,48,40,37,2,2,"[3, 2, 0, 1, 4]",10-50
50,35,40,298,290,365,392,377,3,3,"[3, 2, 0, 1, 4]",150-400
50,35,41,150,108,186,173,112,2,2,"[3, 2, 0, 1, 4]",100-200
50,35,42,151,179,187,152,193,4,4,"[3, 2, 0, 1, 4]",100-200
50,35,43,21,32,33,16,28,1,1,"[3, 2, 0, 1, 4]",10-50
50,35,44,14,22,36,38,22,3,3,"[3, 2, 0, 1, 4]",10-50
50,35,45,181,118,161,118,161,0,0,"[3, 2, 0, 1, 4]",100-200
50,35,46,72,64,49,61,84,4,4,"[3, 2, 0, 1, 4]",40-120
50,35,47,23,50,27,42,31,3,1,"[3, 2, 0, 1, 4]",10-50
50,35,48,144,106,102,117,141,4,0,"[3, 2, 0, 1, 4]",100-200
50,35,49,152,181,147,144,106,0,1,"[3, 2, 0, 1, 4]",100-200
50,36,0,69,48,112,54,62,2,2,"[0, 1, 3, 2, 4]",40-120
50,36,1,74,40,72,67,111,4,4,"[0, 1, 3, 2, 4]",40-120
50,36,2,15,42,29,15,20,1,1,"[0, 1, 3, 2, 4]",10-50
50,36,3,62,120,84,80,119,1,1,"[0, 1, 3, 2, 4]",40-120
50,36,4,107,105,58,83,91,3,0,"[0, 1, 3, 2, 4]",40-120
50,36,5,76,76,118,118,73,3,3,"[0, 1, 3, 2, 4]",40-120
50,36,6,179,245,309,251,371,4,4,"[0, 1, 3, 2, 4]",150-400
50,36,7,111,58,105,62,69,0,0,"[0, 1, 3, 2, 4]",40-120
50,36,8,18,33,30,38,25,2,3,"[0, 1, 3, 2, 4]",10-50
50,36,9,48,115,66,41,71,1,1,"[0, 1, 3, 2, 4]",40-120
50,36,10,26,35,15,32,29,3,1,"[0, 1, 3, 2, 4]",10-50
50,36,11,119,173,156,104,173,2,1,"[0, 1, 3, 2, 4]",100-200
50,36,12,10,19,29,16,42,2,4,"[0, 1, 3, 2, 4]",10-50
50,36,13,42,29,25,48,45,3,3,"[0, 1, 3, 2, 4]",10-50
50,36,14,221,370,382,280,216,1,2,"[0, 1, 3, 2, 4]",150-400
50,36,15,13,49,35,44,47,1,1,"[0, 1, 3, 2, 4]",10-50
50,36,16,190,117,143,163,102,0,0,"[0, 1, 3, 2, 4]",100-200
50,36,17,41,27,23,41,43,4,3,"[0, 1, 3, 2, 4]",10-50
50,36,18,119,145,122,100,151,4,4,"[0, 1, 3, 2, 4]",100-200
50,36,19,32,45,21,11,38,1,1,"[0, 1, 3, 2, 4]",10-50
50,36,20,89,45,116,69,117,2,2,"[0, 1, 3, 2, 4]",40-120
50,36,21,163,106,188,102,197,4,4,"[0, 1, 3, 2, 4]",100-200
50,36,22,79,78,93,58,80,2,2,"[0, 1, 3, 2, 4]",40-120
50,36,23,49,21,33,17,43,0,0,"[0, 1, 3, 2, 4]",10-50
50,36,24,107,196,189,103,194,2,2,"[0, 1, 3, 2, 4]",100-200
50,36,25,238,230,188,203,229,3,0,"[0, 1, 3, 2, 4]",150-400
50,36,26,102,96,73,118,50,3,3,"[0, 1, 3, 2, 4]",40-120
50,36,27,243,161,184,152,294,0,4,"[0, 1, 3, 2, 4]",150-400
50,36,28,34,22,50,15,43,2,2,"[0, 1, 3, 2, 4]",10-50
50,36,29,164,102,106,126,148,3,0,"[0, 1, 3, 2, 4]",100-200
50,36,30,115,113,88,111,51,0,0,"[0, 1, 3, 2, 4]",40-120
50,36,31,249,290,199,337,349,0,3,"[0, 1, 3, 2, 4]",150-400
50,36,32,80,110,43,53,59,4,1,"[0, 1, 3, 2, 4]",40-120
50,36,33,20,12,23,28,34,4,4,"[0, 1, 3, 2, 4]",10-50
50,36,34,201,288,272,251,209,1,1,"[0, 1, 3, 2, 4]",150-400
50,36,35,154,112,189,192,131,3,3,"[0, 1, 3, 2, 4]",100-200
50,36,36,134,172,133,105,113,2,1,"[0, 1, 3, 2, 4]",100-200
50,36,37,21,10,30,42,31,3,3,"[0, 1, 3, 2, 4]",10-50
50,36,38,47,26,19,15,16,0,0,"[0, 1, 3, 2, 4]",10-50
50,36,39,53,44,67,90,93,4,3,"[0, 1, 3, 2, 4]",40-120
50,36,40,23,14,39,36,46,4,4,"[0, 1, 3, 2, 4]",10-50
50,36,41,233,170,165,355,257,3,3,"[0, 1, 3, 2, 4]",150-400
50,36,42,178,119,132,107,128,4,0,"[0, 1, 3, 2, 4]",100-200
50,36,43,106,181,121,114,184,1,4,"[0, 1, 3, 2, 4]",100-200
50,36,44,46,33,26,25,41,0,0,"[0, 1, 3, 2, 4]",10-50
50,36,45,108,73,110,69,57,0,2,"[0, 1, 3, 2, 4]",40-120
50,36,46,200,147,133,128,192,0,0,"[0, 1, 3, 2, 4]",100-200
50,36,47,51,120,71,49,69,1,1,"[0, 1, 3, 2, 4]",40-120
50,36,48,154,173,334,285,155,2,2,"[0, 1, 3, 2, 4]",150-400
50,36,49,124,176,147,168,134,1,1,"[0, 1, 3, 2, 4]",100-200
50,37,0,56,80,93,61,119,4,4,"[1, 2, 0, 3, 4]",40-120
50,37,1,43,49,57,108,56,3,3,"[1, 2, 0, 3, 4]",40-120
50,37,2,133,143,100,102,148,4,4,"[1, 2, 0, 3, 4]",100-200
50,37,3,390,184,174,370,371,0,0,"[1, 2, 0, 3, 4]",150-400
50,37,4,260,159,158,221,390,4,4,"[1, 2, 0, 3, 4]",150-400
50,37,5,12,50,24,36,41,1,1,"[1, 2, 0, 3, 4]",10-50
50,37,6,47,23,44,22,48,4,4,"[1, 2, 0, 3, 4]",10-50
50,37,7,277,188,367,268,187,2,2,"[1, 2, 0, 3, 4]",150-400
50,37,8,58,58,110,114,68,3,3,"[1, 2, 0, 3, 4]",40-120
50,37,9,96,89,102,69,47,0,2,"[1, 2, 0, 3, 4]",40-120
50,37,10,41,93,72,107,79,3,3,"[1, 2, 0, 3, 4]",40-120
50,37,11,113,117,119,60,113,2,1,"[1, 2, 0, 3, 4]",40-120
50,37,12,66,48,117,87,109,2,4,"[1, 2, 0, 3, 4]",40-120
50,37,13,369,234,315,171,346,0,0,"[1, 2, 0, 3, 4]",150-400
50,37,14,18,47,26,14,47,4,1,"[1, 2, 0, 3, 4]",10-50
50,37,15,99,65,90,44,101,0,4,"[1, 2, 0, 3, 4]",40-120
50,37,16,12,38,28,48,34,3,3,"[1, 2, 0, 3, 4]",10-50
50,37,17,39,24,48,45,19,2,2,"[1, 2, 0, 3, 4]",10-50
50,37,18,76,47,58,59,111,4,4,"[1, 2, 0, 3, 4]",40-120
50,37,19,143,144,191,122,108,2,2,"[1, 2, 0, 3, 4]",100-200
50,37,20,30,26,39,25,24,2,2,"[1, 2, 0, 3, 4]",10-50
50,37,21,226,237,394,379,292,2,2,"[1, 2, 0, 3, 4]",150-400
50,37,22,78,57,49,47,75,0,0,"[1, 2, 0, 3, 4]",40-120
50,37,23,50,43,18,39,20,0,0,"[1, 2, 0, 3, 4]",10-50
50,37,24,63,115,84,112,76,3,1,"[1, 2, 0, 3, 4]",40-120
50,37,25,18,30,11,48,17,3,3,"[1, 2, 0, 3, 4]",10-50
50,37,26,28,18,24,15,40,4,4,"[1, 2, 0, 3, 4]",10-50
50,37,27,59,118,108,82,41,1,1,"[1, 2, 0, 3, 4]",40-120
50,37,28,11,16,38,26,42,4,4,"[1, 2, 0, 3, 4]",10-50
50,37,29,120,113,172,179,179,3,3,"[1, 2, 0, 3, 4]",100-200
50,37,30,24,23,48,50,29,3,3,"[1, 2, 0, 3, 4]",10-50
50,37,31,158,109,117,159,106,0,3,"[1, 2, 0, 3, 4]",100-200
50,37,32,100,200,179,116,168,1,1,"[1, 2, 0, 3, 4]",100-200
50,37,33,79,90,90,93,82,2,3,"[1, 2, 0, 3, 4]",40-120
50,37,34,47,49,46,26,35,0,1,"[1, 2, 0, 3, 4]",10-50
50,37,35,101,109,169,200,162,3,3,"[1, 2, 0, 3, 4]",100-200
50,37,36,365,279,230,344,319,1,0,"[1, 2, 0, 3, 4]",150-400
50,37,37,96,96,72,81,52,1,1,"[1, 2, 0, 3, 4]",40-120
50,37,38,27,48,17,22,40,1,1,"[1, 2, 0, 3, 4]",10-50
50,37,39,286,389,295,374,194,1,1,"[1, 2, 0, 3, 4]",150-400
50,37,40,53,68,89,63,44,1,2,"[1, 2, 0, 3, 4]",40-120
50,37,41,271,206,214,394,287,3,3,"[1, 2, 0, 3, 4]",150-400
50,37,42,119,105,174,134,104,2,2,"[1, 2, 0, 3, 4]",100-200
50,37,43,191,193,130,150,106,0,1,"[1, 2, 0, 3, 4]",100-200
50,37,44,183,161,111,136,111,1,0,"[1, 2, 0, 3, 4]",100-200
50,37,45,36,36,16,25,32,0,1,"[1, 2, 0, 3, 4]",10-50
50,37,46,10,43,47,13,42,2,2,"[1, 2, 0, 3, 4]",10-50
50,37,47,144,149,151,119,186,4,4,"[1, 2, 0, 3, 4]",100-200
50,37,48,136,124,147,103,111,1,2,"[1, 2, 0, 3, 4]",100-200
50,37,49,162,146,144,164,193,4,4,"[1, 2, 0, 3, 4]",100-200
50,38,0,62,59,67,87,70,3,3,"[2, 4, 3, 1, 0]",40-120
50,38,1,92,107,56,109,81,3,3,"[2, 4, 3, 1, 0]",40-120
50,38,2,321,342,208,311,348,0,0,"[2, 4, 3, 1, 0]",150-400
50,38,3,12,21,44,10,22,2,2,"[2, 4, 3, 1, 0]",10-50
50,38,4,131,199,118,164,101,1,1,"[2, 4, 3, 1, 0]",100-200
50,38,5,37,28,47,23,44,2,2,"[2, 4, 3, 1, 0]",10-50
50,38,6,195,349,268,348,171,3,3,"[2, 4, 3, 1, 0]",150-400
50,38,7,158,123,179,152,155,2,2,"[2, 4, 3, 1, 0]",100-200
50,38,8,40,44,23,32,45,0,0,"[2, 4, 3, 1, 0]",10-50
50,38,9,28,36,21,18,31,1,1,"[2, 4, 3, 1, 0]",10-50
50,38,10,68,51,79,64,116,4,4,"[2, 4, 3, 1, 0]",40-120
50,38,11,161,185,163,152,146,0,0,"[2, 4, 3, 1, 0]",100-200
50,38,12,66,69,58,76,108,4,4,"[2, 4, 3, 1, 0]",40-120
50,38,13,157,127,115,151,164,4,4,"[2, 4, 3, 1, 0]",100-200
50,38,14,43,35,16,25,21,0,0,"[2, 4, 3, 1, 0]",10-50
50,38,15,117,52,120,50,67,2,2,"[2, 4, 3, 1, 0]",40-120
50,38,16,91,45,96,41,116,4,4,"[2, 4, 3, 1, 0]",40-120
50,38,17,254,284,329,375,382,4,4,"[2, 4, 3, 1, 0]",150-400
50,38,18,116,186,166,197,129,3,3,"[2, 4, 3, 1, 0]",100-200
50,38,19,115,111,79,54,72,1,1,"[2, 4, 3, 1, 0]",40-120
50,38,20,35,30,43,35,45,3,3,"[2, 4, 3, 1, 0]",10-50
50,38,21,142,181,162,147,126,1,1,"[2, 4, 3, 1, 0]",100-200
50,38,22,285,310,160,160,223,1,1,"[2, 4, 3, 1, 0]",150-400
50,38,23,32,16,36,25,44,4,4,"[2, 4, 3, 1, 0]",10-50
50,38,24,71,49,80,93,83,2,2,"[2, 4, 3, 1, 0]",40-120
50,38,25,17,24,39,13,31,0,0,"[2, 4, 3, 1, 0]",10-50
50,38,26,181,239,261,173,217,2,2,"[2, 4, 3, 1, 0]",150-400
50,38,27,70,48,63,95,100,3,3,"[2, 4, 3, 1, 0]",40-120
50,38,28,213,385,239,175,376,4,4,"[2, 4, 3, 1, 0]",150-400
50,38,29,142,172,173,164,176,4,4,"[2, 4, 3, 1, 0]",100-200
50,38,30,254,351,344,159,172,2,2,"[2, 4, 3, 1, 0]",150-400
50,38,31,105,112,89,49,43,1,1,"[2, 4, 3, 1, 0]",40-120
50,38,32,27,24,32,35,50,4,4,"[2, 4, 3, 1, 0]",10-50
50,38,33,22,20,14,28,47,4,4,"[2, 4, 3, 1, 0]",10-50
50,38,34,80,48,115,54,56,2,2,"[2, 4, 3, 1, 0]",40-120
50,38,35,364,390,336,163,285,1,1,"[2, 4, 3, 1, 0]",150-400
50,38,36,102,112,188,153,148,2,2,"[2, 4, 3, 1, 0]",100-200
50,38,37,33,38,27,33,18,3,3,"[2, 4, 3, 1, 0]",10-50
50,38,38,50,34,19,21,35,0,0,"[2, 4, 3, 1, 0]",10-50
50,38,39,50,49,15,25,24,1,1,"[2, 4, 3, 1, 0]",10-50
50,38,40,55,83,60,58,62,1,1,"[2, 4, 3, 1, 0]",40-120
50,38,41,87,68,59,57,61,0,0,"[2, 4, 3, 1, 0]",40-120
50,38,42,17,42,17,27,27,3,3,"[2, 4, 3, 1, 0]",10-50
50,38,43,134,181,135,156,103,0,0,"[2, 4, 3, 1, 0]",100-200
50,38,44,137,120,163,197,153,3,3,"[2, 4, 3, 1, 0]",100-200
50,38,45,116,86,116,65,104,0,0,"[2, 4, 3, 1, 0]",40-120
50,38,46,44,76,51,79,73,2,2,"[2, 4, 3, 1, 0]",40-120
50,38,47,166,127,120,146,136,0,0,"[2, 4, 3, 1, 0]",100-200
50,38,48,137,126,130,192,126,3,3,"[2, 4, 3, 1, 0]",100-200
50,38,49,10,47,23,13,11,1,1,"[2, 4, 3, 1, 0]",10-50
50,39,0,270,154,394,373,151,2,2,"[0, 4, 2, 3, 1]",150-400
50,39,1,220,397,244,364,350,3,1,"[0, 4, 2, 3, 1]",150-400
50,39,2,92,103,97,106,116,4,4,"[0, 4, 2, 3, 1]",40-120
50,39,3,24,31,47,36,37,2,2,"[0, 4, 2, 3, 1]",10-50
50,39,4,69,115,55,116,64,3,3,"[0, 4, 2, 3, 1]",40-120
50,39,5,36,39,10,17,12,1,1,"[0, 4, 2, 3, 1]",10-50
50,39,6,68,86,45,101,46,1,3,"[0, 4, 2, 3, 1]",40-120
50,39,7,39,47,10,41,24,1,1,"[0, 4, 2, 3, 1]",10-50
50,39,8,133,148,189,179,170,4,3,"[0, 4, 2, 3, 1]",100-200
50,39,9,104,107,200,119,101,2,2,"[0, 4, 2, 3, 1]",100-200
50,39,10,50,86,101,74,58,2,2,"[0, 4, 2, 3, 1]",40-120
50,39,11,195,144,107,155,171,0,0,"[0, 4, 2, 3, 1]",100-200
50,39,12,41,72,50,112,89,3,3,"[0, 4, 2, 3, 1]",40-120
50,39,13,11,34,36,14,14,2,2,"[0, 4, 2, 3, 1]",10-50
50,39,14,107,109,64,82,64,1,1,"[0, 4, 2, 3, 1]",40-120
50,39,15,273,337,297,253,248,1,1,"[0, 4, 2, 3, 1]",150-400
50,39,16,26,40,33,48,12,3,3,"[0, 4, 2, 3, 1]",10-50
50,39,17,61,104,113,48,85,2,2,"[0, 4, 2, 3, 1]",40-120
50,39,18,336,238,296,201,400,4,4,"[0, 4, 2, 3, 1]",150-400
50,39,19,34,36,13,35,39,4,4,"[0, 4, 2, 3, 1]",10-50
50,39,20,78,88,73,81,115,1,4,"[0, 4, 2, 3, 1]",40-120
50,39,21,165,123,127,126,120,2,0,"[0, 4, 2, 3, 1]",100-200
50,39,22,132,150,127,145,119,1,1,"[0, 4, 2, 3, 1]",100-200
50,39,23,128,174,165,154,190,4,4,"[0, 4, 2, 3, 1]",100-200
50,39,24,12,41,31,19,15,1,1,"[0, 4, 2, 3, 1]",10-50
50,39,25,34,16,12,38,48,4,4,"[0, 4, 2, 3, 1]",10-50
50,39,26,92,90,95,99,118,4,4,"[0, 4, 2, 3, 1]",40-120
50,39,27,45,96,105,65,51,2,2,"[0, 4, 2, 3, 1]",40-120
50,39,28,187,184,127,129,139,0,0,"[0, 4, 2, 3, 1]",100-200
50,39,29,374,284,315,246,355,0,0,"[0, 4, 2, 3, 1]",150-400
50,39,30,43,88,52,97,109,4,4,"[0, 4, 2, 3, 1]",40-120
50,39,31,232,211,274,348,343,4,3,"[0, 4, 2, 3, 1]",150-400
50,39,32,28,37,30,27,47,4,4,"[0, 4, 2, 3, 1]",10-50
50,39,33,45,41,50,12,24,0,2,"[0, 4, 2, 3, 1]",10-50
50,39,34,31,18,39,40,31,3,3,"[0, 4, 2, 3, 1]",10-50
50,39,35,108,194,154,121,109,1,1,"[0, 4, 2, 3, 1]",100-200
50,39,36,32,23,45,27,37,2,2,"[0, 4, 2, 3, 1]",10-50
50,39,37,39,35,45,12,30,0,2,"[0, 4, 2, 3, 1]",10-50
50,39,38,112,90,51,112,80,0,0,"[0, 4, 2, 3, 1]",40-120
50,39,39,38,33,15,32,21,0,0,"[0, 4, 2, 3, 1]",10-50
50,39,40,68,68,83,111,56,3,3,"[0, 4, 2, 3, 1]",40-120
50,39,41,147,200,122,145,112,1,1,"[0, 4, 2, 3, 1]",100-200
50,39,42,318,301,257,292,291,0,0,"[0, 4, 2, 3, 1]",150-400
50,39,43,279,322,327,277,280,2,2,"[0, 4, 2, 3, 1]",150-400
50,39,44,130,161,101,182,120,3,3,"[0, 4, 2, 3, 1]",100-200
50,39,45,19,39,17,26,39,3,4,"[0, 4, 2, 3, 1]",10-50
50,39,46,91,69,86,42,116,0,4,"[0, 4, 2, 3, 1]",40-120
50,39,47,129,190,165,199,196,3,4,"[0, 4, 2, 3, 1]",100-200
50,39,48,150,157,185,195,104,3,3,"[0, 4, 2, 3, 1]",100-200
50,39,49,99,48,70,65,77,0,0,"[0, 4, 2, 3, 1]",40-120
50,40,0,48,18,46,30,36,2,0,"[4, 2, 3, 1, 0]",10-50
50,40,1,19,25,42,33,10,0,2,"[4, 2, 3, 1, 0]",10-50
50,40,2,55,89,87,84,94,1,4,"[4, 2, 3, 1, 0]",40-120
50,40,3,41,49,119,110,67,2,2,"[4, 2, 3, 1, 0]",40-120
50,40,4,355,167,277,341,284,2,0,"[4, 2, 3, 1, 0]",150-400
50,40,5,45,34,12,33,33,0,0,"[4, 2, 3, 1, 0]",10-50
50,40,6,150,184,184,107,104,2,1,"[4, 2, 3, 1, 0]",100-200
50,40,7,163,158,124,175,141,1,3,"[4, 2, 3, 1, 0]",100-200
50,40,8,173,164,193,138,169,2,2,"[4, 2, 3, 1, 0]",100-200
50,40,9,42,25,17,32,26,4,0,"[4, 2, 3, 1, 0]",10-50
50,40,10,116,101,71,72,52,0,0,"[4, 2, 3, 1, 0]",40-120
50,40,11,116,197,173,171,177,1,1,"[4, 2, 3, 1, 0]",100-200
50,40,12,27,15,48,25,18,2,2,"[4, 2, 3, 1, 0]",10-50
50,40,13,155,198,200,120,102,1,2,"[4, 2, 3, 1, 0]",100-200
50,40,14,37,47,28,35,31,1,1,"[4, 2, 3, 1, 0]",10-50
50,40,15,102,82,56,100,58,3,3,"[4, 2, 3, 1, 0]",40-120
50,40,16,144,120,116,182,121,3,3,"[4, 2, 3, 1, 0]",100-200
50,40,17,70,42,67,67,88,0,4,"[4, 2, 3, 1, 0]",40-120
50,40,18,56,106,95,83,119,4,4,"[4, 2, 3, 1, 0]",40-120
50,40,19,57,68,109,96,83,2,2,"[4, 2, 3, 1, 0]",40-120
50,40,20,387,390,359,305,217,1,1,"[4, 2, 3, 1, 0]",150-400
50,40,21,156,372,370,354,182,2,2,"[4, 2, 3, 1, 0]",150-400
50,40,22,21,31,17,20,11,1,1,"[4, 2, 3, 1, 0]",10-50
50,40,23,292,237,253,241,373,4,4,"[4, 2, 3, 1, 0]",150-400
50,40,24,76,47,102,73,68,0,2,"[4, 2, 3, 1, 0]",40-120
50,40,25,129,123,144,110,179,4,4,"[4, 2, 3, 1, 0]",100-200
50,40,26,51,110,108,84,102,1,1,"[4, 2, 3, 1, 0]",40-120
50,40,27,185,170,162,170,132,0,0,"[4, 2, 3, 1, 0]",100-200
50,40,28,142,183,111,165,194,4,4,"[4, 2, 3, 1, 0]",100-200
50,40,29,213,306,340,310,305,4,2,"[4, 2, 3, 1, 0]",150-400
50,40,30,15,29,46,19,13,2,2,"[4, 2, 3, 1, 0]",10-50
50,40,31,60,72,97,43,119,4,4,"[4, 2, 3, 1, 0]",40-120
50,40,32,11,29,23,10,50,4,4,"[4, 2, 3, 1, 0]",10-50
50,40,33,100,101,105,179,123,4,3,"[4, 2, 3, 1, 0]",100-200
50,40,34,104,73,101,47,75,0,0,"[4, 2, 3, 1, 0]",40-120
50,40,35,174,155,178,199,176,3,3,"[4, 2, 3, 1, 0]",100-200
50,40,36,50,16,12,41,28,0,0,"[4, 2, 3, 1, 0]",10-50
50,40,37,44,29,27,35,19,3,0,"[4, 2, 3, 1, 0]",10-50
50,40,38,72,103,88,92,43,3,1,"[4, 2, 3, 1, 0]",40-120
50,40,39,373,351,281,309,361,0,0,"[4, 2, 3, 1, 0]",150-400
50,40,40,169,169,161,183,132,0,3,"[4, 2, 3, 1, 0]",100-200
50,40,41,15,25,17,41,31,3,3,"[4, 2, 3, 1, 0]",10-50
50,40,42,295,395,291,368,247,3,1,"[4, 2, 3, 1, 0]",150-400
50,40,43,18,44,14,48,22,3,3,"[4, 2, 3, 1, 0]",10-50
50,40,44,81,43,119,96,109,2,4,"[4, 2, 3, 1, 0]",40-120
50,40,45,103,73,78,98,41,3,0,"[4, 2, 3, 1, 0]",40-120
50,40,46,95,115,49,43,51,1,1,"[4, 2, 3, 1, 0]",40-120
50,40,47,40,45,39,26,46,1,4,"[4, 2, 3, 1, 0]",10-50
50,40,48,170,247,223,343,183,3,3,"[4, 2, 3, 1, 0]",150-400
50,40,49,32,20,30,17,50,4,4,"[4, 2, 3, 1, 0]",10-50
50,41,0,51,49,64,58,94,3,4,"[0, 3, 2, 4, 1]",40-120
50,41,1,108,76,47,105,73,0,3,"[0, 3, 2, 4, 1]",40-120
50,41,2,50,41,86,93,107,4,4,"[0, 3, 2, 4, 1]",40-120
50,41,3,50,35,14,24,42,0,0,"[0, 3, 2, 4, 1]",10-50
50,41,4,51,90,88,48,40,2,2,"[0, 3, 2, 4, 1]",40-120
50,41,5,22,38,23,50,45,3,3,"[0, 3, 2, 4, 1]",10-50
50,41,6,114,200,107,161,100,1,1,"[0, 3, 2, 4, 1]",100-200
50,41,7,32,11,48,49,16,3,3,"[0, 3, 2, 4, 1]",10-50
50,41,8,12,19,29,48,46,4,3,"[0, 3, 2, 4, 1]",10-50
50,41,9,189,160,171,109,174,0,0,"[0, 3, 2, 4, 1]",100-200
50,41,10,42,36,27,14,48,4,4,"[0, 3, 2, 4, 1]",10-50
50,41,11,173,132,179,130,200,4,4,"[0, 3, 2, 4, 1]",100-200
50,41,12,92,83,120,46,93,2,2,"[0, 3, 2, 4, 1]",40-120
50,41,13,42,25,29,48,39,0,3,"[0, 3, 2, 4, 1]",10-50
50,41,14,91,63,60,106,118,3,4,"[0, 3, 2, 4, 1]",40-120
50,41,15,292,155,274,362,177,3,3,"[0, 3, 2, 4, 1]",150-400
50,41,16,183,127,196,122,155,2,2,"[0, 3, 2, 4, 1]",100-200
50,41,17,212,269,333,338,193,2,3,"[0, 3, 2, 4, 1]",150-400
50,41,18,25,40,15,38,45,1,4,"[0, 3, 2, 4, 1]",10-50
50,41,19,41,118,74,103,90,1,1,"[0, 3, 2, 4, 1]",40-120
50,41,20,378,276,240,229,300,0,0,"[0, 3, 2, 4, 1]",150-400
50,41,21,154,166,182,173,132,3,2,"[0, 3, 2, 4, 1]",100-200
50,41,22,138,143,135,144,161,3,3,"[0, 3, 2, 4, 1]",100-200
50,41,23,116,73,103,62,57,0,0,"[0, 3, 2, 4, 1]",40-120
50,41,24,15,34,11,38,32,1,3,"[0, 3, 2, 4, 1]",10-50
50,41,25,41,33,25,37,23,0,3,"[0, 3, 2, 4, 1]",10-50
50,41,26,156,153,152,117,121,1,2,"[0, 3, 2, 4, 1]",100-200
50,41,27,22,48,48,35,40,1,2,"[0, 3, 2, 4, 1]",10-50
50,41,28,225,340,260,227,221,1,1,"[0, 3, 2, 4, 1]",150-400
50,41,29,92,89,95,98,69,3,3,"[0, 3, 2, 4, 1]",40-120
50,41,30,72,113,45,95,85,0,1,"[0, 3, 2, 4, 1]",40-120
50,41,31,157,174,164,166,186,0,4,"[0, 3, 2, 4, 1]",100-200
50,41,32,76,115,110,68,47,2,1,"[0, 3, 2, 4, 1]",40-120
50,41,33,107,114,71,97,101,1,1,"[0, 3, 2, 4, 1]",40-120
50,41,34,57,107,86,57,43,1,1,"[0, 3, 2, 4, 1]",40-120
50,41,35,37,23,50,41,23,2,2,"[0, 3, 2, 4, 1]",10-50
50,41,36,154,108,126,151,195,4,4,"[0, 3, 2, 4, 1]",100-200
50,41,37,171,188,125,164,135,1,1,"[0, 3, 2, 4, 1]",100-200
50,41,38,70,66,53,45,60,4,0,"[0, 3, 2, 4, 1]",40-120
50,41,39,35,12,30,46,16,3,3,"[0, 3, 2, 4, 1]",10-50
50,41,40,219,159,204,282,355,4,4,"[0, 3, 2, 4, 1]",150-400
50,41,41,38,15,38,13,42,4,4,"[0, 3, 2, 4, 1]",10-50
50,41,42,249,256,307,281,238,3,2,"[0, 3, 2, 4, 1]",150-400
50,41,43,24,19,40,13,11,2,2,"[0, 3, 2, 4, 1]",10-50
50,41,44,82,118,50,96,106,4,1,"[0, 3, 2, 4, 1]",40-120
50,41,45,110,140,117,136,159,4,4,"[0, 3, 2, 4, 1]",100-200
50,41,46,385,334,150,370,211,0,0,"[0, 3, 2, 4, 1]",150-400
50,41,47,315,289,238,180,179,2,0,"[0, 3, 2, 4, 1]",150-400
50,41,48,12,10,40,33,37,2,2,"[0, 3, 2, 4, 1]",10-50
50,41,49,141,101,173,120,107,2,2,"[0, 3, 2, 4, 1]",100-200
50,42,0,49,39,38,44,46,0,0,"[1, 4, 2, 0, 3]",10-50
50,42,1,119,132,153,153,183,3,3,"[1, 4, 2, 0, 3]",100-200
50,42,2,98,64,75,41,91,0,0,"[1, 4, 2, 0, 3]",40-120
50,42,3,20,22,18,39,18,0,0,"[1, 4, 2, 0, 3]",10-50
50,42,4,108,59,117,40,102,2,2,"[1, 4, 2, 0, 3]",40-120
50,42,5,45,35,30,33,41,4,4,"[1, 4, 2, 0, 3]",10-50
50,42,6,154,251,377,245,285,2,2,"[1, 4, 2, 0, 3]",150-400
50,42,7,48,32,32,42,28,3,3,"[1, 4, 2, 0, 3]",10-50
50,42,8,13,50,48,24,27,1,1,"[1, 4, 2, 0, 3]",10-50
50,42,9,114,61,63,120,85,0,0,"[1, 4, 2, 0, 3]",40-120
50,42,10,109,57,116,88,83,2,2,"[1, 4, 2, 0, 3]",40-120
50,42,11,103,173,163,168,102,3,3,"[1, 4, 2, 0, 3]",100-200
50,42,12,52,119,71,71,58,1,1,"[1, 4, 2, 0, 3]",40-120
50,42,13,61,79,113,95,46,1,1,"[1, 4, 2, 0, 3]",40-120
50,42,14,61,82,119,119,84,2,2,"[1, 4, 2, 0, 3]",40-120
50,42,15,75,70,65,46,107,3,3,"[1, 4, 2, 0, 3]",40-120
50,42,16,193,111,140,125,138,0,0,"[1, 4, 2, 0, 3]",100-200
50,42,17,118,55,56,78,119,4,4,"[1, 4, 2, 0, 3]",40-120
50,42,18,23,42,19,25,22,1,1,"[1, 4, 2, 0, 3]",10-50
50,42,19,141,200,192,182,188,1,1,"[1, 4, 2, 0, 3]",100-200
50,42,20,128,198,172,141,183,1,1,"[1, 4, 2, 0, 3]",100-200
50,42,21,109,63,103,67,111,4,4,"[1, 4, 2, 0, 3]",40-120
50,42,22,193,189,291,195,306,4,4,"[1, 4, 2, 0, 3]",150-400
50,42,23,274,216,176,169,252,1,1,"[1, 4, 2, 0, 3]",150-400
50,42,24,216,338,238,398,296,1,1,"[1, 4, 2, 0, 3]",150-400
50,42,25,20,12,44,31,19,3,3,"[1, 4, 2, 0, 3]",10-50
50,42,26,12,37,33,38,22,1,1,"[1, 4, 2, 0, 3]",10-50
50,42,27,113,59,71,95,66,0,0,"[1, 4, 2, 0, 3]",40-120
50,42,28,159,105,144,102,169,0,0,"[1, 4, 2, 0, 3]",100-200
50,42,29,167,169,189,200,120,3,3,"[1, 4, 2, 0, 3]",100-200
50,42,30,42,32,25,26,25,0,0,"[1, 4, 2, 0, 3]",10-50
50,42,31,104,99,102,111,84,3,3,"[1, 4, 2, 0, 3]",40-120
50,42,32,56,119,108,108,95,1,1,"[1, 4, 2, 0, 3]",40-120
50,42,33,173,127,152,184,181,0,0,"[1, 4, 2, 0, 3]",100-200
50,42,34,22,26,49,12,27,2,2,"[1, 4, 2, 0, 3]",10-50
50,42,35,91,85,103,84,119,4,4,"[1, 4, 2, 0, 3]",40-120
50,42,36,36,22,22,35,35,4,4,"[1, 4, 2, 0, 3]",10-50
50,42,37,39,14,33,40,33,3,3,"[1, 4, 2, 0, 3]",10-50
50,42,38,169,111,128,177,200,4,4,"[1, 4, 2, 0, 3]",100-200
50,42,39,17,26,49,28,13,2,2,"[1, 4, 2, 0, 3]",10-50
50,42,40,169,171,180,127,100,2,2,"[1, 4, 2, 0, 3]",100-200
50,42,41,141,106,124,100,189,4,4,"[1, 4, 2, 0, 3]",100-200
50,42,42,40,41,13,26,50,4,4,"[1, 4, 2, 0, 3]",10-50
50,42,43,290,151,157,235,282,0,0,"[1, 4, 2, 0, 3]",150-400
50,42,44,15,22,46,13,13,2,2,"[1, 4, 2, 0, 3]",10-50
50,42,45,96,94,79,112,99,3,3,"[1, 4, 2, 0, 3]",40-120
50,42,46,255,243,211,338,308,4,4,"[1, 4, 2, 0, 3]",150-400
50,42,47,121,187,198,179,145,2,2,"[1, 4, 2, 0, 3]",100-200
50,42,48,157,281,337,381,177,3,3,"[1, 4, 2, 0, 3]",150-400
50,42,49,175,191,233,250,198,2,2,"[1, 4, 2, 0, 3]",150-400
50,43,0,42,11,43,33,16,0,2,"[3, 0, 2, 1, 4]",10-50
50,43,1,104,98,81,68,47,2,0,"[3, 0, 2, 1, 4]",40-120
50,43,2,24,45,48,34,36,2,2,"[3, 0, 2, 1, 4]",10-50
50,43,3,39,45,44,40,36,0,2,"[3, 0, 2, 1, 4]",10-50
50,43,4,175,172,117,108,133,4,0,"[3, 0, 2, 1, 4]",100-200
50,43,5,35,36,34,13,49,4,4,"[3, 0, 2, 1, 4]",10-50
50,43,6,14,10,40,20,35,4,2,"[3, 0, 2, 1, 4]",10-50
50,43,7,36,26,33,22,23,1,0,"[3, 0, 2, 1, 4]",10-50
50,43,8,248,212,384,333,188,2,2,"[3, 0, 2, 1, 4]",150-400
50,43,9,364,289,153,210,167,0,0,"[3, 0, 2, 1, 4]",150-400
50,43,10,60,112,65,62,67,1,1,"[3, 0, 2, 1, 4]",40-120
50,43,11,114,47,92,98,95,3,0,"[3, 0, 2, 1, 4]",40-120
50,43,12,147,117,156,158,189,4,4,"[3, 0, 2, 1, 4]",100-200
50,43,13,65,113,70,92,67,1,1,"[3, 0, 2, 1, 4]",40-120
50,43,14,40,20,25,50,48,4,3,"[3, 0, 2, 1, 4]",10-50
50,43,15,184,121,129,188,128,3,3,"[3, 0, 2, 1, 4]",100-200
50,43,16,41,100,91,99,58,3,3,"[3, 0, 2, 1, 4]",40-120
50,43,17,103,177,156,155,177,1,1,"[3, 0, 2, 1, 4]",100-200
50,43,18,10,45,19,42,32,1,3,"[3, 0, 2, 1, 4]",10-50
50,43,19,25,44,48,42,32,2,2,"[3, 0, 2, 1, 4]",10-50
50,43,20,36,48,17,40,20,1,1,"[3, 0, 2, 1, 4]",10-50
50,43,21,174,337,257,155,300,2,1,"[3, 0, 2, 1, 4]",150-400
50,43,22,58,61,81,58,99,2,4,"[3, 0, 2, 1, 4]",40-120
50,43,23,156,188,158,197,118,3,3,"[3, 0, 2, 1, 4]",100-200
50,43,24,146,200,159,112,100,1,1,"[3, 0, 2, 1, 4]",100-200
50,43,25,180,180,189,176,128,0,2,"[3, 0, 2, 1, 4]",100-200
50,43,26,150,287,348,383,399,3,4,"[3, 0, 2, 1, 4]",150-400
50,43,27,105,115,77,43,62,0,1,"[3, 0, 2, 1, 4]",40-120
50,43,28,84,83,51,92,46,3,3,"[3, 0, 2, 1, 4]",40-120
50,43,29,23,36,38,47,11,3,3,"[3, 0, 2, 1, 4]",10-50
50,43,30,326,151,292,216,247,0,0,"[3, 0, 2, 1, 4]",150-400
50,43,31,42,118,97,53,40,1,1,"[3, 0, 2, 1, 4]",40-120
50,43,32,64,58,40,73,49,3,3,"[3, 0, 2, 1, 4]",40-120
50,43,33,76,44,44,57,51,0,0,"[3, 0, 2, 1, 4]",40-120
50,43,34,119,116,110,74,51,0,0,"[3, 0, 2, 1, 4]",40-120
50,43,35,36,14,16,21,34,4,0,"[3, 0, 2, 1, 4]",10-50
50,43,36,191,146,103,184,168,0,3,"[3, 0, 2, 1, 4]",100-200
50,43,37,208,276,286,176,386,4,4,"[3, 0, 2, 1, 4]",150-400
50,43,38,142,185,169,147,198,1,4,"[3, 0, 2, 1, 4]",100-200
50,43,39,41,56,55,95,101,4,3,"[3, 0, 2, 1, 4]",40-120
50,43,40,119,75,100,87,105,4,0,"[3, 0, 2, 1, 4]",40-120
50,43,41,29,34,13,48,13,3,3,"[3, 0, 2, 1, 4]",10-50
50,43,42,12,23,50,31,30,2,2,"[3, 0, 2, 1, 4]",10-50
50,43,43,37,35,12,41,11,0,3,"[3, 0, 2, 1, 4]",10-50
50,43,44,212,343,179,260,229,1,1,"[3, 0, 2, 1, 4]",150-400
50,43,45,81,45,111,97,47,2,2,"[3, 0, 2, 1, 4]",40-120
50,43,46,100,161,133,152,199,4,4,"[3, 0, 2, 1, 4]",100-200
50,43,47,113,161,183,172,114,2,2,"[3, 0, 2, 1, 4]",100-200
50,43,48,269,153,276,299,157,3,3,"[3, 0, 2, 1, 4]",150-400
50,43,49,161,129,194,187,155,2,2,"[3, 0, 2, 1, 4]",100-200
50,44,0,184,128,112,197,191,4,4,"[3, 2, 0, 1, 4]",100-200
50,44,1,84,62,103,47,60,2,2,"[3, 2, 0, 1, 4]",40-120
50,44,2,41,43,11,19,28,1,1,"[3, 2, 0, 1, 4]",10-50
50,44,3,97,48,72,82,65,3,0,"[3, 2, 0, 1, 4]",40-120
50,44,4,313,226,306,398,227,3,3,"[3, 2, 0, 1, 4]",150-400
50,44,5,63,58,71,74,48,3,2,"[3, 2, 0, 1, 4]",40-120
50,44,6,154,103,145,100,146,0,0,"[3, 2, 0, 1, 4]",100-200
50,44,7,74,85,56,56,58,0,1,"[3, 2, 0, 1, 4]",40-120
50,44,8,104,62,98,44,58,2,0,"[3, 2, 0, 1, 4]",40-120
50,44,9,42,16,35,26,27,2,0,"[3, 2, 0, 1, 4]",10-50
50,44,10,24,10,16,40,28,3,3,"[3, 2, 0, 1, 4]",10-50
50,44,11,35,48,33,40,28,1,1,"[3, 2, 0, 1, 4]",10-50
50,44,12,119,93,57,107,66,0,0,"[3, 2, 0, 1, 4]",40-120
50,44,13,229,306,371,296,210,2,2,"[3, 2, 0, 1, 4]",150-400
50,44,14,147,167,152,171,116,1,1,"[3, 2, 0, 1, 4]",100-200
50,44,15,100,106,63,82,94,1,1,"[3, 2, 0, 1, 4]",40-120
50,44,16,370,295,151,168,281,0,0,"[3, 2, 0, 1, 4]",150-400
50,44,17,311,251,242,320,205,0,3,"[3, 2, 0, 1, 4]",150-400
50,44,18,29,21,28,38,12,3,3,"[3, 2, 0, 1, 4]",10-50
50,44,19,168,127,184,106,199,4,4,"[3, 2, 0, 1, 4]",100-200
50,44,20,37,24,20,42,49,4,4,"[3, 2, 0, 1, 4]",10-50
50,44,21,116,111,172,179,176,3,4,"[3, 2, 0, 1, 4]",100-200
50,44,22,12,12,24,17,47,4,4,"[3, 2, 0, 1, 4]",10-50
50,44,23,199,184,353,154,381,4,4,"[3, 2, 0, 1, 4]",150-400
50,44,24,154,143,101,159,118,1,0,"[3, 2, 0, 1, 4]",100-200
50,44,25,22,30,22,12,32,1,4,"[3, 2, 0, 1, 4]",10-50
50,44,26,62,78,94,115,74,3,3,"[3, 2, 0, 1, 4]",40-120
50,44,27,132,143,160,160,190,4,4,"[3, 2, 0, 1, 4]",100-200
50,44,28,57,109,100,110,42,2,1,"[3, 2, 0, 1, 4]",40-120
50,44,29,355,348,289,292,165,1,1,"[3, 2, 0, 1, 4]",150-400
50,44,30,174,158,396,336,316,2,2,"[3, 2, 0, 1, 4]",150-400
50,44,31,30,21,47,30,25,2,2,"[3, 2, 0, 1, 4]",10-50
50,44,32,112,87,69,46,91,4,0,"[3, 2, 0, 1, 4]",40-120
50,44,33,21,27,10,13,10,4,1,"[3, 2, 0, 1, 4]",10-50
50,44,34,179,138,194,106,105,2,2,"[3, 2, 0, 1, 4]",100-200
50,44,35,41,70,54,44,65,1,1,"[3, 2, 0, 1, 4]",40-120
50,44,36,132,160,173,200,148,3,3,"[3, 2, 0, 1, 4]",100-200
50,44,37,62,77,79,114,97,3,3,"[3, 2, 0, 1, 4]",40-120
50,44,38,233,208,276,369,355,3,3,"[3, 2, 0, 1, 4]",150-400
50,44,39,177,157,193,122,147,2,2,"[3, 2, 0, 1, 4]",100-200
50,44,40,23,39,14,14,48,4,4,"[3, 2, 0, 1, 4]",10-50
50,44,41,47,26,19,27,32,0,0,"[3, 2, 0, 1, 4]",10-50
50,44,42,104,72,62,97,103,4,4,"[3, 2, 0, 1, 4]",40-120
50,44,43,117,110,79,102,101,0,1,"[3, 2, 0, 1, 4]",40-120
50,44,44,54,112,78,44,59,1,1,"[3, 2, 0, 1, 4]",40-120
50,44,45,33,14,35,25,15,0,2,"[3, 2, 0, 1, 4]",10-50
50,44,46,50,29,23,37,39,0,0,"[3, 2, 0, 1, 4]",10-50
50,44,47,35,43,48,13,13,2,2,"[3, 2, 0, 1, 4]",10-50
50,44,48,188,190,170,111,175,1,1,"[3, 2, 0, 1, 4]",100-200
50,44,49,199,164,104,148,141,0,0,"[3, 2, 0, 1, 4]",100-200
50,45,0,67,79,57,119,88,3,3,"[1, 4, 0, 3, 2]",40-120
50,45,1,27,15,29,24,43,4,4,"[1, 4, 0, 3, 2]",10-50
50,45,2,61,104,107,112,86,2,2,"[1, 4, 0, 3, 2]",40-120
50,45,3,52,110,46,51,54,1,1,"[1, 4, 0, 3, 2]",40-120
50,45,4,175,135,157,110,197,4,4,"[1, 4, 0, 3, 2]",100-200
50,45,5,327,298,153,340,300,4,0,"[1, 4, 0, 3, 2]",150-400
50,45,6,109,198,145,153,172,1,1,"[1, 4, 0, 3, 2]",100-200
50,45,7,71,100,100,108,73,2,1,"[1, 4, 0, 3, 2]",40-120
50,45,8,100,105,69,46,97,0,1,"[1, 4, 0, 3, 2]",40-120
50,45,9,399,347,313,319,300,1,0,"[1, 4, 0, 3, 2]",150-400
50,45,10,114,46,48,45,114,4,4,"[1, 4, 0, 3, 2]",40-120
50,45,11,20,34,31,13,20,2,1,"[1, 4, 0, 3, 2]",10-50
50,45,12,271,199,244,372,384,4,4,"[1, 4, 0, 3, 2]",150-400
50,45,13,13,16,36,29,40,3,4,"[1, 4, 0, 3, 2]",10-50
50,45,14,49,21,14,29,22,0,0,"[1, 4, 0, 3, 2]",10-50
50,45,15,93,64,69,95,60,2,0,"[1, 4, 0, 3, 2]",40-120
50,45,16,82,46,112,50,79,2,2,"[1, 4, 0, 3, 2]",40-120
50,45,17,49,25,27,43,24,0,0,"[1, 4, 0, 3, 2]",10-50
50,45,18,173,170,158,119,140,0,0,"[1, 4, 0, 3, 2]",100-200
50,45,19,147,164,108,192,110,1,3,"[1, 4, 0, 3, 2]",100-200
50,45,20,135,187,108,200,154,3,1,"[1, 4, 0, 3, 2]",100-200
50,45,21,173,133,175,184,179,2,4,"[1, 4, 0, 3, 2]",100-200
50,45,22,36,13,44,15,32,2,2,"[1, 4, 0, 3, 2]",10-50
50,45,23,42,48,43,44,47,3,1,"[1, 4, 0, 3, 2]",10-50
50,45,24,104,83,72,54,72,0,0,"[1, 4, 0, 3, 2]",40-120
50,45,25,86,47,92,103,57,3,2,"[1, 4, 0, 3, 2]",40-120
50,45,26,158,175,128,167,102,0,1,"[1, 4, 0, 3, 2]",100-200
50,45,27,309,206,392,277,226,2,2,"[1, 4, 0, 3, 2]",150-400
50,45,28,75,98,54,42,64,1,1,"[1, 4, 0, 3, 2]",40-120
50,45,29,61,44,93,109,41,3,3,"[1, 4, 0, 3, 2]",40-120
50,45,30,372,216,383,313,376,0,2,"[1, 4, 0, 3, 2]",150-400
50,45,31,199,166,255,393,265,3,3,"[1, 4, 0, 3, 2]",150-400
50,45,32,264,284,177,219,188,0,1,"[1, 4, 0, 3, 2]",150-400
50,45,33,26,38,28,33,49,4,4,"[1, 4, 0, 3, 2]",10-50
50,45,34,16,47,40,42,25,1,1,"[1, 4, 0, 3, 2]",10-50
50,45,35,41,36,41,14,22,2,2,"[1, 4, 0, 3, 2]",10-50
50,45,36,143,119,114,156,135,4,0,"[1, 4, 0, 3, 2]",100-200
50,45,37,101,106,154,195,124,3,3,"[1, 4, 0, 3, 2]",100-200
50,45,38,111,112,175,196,135,3,3,"[1, 4, 0, 3, 2]",100-200
50,45,39,15,42,12,34,40,1,1,"[1, 4, 0, 3, 2]",10-50
50,45,40,28,49,50,43,42,1,2,"[1, 4, 0, 3, 2]",10-50
50,45,41,86,91,82,41,101,4,4,"[1, 4, 0, 3, 2]",40-120
50,45,42,327,308,266,357,296,1,3,"[1, 4, 0, 3, 2]",150-400
50,45,43,144,138,182,150,113,2,2,"[1, 4, 0, 3, 2]",100-200
50,45,44,99,69,91,58,87,0,0,"[1, 4, 0, 3, 2]",40-120
50,45,45,46,22,21,15,25,0,0,"[1, 4, 0, 3, 2]",10-50
50,45,46,19,25,39,19,44,4,4,"[1, 4, 0, 3, 2]",10-50
50,45,47,39,34,44,36,23,3,2,"[1, 4, 0, 3, 2]",10-50
50,45,48,158,184,153,105,197,1,4,"[1, 4, 0, 3, 2]",100-200
50,45,49,62,91,79,92,93,4,4,"[1, 4, 0, 3, 2]",40-120
50,46,0,163,186,192,103,104,2,2,"[4, 0, 2, 1, 3]",100-200
50,46,1,111,134,187,106,143,4,2,"[4, 0, 2, 1, 3]",100-200
50,46,2,96,110,102,81,40,2,1,"[4, 0, 2, 1, 3]",40-120
50,46,3,16,11,25,14,46,4,4,"[4, 0, 2, 1, 3]",10-50
50,46,4,200,206,169,208,339,4,4,"[4, 0, 2, 1, 3]",150-400
50,46,5,316,323,243,185,285,0,1,"[4, 0, 2, 1, 3]",150-400
50,46,6,96,47,43,106,88,3,3,"[4, 0, 2, 1, 3]",40-120
50,46,7,186,148,180,197,128,3,3,"[4, 0, 2, 1, 3]",100-200
50,46,8,165,249,200,242,217,2,1,"[4, 0, 2, 1, 3]",150-400
50,46,9,313,187,330,341,227,3,2,"[4, 0, 2, 1, 3]",150-400
50,46,10,48,50,22,21,12,1,1,"[4, 0, 2, 1, 3]",10-50
50,46,11,109,64,90,84,49,0,0,"[4, 0, 2, 1, 3]",40-120
50,46,12,31,33,35,17,18,1,2,"[4, 0, 2, 1, 3]",10-50
50,46,13,48,115,93,101,62,1,1,"[4, 0, 2, 1, 3]",40-120
50,46,14,179,129,160,166,112,1,0,"[4, 0, 2, 1, 3]",100-200
50,46,15,69,50,64,54,107,4,4,"[4, 0, 2, 1, 3]",40-120
50,46,16,10,47,39,13,41,1,1,"[4, 0, 2, 1, 3]",10-50
50,46,17,37,43,37,35,47,4,4,"[4, 0, 2, 1, 3]",10-50
50,46,18,91,44,80,57,116,4,4,"[4, 0, 2, 1, 3]",40-120
50,46,19,48,48,48,42,43,0,2,"[4, 0, 2, 1, 3]",10-50
50,46,20,10,42,11,42,19,3,3,"[4, 0, 2, 1, 3]",10-50
50,46,21,27,24,47,32,35,2,2,"[4, 0, 2, 1, 3]",10-50
50,46,22,26,25,41,26,27,2,2,"[4, 0, 2, 1, 3]",10-50
50,46,23,16,18,50,46,14,2,2,"[4, 0, 2, 1, 3]",10-50
50,46,24,106,44,85,89,67,0,0,"[4, 0, 2, 1, 3]",40-120
50,46,25,42,60,102,78,88,2,2,"[4, 0, 2, 1, 3]",40-120
50,46,26,30,29,20,15,12,3,0,"[4, 0, 2, 1, 3]",10-50
50,46,27,304,331,161,188,295,4,1,"[4, 0, 2, 1, 3]",150-400
50,46,28,61,91,61,46,91,2,4,"[4, 0, 2, 1, 3]",40-120
50,46,29,42,33,19,37,11,0,0,"[4, 0, 2, 1, 3]",10-50
50,46,30,33,47,40,12,22,1,1,"[4, 0, 2, 1, 3]",10-50
50,46,31,49,45,101,108,66,3,3,"[4, 0, 2, 1, 3]",40-120
50,46,32,194,198,169,103,121,1,0,"[4, 0, 2, 1, 3]",100-200
50,46,33,153,143,157,165,151,4,2,"[4, 0, 2, 1, 3]",100-200
50,46,34,62,115,65,83,109,4,4,"[4, 0, 2, 1, 3]",40-120
50,46,35,164,185,198,178,138,2,2,"[4, 0, 2, 1, 3]",100-200
50,46,36,155,122,148,142,141,3,0,"[4, 0, 2, 1, 3]",100-200
50,46,37,44,94,83,63,89,1,4,"[4, 0, 2, 1, 3]",40-120
50,46,38,119,193,135,180,114,1,1,"[4, 0, 2, 1, 3]",100-200
50,46,39,60,53,91,119,83,3,3,"[4, 0, 2, 1, 3]",40-120
50,46,40,300,321,336,358,274,2,3,"[4, 0, 2, 1, 3]",150-400
50,46,41,169,158,114,199,195,3,4,"[4, 0, 2, 1, 3]",100-200
50,46,42,194,134,172,168,120,0,0,"[4, 0, 2, 1, 3]",100-200
50,46,43,105,67,44,108,44,0,3,"[4, 0, 2, 1, 3]",40-120
50,46,44,36,14,32,33,43,0,4,"[4, 0, 2, 1, 3]",10-50
50,46,45,182,130,157,151,113,0,0,"[4, 0, 2, 1, 3]",100-200
50,46,46,16,38,38,48,37,3,3,"[4, 0, 2, 1, 3]",10-50
50,46,47,152,354,265,364,203,1,3,"[4, 0, 2, 1, 3]",150-400
50,46,48,272,189,169,165,231,0,0,"[4, 0, 2, 1, 3]",150-400
50,46,49,60,50,51,54,101,4,4,"[4, 0, 2, 1, 3]",40-120
50,47,0,27,16,44,36,37,2,2,"[1, 2, 4, 3, 0]",10-50
50,47,1,116,50,46,47,60,0,0,"[1, 2, 4, 3, 0]",40-120
50,47,2,133,199,200,111,191,2,1,"[1, 2, 4, 3, 0]",100-200
50,47,3,169,200,180,169,154,1,1,"[1, 2, 4, 3, 0]",100-200
50,47,4,14,11,11,23,38,4,4,"[1, 2, 4, 3, 0]",10-50
50,47,5,68,74,52,93,95,4,4,"[1, 2, 4, 3, 0]",40-120
50,47,6,21,19,13,10,29,4,4,"[1, 2, 4, 3, 0]",10-50
50,47,7,27,43,21,40,35,1,1,"[1, 2, 4, 3, 0]",10-50
50,47,8,38,40,30,29,32,3,0,"[1, 2, 4, 3, 0]",10-50
50,47,9,200,157,146,196,150,3,0,"[1, 2, 4, 3, 0]",100-200
50,47,10,19,48,11,24,41,4,1,"[1, 2, 4, 3, 0]",10-50
50,47,11,93,120,63,94,109,1,1,"[1, 2, 4, 3, 0]",40-120
50,47,12,172,106,147,195,200,4,4,"[1, 2, 4, 3, 0]",100-200
50,47,13,55,79,56,62,95,4,4,"[1, 2, 4, 3, 0]",40-120
50,47,14,141,101,183,126,102,2,2,"[1, 2, 4, 3, 0]",100-200
50,47,15,67,43,120,80,109,2,2,"[1, 2, 4, 3, 0]",40-120
50,47,16,44,80,72,56,91,1,4,"[1, 2, 4, 3, 0]",40-120
50,47,17,57,62,89,53,76,2,2,"[1, 2, 4, 3, 0]",40-120
50,47,18,184,104,189,165,136,0,0,"[1, 2, 4, 3, 0]",100-200
50,47,19,30,42,13,13,14,1,1,"[1, 2, 4, 3, 0]",10-50
50,47,20,129,136,160,196,127,3,3,"[1, 2, 4, 3, 0]",100-200
50,47,21,49,25,14,23,30,0,0,"[1, 2, 4, 3, 0]",10-50
50,47,22,80,40,97,95,58,2,2,"[1, 2, 4, 3, 0]",40-120
50,47,23,10,44,35,49,37,3,3,"[1, 2, 4, 3, 0]",10-50
50,47,24,61,52,82,76,82,3,2,"[1, 2, 4, 3, 0]",40-120
50,47,25,203,380,364,376,161,1,1,"[1, 2, 4, 3, 0]",150-400
50,47,26,43,20,33,20,27,0,0,"[1, 2, 4, 3, 0]",10-50
50,47,27,178,126,103,126,132,0,0,"[1, 2, 4, 3, 0]",100-200
50,47,28,256,186,304,324,204,2,3,"[1, 2, 4, 3, 0]",150-400
50,47,29,265,174,260,199,399,4,4,"[1, 2, 4, 3, 0]",150-400
50,47,30,25,50,40,23,43,1,1,"[1, 2, 4, 3, 0]",10-50
50,47,31,117,107,54,69,92,0,0,"[1, 2, 4, 3, 0]",40-120
50,47,32,182,198,149,187,189,0,1,"[1, 2, 4, 3, 0]",100-200
50,47,33,334,207,350,342,368,0,4,"[1, 2, 4, 3, 0]",150-400
50,47,34,147,176,134,188,179,1,3,"[1, 2, 4, 3, 0]",100-200
50,47,35,63,110,69,104,115,4,4,"[1, 2, 4, 3, 0]",40-120
50,47,36,273,236,263,308,287,4,3,"[1, 2, 4, 3, 0]",150-400
50,47,37,29,17,20,29,25,3,0,"[1, 2, 4, 3, 0]",10-50
50,47,38,110,175,123,133,172,4,1,"[1, 2, 4, 3, 0]",100-200
50,47,39,111,69,50,62,67,0,0,"[1, 2, 4, 3, 0]",40-120
50,47,40,60,91,57,62,99,1,4,"[1, 2, 4, 3, 0]",40-120
50,47,41,354,379,163,377,326,3,3,"[1, 2, 4, 3, 0]",150-400
50,47,42,43,31,16,29,24,0,0,"[1, 2, 4, 3, 0]",10-50
50,47,43,66,60,104,102,96,3,2,"[1, 2, 4, 3, 0]",40-120
50,47,44,178,140,105,127,139,3,0,"[1, 2, 4, 3, 0]",100-200
50,47,45,327,361,379,317,385,2,2,"[1, 2, 4, 3, 0]",150-400
50,47,46,209,359,368,312,376,1,2,"[1, 2, 4, 3, 0]",150-400
50,47,47,42,38,23,14,23,2,0,"[1, 2, 4, 3, 0]",10-50
50,47,48,51,67,45,96,92,3,3,"[1, 2, 4, 3, 0]",40-120
50,47,49,28,41,41,19,22,2,1,"[1, 2, 4, 3, 0]",10-50
50,48,0,50,19,43,32,49,0,0,"[3, 0, 1, 4, 2]",10-50
50,48,1,390,362,169,173,362,0,0,"[3, 0, 1, 4, 2]",150-400
50,48,2,107,164,168,162,187,4,4,"[3, 0, 1, 4, 2]",100-200
50,48,3,319,267,316,201,346,4,4,"[3, 0, 1, 4, 2]",150-400
50,48,4,227,389,234,197,335,1,1,"[3, 0, 1, 4, 2]",150-400
50,48,5,343,189,261,337,247,0,0,"[3, 0, 1, 4, 2]",150-400
50,48,6,290,223,390,159,183,2,2,"[3, 0, 1, 4, 2]",150-400
50,48,7,46,89,64,59,47,1,1,"[3, 0, 1, 4, 2]",40-120
50,48,8,85,64,86,69,90,4,4,"[3, 0, 1, 4, 2]",40-120
50,48,9,39,24,28,30,42,0,4,"[3, 0, 1, 4, 2]",10-50
50,48,10,47,20,28,41,14,3,0,"[3, 0, 1, 4, 2]",10-50
50,48,11,171,173,159,154,130,3,1,"[3, 0, 1, 4, 2]",100-200
50,48,12,118,67,95,117,88,3,3,"[3, 0, 1, 4, 2]",40-120
50,48,13,137,148,179,122,164,4,2,"[3, 0, 1, 4, 2]",100-200
50,48,14,82,71,104,108,43,2,3,"[3, 0, 1, 4, 2]",40-120
50,48,15,13,39,30,15,41,1,1,"[3, 0, 1, 4, 2]",10-50
50,48,16,111,157,114,136,190,4,4,"[3, 0, 1, 4, 2]",100-200
50,48,17,190,128,196,128,133,2,2,"[3, 0, 1, 4, 2]",100-200
50,48,18,10,31,34,18,27,4,2,"[3, 0, 1, 4, 2]",10-50
50,48,19,114,65,51,51,107,4,0,"[3, 0, 1, 4, 2]",40-120
50,48,20,64,85,80,86,106,4,4,"[3, 0, 1, 4, 2]",40-120
50,48,21,48,44,39,20,20,1,0,"[3, 0, 1, 4, 2]",10-50
50,48,22,177,123,197,131,122,2,2,"[3, 0, 1, 4, 2]",100-200
50,48,23,74,64,92,45,101,2,4,"[3, 0, 1, 4, 2]",40-120
50,48,24,12,21,16,29,25,2,3,"[3, 0, 1, 4, 2]",10-50
50,48,25,91,118,95,117,63,1,1,"[3, 0, 1, 4, 2]",40-120
50,48,26,33,43,49,20,46,1,2,"[3, 0, 1, 4, 2]",10-50
50,48,27,186,190,143,151,114,1,1,"[3, 0, 1, 4, 2]",100-200
50,48,28,14,21,21,41,24,3,3,"[3, 0, 1, 4, 2]",10-50
50,48,29,194,192,163,154,165,0,0,"[3, 0, 1, 4, 2]",100-200
50,48,30,152,114,179,106,127,0,2,"[3, 0, 1, 4, 2]",100-200
50,48,31,39,19,37,15,47,4,4,"[3, 0, 1, 4, 2]",10-50
50,48,32,120,105,170,104,155,2,2,"[3, 0, 1, 4, 2]",100-200
50,48,33,112,180,181,177,141,3,3,"[3, 0, 1, 4, 2]",100-200
50,48,34,36,44,10,30,48,4,4,"[3, 0, 1, 4, 2]",10-50
50,48,35,274,247,251,384,156,3,3,"[3, 0, 1, 4, 2]",150-400
50,48,36,46,38,50,24,15,2,2,"[3, 0, 1, 4, 2]",10-50
50,48,37,103,111,60,77,49,0,1,"[3, 0, 1, 4, 2]",40-120
50,48,38,112,97,77,63,48,0,0,"[3, 0, 1, 4, 2]",40-120
50,48,39,46,12,18,12,20,0,0,"[3, 0, 1, 4, 2]",10-50
50,48,40,368,395,180,266,400,1,4,"[3, 0, 1, 4, 2]",150-400
50,48,41,41,63,78,40,53,2,2,"[3, 0, 1, 4, 2]",40-120
50,48,42,21,27,36,13,25,2,2,"[3, 0, 1, 4, 2]",10-50
50,48,43,60,47,50,107,107,3,3,"[3, 0, 1, 4, 2]",40-120
50,48,44,29,38,17,48,47,3,3,"[3, 0, 1, 4, 2]",10-50
50,48,45,87,103,58,80,87,3,1,"[3, 0, 1, 4, 2]",40-120
50,48,46,62,113,46,100,40,1,1,"[3, 0, 1, 4, 2]",40-120
50,48,47,116,169,159,129,116,1,1,"[3, 0, 1, 4, 2]",100-200
50,48,48,152,273,371,400,259,3,3,"[3, 0, 1, 4, 2]",150-400
50,48,49,119,115,53,48,41,0,0,"[3, 0, 1, 4, 2]",40-120
50,49,0,307,235,398,394,345,3,3,"[3, 4, 2, 0, 1]",150-400
50,49,1,144,163,166,168,170,3,3,"[3, 4, 2, 0, 1]",100-200
50,49,2,23,46,38,20,32,2,2,"[3, 4, 2, 0, 1]",10-50
50,49,3,41,36,15,35,20,1,1,"[3, 4, 2, 0, 1]",10-50
50,49,4,53,56,103,41,62,1,1,"[3, 4, 2, 0, 1]",40-120
50,49,5,378,221,382,160,377,4,4,"[3, 4, 2, 0, 1]",150-400
50,49,6,58,91,66,71,57,0,0,"[3, 4, 2, 0, 1]",40-120
50,49,7,66,69,83,41,108,4,4,"[3, 4, 2, 0, 1]",40-120
50,49,8,140,172,134,126,120,1,1,"[3, 4, 2, 0, 1]",100-200
50,49,9,317,201,198,201,253,4,4,"[3, 4, 2, 0, 1]",150-400
50,49,10,99,107,62,43,97,0,0,"[3, 4, 2, 0, 1]",40-120
50,49,11,370,247,230,291,189,3,3,"[3, 4, 2, 0, 1]",150-400
50,49,12,58,91,73,112,80,3,3,"[3, 4, 2, 0, 1]",40-120
50,49,13,177,141,110,114,158,0,0,"[3, 4, 2, 0, 1]",100-200
50,49,14,169,125,123,110,149,4,4,"[3, 4, 2, 0, 1]",100-200
50,49,15,111,112,52,79,110,1,1,"[3, 4, 2, 0, 1]",40-120
50,49,16,101,135,113,144,149,1,1,"[3, 4, 2, 0, 1]",100-200
50,49,17,225,379,339,361,288,1,1,"[3, 4, 2, 0, 1]",150-400
50,49,18,350,189,268,267,152,2,2,"[3, 4, 2, 0, 1]",150-400
50,49,19,60,87,44,94,113,4,4,"[3, 4, 2, 0, 1]",40-120
50,49,20,118,125,108,186,141,3,3,"[3, 4, 2, 0, 1]",100-200
50,49,21,98,102,61,44,98,1,1,"[3, 4, 2, 0, 1]",40-120
50,49,22,14,30,25,10,21,2,2,"[3, 4, 2, 0, 1]",10-50
50,49,23,165,167,117,114,102,0,0,"[3, 4, 2, 0, 1]",100-200
50,49,24,319,162,363,308,174,2,2,"[3, 4, 2, 0, 1]",150-400
50,49,25,34,42,39,44,20,3,3,"[3, 4, 2, 0, 1]",10-50
50,49,26,39,50,34,28,14,1,1,"[3, 4, 2, 0, 1]",10-50
50,49,27,154,127,197,146,182,2,2,"[3, 4, 2, 0, 1]",100-200
50,49,28,118,104,112,48,106,2,2,"[3, 4, 2, 0, 1]",40-120
50,49,29,15,42,27,28,43,4,4,"[3, 4, 2, 0, 1]",10-50
50,49,30,32,15,25,23,31,4,4,"[3, 4, 2, 0, 1]",10-50
50,49,31,93,94,105,56,63,2,2,"[3, 4, 2, 0, 1]",40-120
50,49,32,41,47,24,29,35,1,1,"[3, 4, 2, 0, 1]",10-50
50,49,33,30,20,26,40,14,3,3,"[3, 4, 2, 0, 1]",10-50
50,49,34,144,115,143,137,186,4,4,"[3, 4, 2, 0, 1]",100-200
50,49,35,68,63,61,113,43,3,3,"[3, 4, 2, 0, 1]",40-120
50,49,36,42,23,20,35,26,0,0,"[3, 4, 2, 0, 1]",10-50
50,49,37,10,42,17,49,48,3,3,"[3, 4, 2, 0, 1]",10-50
50,49,38,15,15,30,11,37,4,4,"[3, 4, 2, 0, 1]",10-50
50,49,39,143,171,156,160,147,2,2,"[3, 4, 2, 0, 1]",100-200
50,49,40,126,190,121,137,165,1,1,"[3, 4, 2, 0, 1]",100-200
50,49,41,112,45,97,42,48,0,0,"[3, 4, 2, 0, 1]",40-120
50,49,42,376,342,223,311,251,0,0,"[3, 4, 2, 0, 1]",150-400
50,49,43,89,48,109,83,49,2,2,"[3, 4, 2, 0, 1]",40-120
50,49,44,116,56,60,103,117,4,4,"[3, 4, 2, 0, 1]",40-120
50,49,45,47,18,42,32,29,0,0,"[3, 4, 2, 0, 1]",10-50
50,49,46,44,63,88,114,100,3,3,"[3, 4, 2, 0, 1]",40-120
50,49,47,176,105,165,139,123,0,0,"[3, 4, 2, 0, 1]",100-200
50,49,48,17,38,45,18,33,2,2,"[3, 4, 2, 0, 1]",10-50
50,49,49,46,42,32,29,10,0,0,"[3, 4, 2, 0, 1]",10-50
